product_key,stock_code,description
2,10002,INFLATABLE POLITICAL GLOBE
71,16169P,WRAP GREEN RUSSIAN FOLKART
72,16202A,PASTEL PINK PHOTO ALBUM
73,16202B,PASTEL BLUE PHOTO ALBUM
74,16202E,BLACK PHOTO ALBUM
75,16206B,RED PURSE WITH PINK HEART
76,16207A,PINK STRAWBERRY HANDBAG
77,16207B,PINK HEART RED HANDBAG
78,16216,LETTER SHAPE PENCIL SHARPENER
79,16218,CARTOON  PENCIL SHARPENERS
80,16219,HOUSE SHAPE PENCIL SHARPENER
81,16225,RATTLE SNAKE EGGS
82,16235,RECYCLED PENCIL WITH RABBIT ERASER
83,16236,KITTY PENCIL ERASERS
84,16237,SLEEPING CAT ERASERS
85,16238,PARTY TIME PENCIL ERASERS
86,16244B,MAXWELL 2 TONE BLUE 60 PAGE PHOTO A
87,16248B,BLUE HOLE PUNCH
88,16254,TRANSPARENT ACRYLIC TAPE DISPENSER
89,16258A,SWIRLY CIRCULAR RUBBERS IN BAG
90,16259,PIECE OF CAMO STATIONERY SET
91,17001,HEAVENS SCENT FRAGRANCE OILS ASSTD
92,17003,BROCADE RING PURSE
93,17007B,S/3 POT POURI CUSHIONS BLUE COLOURS
94,17011A,
95,17011F,ORIGAMI SANDLEWOOD INCENSE+FLOWER
96,17012A,ORIGAMI VANILLA INCENSE/CANDLE SET
97,17012B,ORIGAMI JASMINE INCENSE/CANDLE SET
98,17012C,ORIGAMI LAVENDER INCENSE/CANDL SET
99,17012D,ORIGAMI ROSE INCENSE/CANDLE SET
100,17012E,ORIGAMI OPIUM INCENSE/CANDLE SET
101,17012F,ORIGAMI SANDLEWOOD INCENSE/CAND SET
102,17013D,ORIGAMI ROSE INCENSE IN TUBE
103,17014A,ORIGAMI VANILLA INCENSE CONES
104,17021,NAMASTE SWAGAT INCENSE
105,17028J,INCENSE BAZAAR PEACH
106,17038,PORCELAIN BUDAH INCENSE HOLDER
107,17084A,TRANQUILITY MASALA INCENSE
108,17084J,LOVE POTION MASALA INCENSE
109,17084N,FAIRY DREAMS INCENSE
110,17084P,DRAGONS BLOOD INCENSE
111,17084R,ASSORTED INCENSE PACK
112,17090A,LAVENDER INCENSE 40 CONES IN TIN
113,17090D,VANILLA INCENSE 40 CONES IN TIN
114,17091A,LAVENDER INCENSE IN TIN
115,17091J,VANILLA INCENSE IN TIN
116,17096,ASSORTED LAQUERED INCENSE HOLDERS
117,17107D,"FLOWER FAIRY,5 SUMMER B'DRAW LINERS"
118,17109D,FLOWER FAIRY INCENSE BOUQUET
119,17129F,BLUE GLASS GEMS IN BAG
120,17136A,BLUE STONES ON WIRE FOR CANDLE
121,17164B,ASS COL SMALL SAND GECKO P'WEIGHT
122,17165D,ASS COL LARGE SAND FROG P'WEIGHT
123,17174,ASSTD RASTA KEY-CHAINS
124,17191A,ROSE FLOWER CANDLE+INCENSE 16X16CM
125,18007,ESSENTIAL BALM 3.5g TIN IN ENVELOPE
126,18094C,WHITE AND BLUE CERAMIC OIL BURNER
127,18097A,PINK TALL PORCELAIN T-LIGHT HOLDER
128,18097C,WHITE TALL PORCELAIN T-LIGHT HOLDER
129,18098c,PORCELAIN BUTTERFLY OIL BURNER
130,18098C,PORCELAIN BUTTERFLY OIL BURNER
131,20615,BLUE POLKADOT PASSPORT COVER
132,20616,CHERRY BLOSSOM PASSPORT COVER
133,20617,FIRST CLASS PASSPORT COVER
134,20618,QUEEN OF THE SKIES PASSPORT COVER
135,20619,TROPICAL PASSPORT COVER
136,20622,VIPPASSPORT COVER
137,20652,BLUE POLKADOT LUGGAGE TAG
138,20653,CHERRY BLOSSOM LUGGAGE TAG
139,20654,FIRST CLASS LUGGAGE TAG
140,20655,QUEEN OF SKIES LUGGAGE TAG
141,20657,TROPICAL LUGGAGE TAG
142,20658,RED RETROSPOT LUGGAGE TAG
143,20659,ECONOMY LUGGAGE TAG
144,20661,BLUE POLKADOT PURSE
145,20662,FIRST CLASS HOLIDAY PURSE
146,20663,QUEEN OF THE SKIES HOLIDAY PURSE
147,20664,TROPICAL HOLIDAY PURSE
148,20665,RED RETROSPOT PURSE
149,20666,ECONOMY HOLIDAY PURSE
150,20667,CHERRY BLOSSOM PURSE
151,20668,DISCO BALL CHRISTMAS DECORATION
152,20669,RED HEART LUGGAGE TAG
153,20670,VIP HOLIDAY PURSE
154,20671,BLUE TEATIME PRINT BOWL
155,20674,GREEN POLKADOT BOWL
156,20675,BLUE POLKADOT BOWL
157,20676,RED RETROSPOT BOWL
158,20677,PINK POLKADOT BOWL
159,20678,LARGE BLACK DIAMANTE HAIRSLIDE
160,20679,EDWARDIAN PARASOL RED
161,20681,PINK POLKADOT CHILDRENS UMBRELLA
162,20682,RED RETROSPOT CHILDRENS UMBRELLA
163,20684,STRAWBERRY DREAM CHILDS UMBRELLA
164,20685,DOORMAT RED RETROSPOT
165,20686,DOLLY MIXTURE CHILDREN'S UMBRELLA
166,20689,
167,20694,FLORAL PINK MONSTER
168,20695,FLORAL BLUE MONSTER
169,20696,FLORAL SOFT CAR TOY
170,20697,LITTLE GREEN MONSTER SOFT TOY
171,20698,LITTLE PINK MONSTER SOFT TOY
172,20699,MOUSEY LONG LEGS SOFT TOY
173,20700,GREEN CAT FLORAL CUSHION COVER
174,20701,PINK CAT FLORAL CUSHION COVER
175,20702,PINK PADDED MOBILE
62,16161P,WRAP ENGLISH ROSE
176,20703,BLUE PADDED SOFT MOBILE
177,20704,MR ROBOT SOFT TOY
178,20705,MRS ROBOT SOFT TOY
179,20707,CRAZY DAISY HEART DECORATION
180,20711,JUMBO BAG TOYS
181,20712,JUMBO BAG WOODLAND ANIMALS
182,20713,JUMBO BAG OWLS
183,20716,PARTY FOOD SHOPPER BAG
184,20717,STRAWBERRY SHOPPER BAG
185,20718,RED RETROSPOT SHOPPER BAG
186,20719,WOODLAND CHARLOTTE BAG
187,20723,STRAWBERRY CHARLOTTE BAG
188,20724,RED RETROSPOT CHARLOTTE BAG
189,20725,LUNCH BAG RED RETROSPOT
190,20726,LUNCH BAG WOODLAND
191,20727,LUNCH BAG  BLACK SKULL.
192,20728,LUNCH BAG CARS BLUE
193,20731,POSY CANDY BAG
194,20733,GOLD MINI TAPE MEASURE
195,20734,SILVER MINI TAPE MEASURE
196,20735,BLACK MINI TAPE MEASURE
197,20738,
198,20748,KENSINGTON COFFEE SET
199,20749,ASSORTED COLOUR MINI CASES
200,20750,RED RETROSPOT MINI CASES
201,20751,FUNKY WASHING UP GLOVES ASSORTED
202,20752,BLUE POLKADOT WASHING UP GLOVES
203,20754,RETROSPOT RED WASHING UP GLOVES
204,20755,BLUE PAISLEY POCKET BOOK
205,20756,GREEN FERN POCKET BOOK
206,20757,RED DAISY POCKET BOOK
207,20758,ABSTRACT CIRCLES POCKET BOOK
208,20759,CHRYSANTHEMUM POCKET BOOK
209,20760,GARDEN PATH POCKET BOOK
210,20761,BLUE PAISLEY SKETCHBOOK
211,20762,GREEN FERN SKETCHBOOK
212,20763,DAISY SKETCHBOOK
213,20764,ABSTRACT CIRCLES SKETCHBOOK
214,20765,CHRYSANTHEMUM SKETCHBOOK
215,20766,GARDEN PATH SKETCHBOOK
216,20767,BLUE PAISLEY JOURNAL
217,20768,GREEN FERN JOURNAL
218,20769,DAISY JOURNAL
219,20770,ABSTRACT CIRCLE JOURNAL
220,20771,CHRYSANTHEMUM  JOURNAL
221,20772,GARDEN PATH JOURNAL
222,20773,BLUE PAISLEY NOTEBOOK
223,20774,GREEN FERN NOTEBOOK
224,20775,DAISY NOTEBOOK
225,20777,CHRYSANTHEMUM NOTEBOOK
226,20778,GARDEN PATH NOTEBOOK
227,20780,BLACK EAR MUFF HEADPHONES
228,20781,GOLD EAR MUFF HEADPHONES
229,20782,CAMOUFLAGE EAR MUFF HEADPHONES
230,20785,FUSCHIA RETRO BAR STOOL
231,20793,BLUE TILED TRAY
232,20794,BLUE  TILE HOOK
233,20795,LARGE BLUE PROVENCAL CERAMIC BALL
234,20796,SMALL BLUE PROVENCAL CERAMIC BALL
235,20798,CLEAR MILKSHAKE GLASS
236,20801,LARGE PINK GLASS SUNDAE DISH
237,20802,SMALL GLASS SUNDAE DISH CLEAR
238,20803,SMALL PINK GLASS SUNDAE DISH
239,20816,GOLD FLOWER CUSHION COVER
241,20819,SILVER TEDDY BEAR
242,20820,SILVER LOOKING MIRROR
243,20821,GOLDIE LOOKING MIRROR
244,20823,GOLD WINE GOBLET
245,20825,
246,20826,SILVER APERITIF GLASS
247,20827,GOLD APERITIF GLASS
248,20828,GLITTER BUTTERFLY CLIPS
249,20829,GLITTER HANGING BUTTERFLY STRING
250,20830,SILVER PHOTO FRAME
251,20831,GOLD PHOTO FRAME
252,20832,RED FLOCK LOVE HEART PHOTO FRAME
253,20835,FRENCH LATTICE CUSHION COVER
254,20836,FRENCH PAISLEY CUSHION COVER
255,20837,FRENCH FLORAL CUSHION COVER
256,20838,FRENCH LATTICE CUSHION COVER
257,20839,FRENCH PAISLEY CUSHION COVER
258,20840,FRENCH FLORAL CUSHION COVER
259,20845,ZINC HEART LATTICE 2 WALL PLANTER
260,20846,ZINC HEART LATTICE T-LIGHT HOLDER
261,20847,ZINC HEART LATTICE CHARGER LARGE
262,20848,ZINC HEART LATTICE CHARGER SMALL
263,20849,
264,20850,
265,20851,ZINC HEART LATTICE TRAY OVAL
266,20854,BLUE PATCH PURSE PINK HEART
267,20856,DENIM PATCH PURSE PINK BUTTERFLY
268,20857,BLUE ROSE PATCH PURSE PINK BUTTERFL
269,20860,GOLD COSMETICS BAG WITH BUTTERFLY
270,20861,GOLD COSMETIC BAG PINK STAR
271,20863,
272,20864,
273,20866,BLUE ROSE FABRIC MIRROR
274,20867,PINK ROSE FABRIC MIRROR
275,20868,SILVER FABRIC MIRROR
276,20869,GOLD FABRIC MIRROR
277,20871,OPULENT VELVET SET/3 CANDLES
278,20878,SET/9 CHRISTMAS T-LIGHTS SCENTED
279,20886,BOX OF 9 PEBBLE CANDLES
280,20892,SET/3 TALL GLASS CANDLE HOLDER PINK
281,20893,HANGING BAUBLE T-LIGHT HOLDER SMALL
282,20894,HANGING BAUBLE T-LIGHT HOLDER LARGE
283,20896,
284,20897,VINTAGE NOTEBOOK PARIS DAYS
285,20898,VINTAGE NOTEBOOK TRAVELOGUE
286,20901,VINTAGE KEEPSAKE BOX PINK FLOWER
287,20902,VINTAGE KEEPSAKE BOX PARIS DAYS
288,20903,VINTAGE KEEPSAKE BOX TRAVELOGUE
289,20906,VINTAGE NOTEBOOK BEAUTY GIRL
290,20910,VINTAGE PHOTO ALBUM PARIS DAYS
291,20914,SET/5 RED RETROSPOT LID GLASS BOWLS
292,20931,BLUE POT PLANT CANDLE
63,16161U,WRAP SUKI AND FRIENDS
240,20818,GOLD TEDDY BEAR
293,20932,PINK POT PLANT CANDLE
294,20933,YELLOW POT PLANT CANDLE
295,20934,SET/3 POT PLANT CANDLES
296,20935,ROUND CACTUS CANDLE
297,20936,FORKED CACTUS CANDLE
298,20941,FROG CANDLE
299,20950,
300,20954,*USB Office Mirror Ball
301,20956,PORCELAIN T-LIGHT HOLDERS ASSORTED
302,20957,PORCELAIN HANGING BELL SMALL
303,20960,WATERMELON BATH SPONGE
304,20961,STRAWBERRY BATH SPONGE
305,20963,APPLE BATH SPONGE
306,20964,POLYESTER FILLER PAD 60x40cm
307,20966,SANDWICH BATH SPONGE
308,20967,GREY FLORAL FELTCRAFT SHOULDER BAG
309,20969,RED FLORAL FELTCRAFT SHOULDER BAG
310,20970,PINK FLORAL FELTCRAFT SHOULDER BAG
311,20971,PINK BLUE FELT CRAFT TRINKET BOX
312,20972,PINK CREAM FELT CRAFT TRINKET BOX
313,20973,12 PENCIL SMALL TUBE WOODLAND
314,20974,12 PENCILS SMALL TUBE SKULL
315,20975,12 PENCILS SMALL TUBE RED RETROSPOT
316,20977,36 PENCILS TUBE WOODLAND
317,20978,36 PENCILS TUBE SKULLS
318,20979,36 PENCILS TUBE RED RETROSPOT
319,20980,36 PENCILS TUBE POSY
320,20981,12 PENCILS TALL TUBE WOODLAND
321,20982,12 PENCILS TALL TUBE SKULLS
322,20983,12 PENCILS TALL TUBE RED RETROSPOT
323,20984,12 PENCILS TALL TUBE POSY
324,20985,HEART CALCULATOR
325,20986,BLUE CALCULATOR RULER
326,20992,JAZZ HEARTS PURSE NOTEBOOK
327,20996,JAZZ HEARTS ADDRESS BOOK
328,20997,ROSE DU SUD CUSHION COVER
329,20998,ROSE DU SUD OVEN GLOVE
330,21000,ROSE DU SUD COSMETICS BAG
331,21001,ROSE DU SUD WASHBAG
332,21002,ROSE DU SUD DRAWSTRING BAG
333,21003,ROSE DU SUD CUSHION COVER
334,21009,ETCHED GLASS STAR TREE DECORATION
335,21011,GLITTER SNOW PEAR TREE DECORATION
336,21012,ANTIQUE ALL GLASS CANDLESTICK
337,21014,SWISS CHALET TREE DECORATION
338,21015,DARK BIRD HOUSE TREE DECORATION
339,21018,BIRD BOX CHRISTMAS TREE DECORATION
340,21025,SPACE FROG
341,21026,SPACE OWL
342,21027,NINJA RABBIT PINK
343,21028,NINJA RABBIT BLACK
344,21030,SPACE CADET RED
345,21031,SPACE CADET BLACK
346,21032,SPACE CADET WHITE
347,21033,JUMBO BAG CHARLIE AND LOLA TOYS
348,21034,REX CASH+CARRY JUMBO SHOPPER
349,21035,SET/2 RED RETROSPOT TEA TOWELS
350,21038,SET/4 MODERN VINTAGE COTTON NAPKINS
351,21039,RED RETROSPOT SHOPPING BAG
352,21040,MODERN VINTAGE COTTON SHOPPING BAG
353,21041,RED RETROSPOT OVEN GLOVE DOUBLE
354,21042,RED RETROSPOT APRON
355,21043,APRON MODERN VINTAGE COTTON
356,21051,RIBBONS PURSE
357,21054,NURSE'S BAG SOFT TOY
358,21055,TOOL BOX SOFT TOY
359,21056,DOCTOR'S BAG SOFT TOY
360,21058,PARTY INVITES WOODLAND
361,21059,PARTY INVITES DINOSAURS
362,21060,PARTY INVITES BALLOON GIRL
363,21061,PARTY INVITES FOOTBALL
364,21062,PARTY INVITES SPACEMAN
365,21063,PARTY INVITES JAZZ HEARTS
366,21064,BOOM BOX SPEAKER BOYS
367,21065,BOOM BOX SPEAKER GIRLS
368,21066,VINTAGE RED MUG
369,21067,VINTAGE RED TEATIME MUG
370,21068,VINTAGE BILLBOARD LOVE/HATE MUG
371,21069,VINTAGE BILLBOARD TEA MUG
372,21070,VINTAGE BILLBOARD MUG
373,21071,VINTAGE BILLBOARD DRINK ME MUG
374,21078,SET/20 STRAWBERRY PAPER NAPKINS
375,21080,SET/20 RED RETROSPOT PAPER NAPKINS
376,21082,SET/20 FRUIT SALAD PAPER NAPKINS
377,21084,SET/6 COLLAGE PAPER CUPS
378,21086,SET/6 RED SPOTTY PAPER CUPS
379,21087,SET/6 POSIES PAPER CUPS
380,21088,SET/6 FRUIT SALAD PAPER CUPS
381,21089,SET/6 GREEN SPRING PAPER CUPS
382,21090,SET/6 COLLAGE PAPER PLATES
383,21094,SET/6 RED SPOTTY PAPER PLATES
384,21095,SET/6 POSIES PAPER PLATES
385,21096,SET/6 FRUIT SALAD  PAPER PLATES
386,21098,CHRISTMAS TOILET ROLL
387,21100,CHARLIE AND LOLA CHARLOTTE BAG
388,21106,CREAM SLICE FLANNEL CHOCOLATE SPOT
389,21107,CREAM SLICE FLANNEL PINK SPOT
390,21108,FAIRY CAKE FLANNEL ASSORTED COLOUR
391,21109,LARGE CAKE TOWEL CHOCOLATE SPOTS
392,21110,LARGE CAKE TOWEL PINK SPOTS
393,21111,"SWISS ROLL TOWEL, CHOCOLATE  SPOTS"
394,21112,"SWISS ROLL TOWEL, PINK  SPOTS"
395,21114,LAVENDER SCENTED FABRIC HEART
396,21115,ROSE CARAVAN DOORSTOP
397,21116,OWL DOORSTOP
398,21117,BLOND DOLL DOORSTOP
399,21120,*Boombox Ipod Classic
400,21121,SET/10 RED POLKADOT PARTY CANDLES
401,21122,SET/10 PINK POLKADOT PARTY CANDLES
402,21123,SET/10 IVORY POLKADOT PARTY CANDLES
64,16162L,THE KING GIFT BAG
403,21124,SET/10 BLUE POLKADOT PARTY CANDLES
404,21125,SET 6 FOOTBALL CELEBRATION CANDLES
405,21126,SET OF 6 GIRLS CELEBRATION CANDLES
406,21128,GOLD FISHING GNOME
407,21129,SILVER FISHING GNOME
408,21131,GOLD STANDING GNOME
409,21132,SILVER STANDING GNOME
410,21134,
411,21135,VICTORIAN  METAL POSTCARD SPRING
412,21136,PAINTED METAL PEARS ASSORTED
413,21137,BLACK RECORD COVER FRAME
414,21143,ANTIQUE GLASS HEART DECORATION
415,21144,PINK POODLE HANGING DECORATION
416,21145,ANTIQUE GLASS PLACE SETTING
417,21147,JINGLE BELLS TREE DECORATION
418,21154,RED RETROSPOT OVEN GLOVE
419,21155,RED RETROSPOT PEG BAG
420,21156,RETROSPOT CHILDRENS APRON
421,21157,RED RETROSPOT WASHBAG
422,21158,MOODY GIRL DOOR HANGER
423,21159,MOODY BOY  DOOR HANGER
424,21160,KEEP OUT GIRLS DOOR HANGER
425,21161,KEEP OUT BOYS DOOR HANGER
426,21162,TOXIC AREA  DOOR HANGER
427,21163,DO NOT TOUCH MY STUFF DOOR HANGER
428,21164,HOME SWEET HOME METAL SIGN
429,21165,BEWARE OF THE CAT METAL SIGN
430,21166,COOK WITH WINE METAL SIGN
431,21167,WHITE SAGE INCENSE
432,21169,YOU'RE CONFUSING ME METAL SIGN
433,21171,BATHROOM METAL SIGN
435,21174,POTTERING IN THE SHED METAL SIGN
436,21175,GIN + TONIC DIET METAL SIGN
437,21179,NO JUNK MAIL METAL SIGN
438,21181,PLEASE ONE PERSON METAL SIGN
439,21186,WHITE DOVE HONEYCOMB PAPER GARLAND
440,21187,WHITE BELL HONEYCOMB PAPER GARLAND
441,21188,3D HEARTS  HONEYCOMB PAPER GARLAND
442,21189,WHITE HONEYCOMB PAPER GARLAND
443,21190,PINK HEARTS PAPER GARLAND
444,21191,LARGE WHITE HONEYCOMB PAPER BELL
445,21192,WHITE BELL HONEYCOMB PAPER
446,21194,PINK  HONEYCOMB PAPER FAN
447,21195,PINK  HONEYCOMB PAPER BALL
448,21196,ROUND WHITE CONFETTI IN TUBE
449,21197,MULTICOLOUR  CONFETTI IN TUBE
450,21198,WHITE HEART CONFETTI IN TUBE
451,21199,PINK  HEART CONFETTI IN TUBE
452,21200,MULTICOLOUR HONEYCOMB PAPER GARLAND
453,21201,TROPICAL  HONEYCOMB PAPER GARLAND
454,21202,DOLLY HONEYCOMB GARLAND
455,21204,DAISIES  HONEYCOMB GARLAND
456,21205,MULTICOLOUR 3D BALLS GARLAND
457,21206,STRAWBERRY HONEYCOMB  GARLAND
458,21207,SKULL AND CROSSBONES  GARLAND
459,21208,PASTEL COLOUR HONEYCOMB FAN
460,21209,MULTICOLOUR HONEYCOMB FAN
461,21210,SET OF 72 RETROSPOT PAPER  DOILIES
462,21211,SET OF 72 SKULL PAPER  DOILIES
463,21212,PACK OF 72 RETROSPOT CAKE CASES
464,21213,PACK OF 72 SKULL CAKE CASES
465,21215,IVORY PAPER CUP CAKE CASES
466,21216,"SET 3 RETROSPOT TEA,COFFEE,SUGAR"
467,21217,RED RETROSPOT ROUND CAKE TINS
468,21218,RED SPOTTY BISCUIT TIN
469,21219,SET/4 BADGES BALLOON GIRL
470,21220,SET/4 BADGES DOGS
471,21221,SET/4 BADGES CUTE CREATURES
472,21222,SET/4 BADGES BEETLES
473,21224,SET/4 SKULL BADGES
474,21226,POCKET MIRROR WOODLAND
475,21228,"POCKET MIRROR ""GLAMOROUS"""
476,21231,SWEETHEART CERAMIC TRINKET BOX
477,21232,STRAWBERRY CERAMIC TRINKET BOX
478,21238,RED RETROSPOT CUP
479,21239,PINK  POLKADOT CUP
480,21240,BLUE POLKADOT CUP
481,21242,RED RETROSPOT PLATE
482,21243,PINK  POLKADOT PLATE
483,21244,BLUE POLKADOT PLATE
484,21245,GREEN POLKADOT PLATE
485,21246,RED RETROSPOT BIG BOWL
486,21248,DOOR HANGER  MUM + DADS ROOM
487,21249,WOODLAND  HEIGHT CHART STICKERS
488,21250,SET OF SKULL WALL STICKERS
489,21251,DINOSAUR HEIGHT CHART STICKER SET
490,21253,SET OF PICTURE FRAME  STICKERS
491,21257,VICTORIAN SEWING BOX MEDIUM
492,21258,VICTORIAN SEWING BOX LARGE
493,21259,VICTORIAN SEWING BOX SMALL
494,21260,FIRST AID TIN
495,21261,GREEN GOOSE FEATHER CHRISTMAS TREE
496,21262,WHITE GOOSE FEATHER CHRISTMAS TREE
497,21263,GREEN GOOSE FEATHER TREE 60CM
498,21264,WHITE GOOSE FEATHER TREE 60CM
499,21265,PINK GOOSE FEATHER TREE 60CM
500,21268,VINTAGE BLUE TINSEL REEL
501,21269,ANTIQUE CREAM CUTLERY SHELF
502,21270,ANTIQUE CREAM CUTLERY CUPBOARD
503,21272,SALLE DE BAIN HOOK
504,21274,
505,21275,ZINC TOP  2 DOOR WOODEN SHELF
506,21277,FRENCH STYLE EMBOSSED HEART CABINET
507,21278,VINTAGE KITCHEN PRINT PUDDINGS
508,21279,VINTAGE KITCHEN PRINT FRUITS
509,21280,VINTAGE KITCHEN PRINT VEGETABLES
510,21281,VINTAGE KITCHEN PRINT SEAFOOD
511,21282,
512,21283,
513,21284,RETROSPOT CANDLE  SMALL
65,16162M,THE KING GIFT BAG 25x24x12cm
514,21285,RETROSPOT CANDLE  MEDIUM
515,21286,RETROSPOT CANDLE  LARGE
516,21287,SCENTED VELVET LOUNGE CANDLE
517,21288,STRIPEY CHOCOLATE NESTING BOXES
518,21289,LARGE STRIPES CHOCOLATE GIFT BAG
519,21291,SMALL POLKADOT CHOCOLATE GIFT BAG
520,21292,SMALL STRIPES CHOCOLATE GIFT BAG
521,21293,MIRRORED DOVE WALL DECORATION
522,21294,ETCHED GLASS COASTER
523,21306,SET/4 DAISY MIRROR MAGNETS
524,21307,SET/4 BUTTERFLY MIRROR MAGNETS
525,21310,CAPIZ CHANDELIER
526,21311,SET/4 BIRD MIRROR MAGNETS
527,21313,GLASS HEART T-LIGHT HOLDER
528,21314,SMALL GLASS HEART TRINKET POT
529,21316,SMALL CHUNKY GLASS ROMAN  BOWL
530,21317,GLASS SPHERE CANDLE STAND MEDIUM
532,21319,GLASS CHALICE GREEN  SMALL
533,21320,GLASS CHALICE GREEN  LARGE
534,21324,HANGING MEDINA LANTERN SMALL
535,21326,AGED GLASS SILVER T-LIGHT HOLDER
536,21327,SKULLS WRITING SET
537,21328,BALLOONS  WRITING SET
538,21329,DINOSAURS  WRITING SET
539,21330,
540,21331,MOROCCAN BEATEN METAL DISH LARGE
541,21332,MOROCCAN BEATEN METAL MIRROR
542,21333,CLASSIC WHITE FRAME
543,21336,GOLD WASHBAG
544,21337,
545,21340,CLASSIC METAL BIRDCAGE PLANT HOLDER
546,21344,MOROCCAN BEATEN METAL DISH
547,21348,PINK SPOTS CHOCOLATE NESTING BOXES
548,21349,IVY HEART WREATH
549,21351,CINAMMON & ORANGE WREATH
550,21352,EUCALYPTUS & PINECONE  WREATH
551,21354,TOAST ITS - BEST MUM
552,21355,TOAST ITS - I LOVE YOU
553,21356,TOAST ITS - FAIRY FLOWER
554,21357,TOAST ITS - DINOSAUR
555,21358,TOAST ITS - HAPPY BIRTHDAY
556,21359,RELAX LARGE WOOD LETTERS
557,21360,JOY LARGE WOOD LETTERS
558,21361,LOVE LARGE WOOD LETTERS
559,21363,HOME SMALL WOOD LETTERS
560,21364,PEACE SMALL WOOD LETTERS
561,21365,MIRRORED WALL ART STARS
562,21366,MIRRORED WALL ART PHOTO FRAMES
563,21367,MIRRORED WALL ART GENTS
564,21368,MIRRORED WALL ART LADIES
565,21369,MIRRORED WALL ART SPLODGES
566,21370,MIRRORED WALL ART FOXY
567,21371,MIRRORED WALL ART POPPIES
568,21372,MIRRORED WALL ART TABLE LAMP
569,21373,MIRRORED WALL ART SNOWFLAKES
570,21374,MIRRORED WALL ART SKULLS
571,21375,LARGE CAMPHOR WOOD FIELD MUSHROOM
572,21376,LARGE  TALL CAMPHOR WOOD TOADSTOOL
573,21377,SMALL CAMPHOR WOOD FIELD  MUSHROOM
574,21378,SMALL TALL CAMPHOR WOOD TOADSTOOL
575,21379,CAMPHOR WOOD PORTOBELLO MUSHROOM
576,21380,WOODEN HAPPY BIRTHDAY GARLAND
577,21381,MINI WOODEN HAPPY BIRTHDAY GARLAND
578,21382,SET/4 SPRING FLOWER DECORATION
579,21383,PACK OF 12 STICKY BUNNIES
580,21385,IVORY HANGING DECORATION  HEART
581,21386,IVORY HANGING DECORATION  EGG
582,21389,IVORY HANGING DECORATION  BIRD
583,21390,FILIGRIS HEART WITH BUTTERFLY
584,21391,FRENCH LAVENDER SCENT HEART
585,21392,RED POLKADOT PUDDING BOWL
586,21393,BLUE POLKADOT PUDDING BOWL
587,21394,RED POLKADOT BEAKER
588,21395,BLUE POLKADOT BEAKER
589,21397,BLUE POLKADOT EGG CUP
590,21398,RED POLKADOT COFFEE  MUG
591,21399,BLUE POLKADOT COFFEE MUG
592,21400,RED PUDDING SPOON
593,21401,BLUE PUDDING SPOON
594,21402,RED  EGG  SPOON
595,21403,BLUE EGG  SPOON
596,21407,BROWN CHECK CAT DOORSTOP
597,21408,SPOTTY PINK DUCK DOORSTOP
598,21410,COUNTRY COTTAGE  DOORSTOP GREEN
599,21411,GINGHAM HEART  DOORSTOP RED
600,21412,VINTAGE GOLD TINSEL REEL
601,21413,PERIWINKLE T-LIGHT HOLDER
602,21414,SCALLOP SHELL SOAP DISH
603,21415,CLAM SHELL SMALL
604,21416,CLAM SHELL LARGE
605,21417,COCKLE SHELL DISH
606,21418,STARFISH SOAP DISH
607,21420,OYSTER TRINKET BOX
608,21421,PORCELAIN ROSE LARGE
609,21422,PORCELAIN ROSE SMALL
610,21424,WOODLAND STORAGE BOX LARGE
611,21425,SKULLS STORAGE BOX LARGE
612,21426,WOODLAND STORAGE BOX SMALL
613,21427,SKULLS STORAGE BOX SMALL
614,21428,SET3 BOOK BOX GREEN GINGHAM FLOWER
615,21429,RED GINGHAM ROSE JEWELLERY BOX
616,21430,SET/3 RED GINGHAM ROSE STORAGE BOX
617,21431,
618,21432,
619,21439,BASKET OF TOADSTOOLS
620,21441,BLUE BIRDHOUSE DECORATION
621,21442,GREEN BIRDHOUSE DECORATION
622,21445,12 PINK ROSE PEG PLACE SETTINGS
623,21446,12 RED ROSE PEG PLACE SETTINGS
624,21447,12 IVORY ROSE PEG PLACE SETTINGS
625,21448,12 DAISY PEGS IN WOOD BOX
626,21452,TOADSTOOL MONEY BOX
627,21454,PAINTED PINK RABBIT
628,21455,PAINTED YELLOW WOODEN DAISY
629,21456,2 PICTURE BOOK EGGS EASTER CHICKS
630,21457,2 PICTURE BOOK EGGS EASTER DUCKS
631,21458,2 PICTURE BOOK EGGS EASTER BUNNY
632,21459,YELLOW EASTER EGG HUNT START POST
633,21460,GREEN EASTER EGG HUNT START POST
634,21461,BLUE EASTER EGG HUNT START POST
635,21462,"NURSERY A,B,C PAINTED LETTERS"
636,21463,MIRRORED DISCO BALL
637,21464,DISCO BALL ROTATOR BATTERY OPERATED
638,21465,PINK FLOWER CROCHET FOOD COVER
639,21466,RED FLOWER CROCHET FOOD COVER
640,21467,CHERRY CROCHET FOOD COVER
641,21468,BUTTERFLY CROCHET FOOD COVER
642,21469,POLKA DOT RAFFIA FOOD COVER
643,21470,FLOWER VINE RAFFIA FOOD COVER
644,21471,STRAWBERRY RAFFIA FOOD COVER
645,21472,LADYBIRD + BEE RAFFIA FOOD COVER
646,21473,SWEETHEART CREAM STEEL TABLE RECT
647,21474,
648,21476,STEEL SWEETHEART ROUND TABLE CREAM
649,21479,WHITE SKULL HOT WATER BOTTLE
650,21481,FAWN BLUE HOT WATER BOTTLE
651,21484,CHICK GREY HOT WATER BOTTLE
652,21485,RETROSPOT HEART HOT WATER BOTTLE
653,21486,PINK HEART DOTS HOT WATER BOTTLE
654,21488,RED WHITE SCARF  HOT WATER BOTTLE
655,21491,SET OF THREE VINTAGE GIFT WRAPS
656,21494,ROTATING LEAVES T-LIGHT HOLDER
657,21495,SKULLS AND CROSSBONES WRAP
658,21497,FANCY FONTS BIRTHDAY WRAP
659,21498,RED RETROSPOT WRAP
660,21499,BLUE POLKADOT WRAP
661,21500,PINK POLKADOT WRAP
662,21503,TOYBOX  WRAP
663,21504,SKULLS GREETING CARD
664,21506,"FANCY FONT BIRTHDAY CARD,"
665,21507,"ELEPHANT, BIRTHDAY CARD,"
666,21508,VINTAGE KID DOLLY CARD
667,21509,COWBOYS AND INDIANS BIRTHDAY CARD
668,21511,
669,21518,BANK ACCOUNT  GREETING  CARD
670,21519,GIN & TONIC DIET GREETING CARD
671,21520,BOOZE & WOMEN GREETING CARD
672,21523,DOORMAT FANCY FONT HOME SWEET HOME
673,21524,DOORMAT SPOTTY HOME SWEET HOME
674,21527,RED RETROSPOT TRADITIONAL TEAPOT
675,21528,DAIRY MAID TRADITIONAL TEAPOT
676,21530,DAIRY MAID TOASTRACK
677,21531,RED RETROSPOT SUGAR JAM BOWL
678,21533,RETROSPOT LARGE MILK JUG
679,21534,DAIRY MAID LARGE MILK JUG
680,21535,RED RETROSPOT SMALL MILK JUG
681,21537,RED RETROSPOT PUDDING BOWL
682,21538,DAIRY MAID  PUDDING BOWL
683,21539,RED RETROSPOT BUTTER DISH
684,21544,SKULLS  WATER TRANSFER TATTOOS
685,21547,CERAMIC BIRDHOUSE CRESTED TIT SMALL
686,21555,CERAMIC STRAWBERRY TRINKET TRAY
687,21556,CERAMIC STRAWBERRY MONEY BOX
688,21557,SET OF 6 FUNKY BEAKERS
689,21558,SKULL LUNCH BOX WITH CUTLERY
690,21559,STRAWBERRY LUNCH BOX WITH CUTLERY
691,21561,DINOSAUR LUNCH BOX WITH CUTLERY
692,21562,HAWAIIAN GRASS SKIRT
693,21563,RED HEART SHAPE LOVE BUCKET
694,21564,PINK  HEART SHAPE LOVE BUCKET
695,21576,LETS GO SHOPPING COTTON TOTE BAG
696,21577,SAVE THE PLANET COTTON TOTE BAG
697,21578,WOODLAND DESIGN  COTTON TOTE BAG
698,21579,LOLITA  DESIGN  COTTON TOTE BAG
699,21580,RABBIT  DESIGN  COTTON TOTE BAG
700,21581,SKULLS  DESIGN  COTTON TOTE BAG
701,21584,RETROSPOT SMALL TUBE MATCHES
702,21586,KINGS CHOICE GIANT TUBE MATCHES
703,21587,COSY HOUR GIANT TUBE MATCHES
704,21588,RETROSPOT GIANT TUBE MATCHES
705,21589,
706,21591,COSY HOUR CIGAR BOX MATCHES
707,21592,RETROSPOT CIGAR BOX MATCHES
708,21594,Dr. Jam's Arouzer Stress Ball
709,21595,Dad's Cab Electronic Meter
710,21609,SET 12 LAVENDER  BOTANICAL T-LIGHTS
711,21610,
712,21613,S/12 VANILLA  BOTANICAL T-LIGHTS
713,21614,SET OF 12 ROSE BOTANICAL T-LIGHTS
714,21615,4 LAVENDER BOTANICAL DINNER CANDLES
715,21616,4 PEAR BOTANICAL DINNER CANDLES
716,21617,4 LILY  BOTANICAL DINNER CANDLES
717,21618,4 WILDFLOWER BOTANICAL CANDLES
718,21619,4 VANILLA BOTANICAL CANDLES
719,21620,SET OF 4 ROSE BOTANICAL CANDLES
720,21621,VINTAGE UNION JACK BUNTING
721,21622,VINTAGE UNION JACK CUSHION COVER
722,21623,VINTAGE UNION JACK MEMOBOARD
723,21624,VINTAGE UNION JACK DOORSTOP
724,21625,VINTAGE UNION JACK APRON
725,21626,VINTAGE UNION JACK PENNANT
726,21627,ELEPHANT CARNIVAL POUFFE
727,21628,TRIANGULAR POUFFE VINTAGE
728,21629,SQUARE FLOOR CUSHION VINTAGE RED
729,21630,FLOOR CUSHION ELEPHANT CARNIVAL
730,21631,HIPPY CHIC DECORATIVE PARASOL
731,21632,VINTAGE PINK DECORATIVE PARASOL
732,21633,SUNFLOWER DECORATIVE PARASOL
733,21634,ASSORTED MINI MADRAS NOTEBOOK
734,21635,MADRAS NOTEBOOK LARGE
735,21636,MADRAS NOTEBOOK MEDIUM
736,21637,ASSORTED SANSKRIT MINI NOTEBOOK
737,21638,ASSORTED TUTTI FRUTTI NOTEBOOK
738,21640,ASSORTED TUTTI FRUTTI  FOB NOTEBOOK
739,21641,ASSORTED TUTTI FRUTTI KEYRING BALL
740,21642,ASSORTED TUTTI FRUTTI PEN
741,21643,ASSORTED TUTTI FRUTTI MIRROR
742,21644,ASSORTED TUTTI FRUTTI HEART BOX
743,21645,ASSORTED TUTTI FRUTTI ROUND BOX
744,21647,ASSORTED TUTTI FRUTTI LARGE PURSE
745,21648,ASSORTED TUTTI FRUTTI SMALL PURSE
746,21650,ASSORTED TUTTI FRUTTI BRACELET
747,21651,HANGING GLASS ETCHED TEALIGHT
748,21653,
749,21654,RIDGED GLASS FINGER BOWL
750,21655,HANGING RIDGE GLASS T-LIGHT HOLDER
751,21656,RIDGED GLASS POSY VASE
752,21657,MILK BOTTLE WITH GLASS STOPPER
753,21658,GLASS  BEURRE DISH
754,21661,VINTAGE GLASS TEA CADDY
755,21662,VINTAGE GLASS COFFEE CADDY
756,21664,RIDGED GLASS STORAGE JAR CREAM LID
757,21666,RIDGED GLASS T-LIGHT HOLDER
758,21667,GLASS CAKE COVER AND PLATE
759,21668,RED STRIPE CERAMIC DRAWER KNOB
760,21669,BLUE STRIPE CERAMIC DRAWER KNOB
761,21670,BLUE SPOT CERAMIC DRAWER KNOB
762,21671,RED SPOT CERAMIC DRAWER KNOB
763,21672,WHITE SPOT RED CERAMIC DRAWER KNOB
764,21673,WHITE SPOT BLUE CERAMIC DRAWER KNOB
765,21675,BUTTERFLIES STICKERS
766,21676,FLOWERS  STICKERS
767,21677,HEARTS  STICKERS
768,21678,PAISLEY PATTERN  STICKERS
769,21679,SKULLS  STICKERS
770,21680,WOODLAND  STICKERS
771,21681,GIANT MEDINA STAMPED METAL BOWL
772,21682,LARGE MEDINA STAMPED METAL BOWL
773,21683,MEDIUM MEDINA STAMPED METAL BOWL
774,21684,SMALL MEDINA STAMPED METAL BOWL
775,21686,MEDINA STAMPED METAL STOOL
776,21688,SILVER PLATE CANDLE BOWL SMALL
777,21689,SILVER VANILLA  FLOWER CANDLE POT
778,21690,SILVER  CANDLEPOT JARDIN
779,21692,SILVER LATTICE VANILLA CANDLE POT
780,21693,SMALL HAMMERED SILVER CANDLEPOT
781,21694,SMALL REGAL  SILVER CANDLEPOT
782,21695,SMALL SILVER FLOWER CANDLE POT
783,21696,SMALL SILVER TRELLIS CANDLEPOT
784,21698,MOCK LOBSTER FRIDGE MAGNET
785,21700,BIG DOUGHNUT FRIDGE MAGNETS
786,21703,BAG 125g SWIRLY MARBLES
787,21704,BAG 250g SWIRLY MARBLES
788,21705,BAG 500g SWIRLY MARBLES
789,21706,FOLDING UMBRELLA RED/WHITE POLKADOT
790,21707,FOLDING UMBRELLA BLACKBLUE POLKADOT
791,21708,FOLDING UMBRELLA CREAM POLKADOT
792,21709,FOLDING UMBRELLA CHOCOLATE POLKADOT
793,21710,FOLDING UMBRELLA PINKWHITE POLKADOT
794,21711,FOLDING UMBRELLA WHITE/RED POLKADOT
795,21713,CITRONELLA CANDLE FLOWERPOT
796,21714,CITRONELLA CANDLE GARDEN POT
797,21715,GIRLS VINTAGE TIN SEASIDE BUCKET
798,21716,BOYS VINTAGE TIN SEASIDE BUCKET
799,21717,EASTER TIN BUCKET
800,21718,RED METAL BEACH SPADE
801,21719,LOVELY BONBON STICKER SHEET
802,21720,CAKE SHOP  STICKER SHEET
803,21721,CANDY SHOP  STICKER SHEET
804,21722,SWEET PUDDING STICKER SHEET
805,21723,ALPHABET HEARTS STICKER SHEET
806,21724,PANDA AND BUNNIES STICKER SHEET
807,21725,SWEETIES  STICKERS
808,21726,MULTI HEARTS  STICKERS
809,21730,GLASS STAR FROSTED T-LIGHT HOLDER
810,21731,RED TOADSTOOL LED NIGHT LIGHT
811,21733,RED HANGING HEART T-LIGHT HOLDER
812,21735,TWO DOOR CURIO CABINET
813,21736,GOLD SCROLL GLASS T-LIGHT HOLDER
814,21738,COSY SLIPPER SHOES SMALL  RED
815,21739,COSY SLIPPER SHOES SMALL GREEN
816,21741,COSY SLIPPER SHOES LARGE GREEN
817,21742,LARGE ROUND WICKER PLATTER
818,21743,STAR PORTABLE TABLE LIGHT
819,21744,SNOWFLAKE PORTABLE TABLE LIGHT
820,21745,GAOLERS KEYS DECORATIVE GARDEN
821,21746,SMALL RED RETROSPOT WINDMILL
822,21747,SMALL SKULL WINDMILL
823,21749,LARGE RED RETROSPOT WINDMILL
824,21750,LARGE SKULL WINDMILL
825,21754,HOME BUILDING BLOCK WORD
826,21755,LOVE BUILDING BLOCK WORD
827,21756,BATH BUILDING BLOCK WORD
828,21757,LIGHTHOUSE PRINTED METAL SIGN
829,21758,VINTAGE SHELLS PRINT
830,21761,WOOD AND GLASS MEDICINE CABINET
831,21763,VINTAGE WOODEN BAR STOOL
832,21765,
833,21769,VINTAGE POST OFFICE CABINET
834,21770,OPEN CLOSED METAL SIGN
835,21773,DECORATIVE ROSE BATHROOM BOTTLE
836,21774,DECORATIVE CATS BATHROOM BOTTLE
837,21775,DECORATIVE FLORE BATHROOM BOTTLE
838,21777,RECIPE BOX WITH METAL HEART
839,21781,MA CAMPAGNE CUTLERY BOX
840,21784,SHOE SHINE BOX
841,21785,RAIN PONCHO
842,21786,POLKADOT RAIN HAT
843,21787,RAIN PONCHO RETROSPOT
844,21788,KIDS RAIN MAC BLUE
845,21789,KIDS RAIN MAC PINK
846,21790,VINTAGE SNAP CARDS
847,21791,VINTAGE HEADS AND TAILS CARD GAME
848,21792,CLASSIC FRENCH STYLE BASKET GREEN
849,21793,CLASSIC FRENCH STYLE BASKET BROWN
850,21794,CLASSIC FRENCH STYLE BASKET NATURAL
851,21801,CHRISTMAS TREE DECORATION WITH BELL
852,21802,CHRISTMAS TREE HEART DECORATION
853,21803,CHRISTMAS TREE STAR DECORATION
854,21804,WHITE CHRISTMAS GARLAND STARS TREES
855,21805,
856,21806,
857,21807,WHITE CHRISTMAS STAR DECORATION
858,21808,"CHRISTMAS GARLAND STARS,TREES"
859,21809,CHRISTMAS HANGING TREE WITH BELL
860,21810,CHRISTMAS HANGING STAR WITH BELL
861,21811,HANGING HEART WITH BELL
862,21812,GARLAND WITH HEARTS AND BELLS
863,21813,GARLAND WITH STARS AND BELLS
864,21814,HEART T-LIGHT HOLDER
865,21815,STAR  T-LIGHT HOLDER
866,21816,CHRISTMAS TREE T-LIGHT HOLDER
867,21817,GLITTER CHRISTMAS TREE
868,21818,GLITTER HEART DECORATION
869,21819,GLITTER CHRISTMAS STAR
870,21820,GLITTER HEART GARLAND WITH BELLS
871,21821,GLITTER STAR GARLAND WITH BELLS
872,21822,GLITTER CHRISTMAS TREE WITH BELLS
873,21823,PAINTED METAL HEART WITH HOLLY BELL
874,21824,PAINTED METAL STAR WITH HOLLY BELLS
875,21825,
876,21826,EIGHT PIECE DINOSAUR SET
877,21827,EIGHT PIECE CREEPY CRAWLIE SET
878,21828,EIGHT PIECE SNAKE  SET
879,21829,DINOSAUR KEYRINGS ASSORTED
880,21830,ASSORTED CREEPY CRAWLIES
881,21832,CHOCOLATE CALCULATOR
882,21833,CAMOUFLAGE LED TORCH
883,21836,GINGHAM OVEN GLOVE RED HEART
884,21839,MUMMY MOUSE RED GINGHAM RIBBON
885,21841,BABY MOUSE RED GINGHAM DRESS
886,21843,RED RETROSPOT CAKE STAND
887,21844,RED RETROSPOT MUG
888,21845,DAIRY MAID STRIPE MUG
889,21846,PINK DIAMANTE PEN IN GIFT BOX
890,21847,GREEN  DIAMANTE PEN IN GIFT BOX
891,21849,SILVER DIAMANTE PEN IN GIFT BOX
892,21850,BLUE  DIAMANTE PEN IN GIFT BOX
893,21851,LILAC DIAMANTE PEN IN GIFT BOX
894,21854,
895,21858,
896,21864,UNION JACK FLAG PASSPORT COVER
897,21865,PINK UNION JACK  PASSPORT COVER
898,21866,UNION JACK FLAG LUGGAGE TAG
899,21867,PINK UNION JACK  LUGGAGE TAG
900,21868,POTTING SHED TEA MUG
901,21870,I CAN ONLY PLEASE ONE PERSON MUG
902,21871,SAVE THE PLANET MUG
903,21872,GLAMOROUS  MUG
904,21873,IF YOU CAN'T STAND THE HEAT MUG
905,21874,GIN AND TONIC MUG
906,21875,KINGS CHOICE MUG
907,21876,POTTERING MUG
908,21877,HOME SWEET HOME MUG
909,21878,PACK OF 6 SANDCASTLE FLAGS ASSORTED
910,21879,HEARTS GIFT TAPE
911,21880,RED RETROSPOT TAPE
912,21881,CUTE CATS TAPE
913,21882,SKULLS TAPE
914,21883,STARS GIFT TAPE
915,21884,CAKES AND BOWS GIFT  TAPE
916,21888,BINGO SET
917,21889,WOODEN BOX OF DOMINOES
918,21890,S/6 WOODEN SKITTLES IN COTTON BAG
919,21891,TRADITIONAL WOODEN SKIPPING ROPE
920,21892,TRADITIONAL WOODEN CATCH CUP GAME
921,21894,POTTING SHED SEED ENVELOPES
922,21895,POTTING SHED SOW 'N' GROW SET
923,21896,POTTING SHED TWINE
924,21897,POTTING SHED CANDLE CITRONELLA
925,21898,POTTING SHED ROSE CANDLE
926,21899,GARAGE KEY FOB
927,21900,"KEY FOB , SHED"
928,21901,"KEY FOB , BACK DOOR"
929,21902,"KEY FOB , FRONT  DOOR"
930,21903,MAN FLU METAL SIGN
931,21904,HOUSE WRECKING METAL SIGN
932,21905,MORE BUTTER METAL SIGN
933,21906,PHARMACIE FIRST AID TIN
934,21907,I'M ON HOLIDAY METAL SIGN
935,21908,CHOCOLATE THIS WAY METAL SIGN
936,21910,WAY OUT METAL SIGN
937,21911,GARDEN METAL SIGN
938,21912,VINTAGE SNAKES & LADDERS
939,21913,VINTAGE SEASIDE JIGSAW PUZZLES
940,21914,BLUE HARMONICA IN BOX
941,21915,RED  HARMONICA IN BOX
942,21916,SET 12 RETRO WHITE CHALK STICKS
943,21917,SET 12 KIDS  WHITE CHALK STICKS
944,21918,SET 12 KIDS COLOUR  CHALK STICKS
945,21922,UNION STRIPE WITH FRINGE  HAMMOCK
946,21923,
947,21925,UNION STRIPE CUSHION COVER
948,21926,RED/CREAM STRIPE CUSHION COVER
949,21927,BLUE/CREAM STRIPE CUSHION COVER
950,21928,JUMBO BAG SCANDINAVIAN BLUE PAISLEY
951,21929,JUMBO BAG PINK VINTAGE PAISLEY
952,21930,JUMBO STORAGE BAG SKULLS
953,21931,JUMBO STORAGE BAG SUKI
954,21932,SCANDINAVIAN PAISLEY PICNIC BAG
955,21933,PINK VINTAGE PAISLEY PICNIC BAG
956,21934,SKULL SHOULDER BAG
957,21935,SUKI  SHOULDER BAG
958,21936,RED RETROSPOT PICNIC BAG
959,21937,STRAWBERRY   PICNIC BAG
960,21942,SKULLS DESIGN FLANNEL
961,21943,CAKES AND RABBITS DESIGN FLANNEL
962,21944,KITTENS DESIGN FLANNEL
963,21945,STRAWBERRIES  DESIGN FLANNEL
964,21946,PARTY TIME DESIGN FLANNEL
965,21947,SET OF 6 HEART CHOPSTICKS
966,21948,SET OF 6 CAKE CHOPSTICKS
967,21949,SET OF 6 STRAWBERRY CHOPSTICKS
968,21955,DOORMAT UNION JACK GUNS AND ROSES
969,21967,PACK OF 12 SKULL TISSUES
970,21972,SET OF 36 DINOSAUR PAPER DOILIES
971,21973,SET OF 36 MUSHROOM PAPER DOILIES
972,21974,SET OF 36 PAISLEY FLOWER DOILIES
973,21975,PACK OF 60 DINOSAUR CAKE CASES
974,21976,PACK OF 60 MUSHROOM CAKE CASES
975,21977,PACK OF 60 PINK PAISLEY CAKE CASES
976,21980,PACK OF 12 RED RETROSPOT TISSUES
977,21981,PACK OF 12 WOODLAND TISSUES
978,21982,PACK OF 12 SUKI TISSUES
979,21983,PACK OF 12 BLUE PAISLEY TISSUES
980,21984,PACK OF 12 PINK PAISLEY TISSUES
981,21985,PACK OF 12 HEARTS DESIGN TISSUES
982,21986,PACK OF 12 PINK POLKADOT TISSUES
983,21987,PACK OF 6 SKULL PAPER CUPS
984,21988,PACK OF 6 SKULL PAPER PLATES
985,21989,PACK OF 20 SKULL PAPER NAPKINS
986,21990,MODERN FLORAL STATIONERY SET
987,21991,BOHEMIAN COLLAGE STATIONERY SET
988,21992,VINTAGE PAISLEY STATIONERY SET
989,21993,FLORAL FOLK STATIONERY SET
990,22016,Dotcomgiftshop Gift Voucher £100.00
991,22021,BLUE FELT EASTER EGG BASKET
992,22023,EMPIRE BIRTHDAY CARD
993,22024,RAINY LADIES BIRTHDAY CARD
994,22025,RING OF ROSES BIRTHDAY CARD
995,22026,BANQUET BIRTHDAY  CARD
996,22027,TEA PARTY BIRTHDAY CARD
997,22028,PENNY FARTHING BIRTHDAY CARD
998,22029,SPACEBOY BIRTHDAY CARD
999,22030,SWALLOWS GREETING CARD
1000,22031,BOTANICAL LAVENDER BIRTHDAY CARD
1001,22032,BOTANICAL LILY GREETING CARD
1002,22033,BOTANICAL ROSE GREETING CARD
1003,22034,ROBIN CHRISTMAS CARD
1004,22035,VINTAGE CARAVAN GREETING CARD
1006,22037,ROBOT BIRTHDAY CARD
1007,22038,BOTANICAL LAVENDER GIFT WRAP
1008,22039,BOTANICAL LILY GIFT WRAP
1009,22040,BOTANICAL ROSE GIFT WRAP
1010,22041,"RECORD FRAME 7"" SINGLE SIZE"
1011,22042,CHRISTMAS CARD SINGING ANGEL
1012,22043,CHRISTMAS CARD SCREEN PRINT
1013,22044,CHRISTMAS CARD STACK OF PRESENTS
1014,22045,SPACEBOY GIFT WRAP
1015,22046,TEA PARTY  WRAPPING PAPER
1016,22047,EMPIRE GIFT WRAP
1017,22048,BIRTHDAY BANQUET GIFT WRAP
1018,22049,WRAP CHRISTMAS SCREEN PRINT
1019,22050,PINK PAISLEY ROSE GIFT WRAP
1020,22051,BLUE SCANDINAVIAN PAISLEY WRAP
1021,22052,VINTAGE CARAVAN GIFT WRAP
1022,22053,EMPIRE DESIGN ROSETTE
1023,22055,MINI CAKE STAND  HANGING STRAWBERY
1024,22057,CERAMIC PLATE STRAWBERRY DESIGN
1025,22059,CERAMIC STRAWBERRY DESIGN MUG
1026,22060,LARGE CAKE STAND HANGING HEARTS
1027,22061,LARGE CAKE STAND  HANGING STRAWBERY
1028,22062,CERAMIC BOWL WITH LOVE HEART DESIGN
1029,22063,CERAMIC BOWL WITH STRAWBERRY DESIGN
1030,22064,PINK DOUGHNUT TRINKET POT
1031,22065,CHRISTMAS PUDDING TRINKET POT
1032,22066,LOVE HEART TRINKET POT
1033,22067,CHOC TRUFFLE GOLD TRINKET POT
1034,22068,BLACK PIRATE TREASURE CHEST
1035,22069,BROWN  PIRATE TREASURE CHEST
1036,22070,SMALL RED RETROSPOT MUG IN BOX
1037,22071,SMALL WHITE RETROSPOT MUG IN BOX
1038,22072,RED RETROSPOT TEA CUP AND SAUCER
1039,22073,RED RETROSPOT STORAGE JAR
1040,22074,6 RIBBONS SHIMMERING PINKS
1041,22075,6 RIBBONS ELEGANT CHRISTMAS
1042,22076,6 RIBBONS EMPIRE
1043,22077,6 RIBBONS RUSTIC CHARM
1044,22078,RIBBON REEL LACE DESIGN
1045,22079,RIBBON REEL HEARTS DESIGN
1046,22080,RIBBON REEL POLKADOTS
1047,22081,RIBBON REEL FLORA + FAUNA
1048,22082,RIBBON REEL STRIPES DESIGN
1049,22083,PAPER CHAIN KIT RETROSPOT
1050,22084,PAPER CHAIN KIT EMPIRE
1051,22085,PAPER CHAIN KIT SKULLS
1052,22086,PAPER CHAIN KIT 50'S CHRISTMAS
1053,22087,PAPER BUNTING WHITE LACE
1054,22088,PAPER BUNTING COLOURED LACE
1055,22089,PAPER BUNTING VINTAGE PAISLEY
1056,22090,PAPER BUNTING RETROSPOT
1057,22091,EMPIRE TISSUE BOX
1058,22092,BLUE PAISLEY TISSUE BOX
1059,22093,MOTORING TISSUE BOX
1060,22094,RED RETROSPOT TISSUE BOX
1061,22095,LADS ONLY TISSUE BOX
1062,22096,PINK PAISLEY SQUARE TISSUE BOX
1063,22097,SWALLOW SQUARE TISSUE BOX
1064,22098,BOUDOIR SQUARE TISSUE BOX
1065,22099,CARAVAN SQUARE TISSUE BOX
1066,22100,SKULLS SQUARE TISSUE BOX
1067,22101,MIRROR MOSAIC VOTIVE HOLDER
1068,22102,MIRROR MOSAIC T-LIGHT HOLDER
1069,22103,MIRROR MOSAIC T-LIGHT HOLDER ROUND
1070,22104,MIRROR MOSAIC CANDLE PLATE
1071,22105,MIRROR MOSAIC GOBLET CANDLE HOLDER
1072,22106,MIRROR MOSAIC HURRICANE LAMP
1073,22107,PIZZA PLATE IN BOX
1075,22109,FULL ENGLISH BREAKFAST PLATE
1076,22110,BIRD HOUSE HOT WATER BOTTLE
1077,22111,SCOTTIE DOG HOT WATER BOTTLE
1078,22112,CHOCOLATE HOT WATER BOTTLE
1074,22108,PING! MICROWAVE PLATE
1079,22113,GREY HEART HOT WATER BOTTLE
1080,22114,HOT WATER BOTTLE TEA AND SYMPATHY
1081,22115,METAL SIGN EMPIRE TEA
1082,22116,METAL SIGN HIS DINNER IS SERVED
1083,22117,METAL SIGN HER DINNER IS SERVED
1084,22118,JOY WOODEN BLOCK LETTERS
1085,22119,PEACE WOODEN BLOCK LETTERS
1086,22120,WELCOME  WOODEN BLOCK LETTERS
1087,22121,NOEL WOODEN BLOCK LETTERS
1088,22123,PING MICROWAVE APRON
1089,22124,SET OF 2 TEA TOWELS PING MICROWAVE
1090,22125,UNION JACK HOT WATER BOTTLE
1091,22127,PARTY CONES CARNIVAL ASSORTED
1092,22128,PARTY CONES CANDY ASSORTED
1093,22129,PARTY CONES CANDY DECORATION
1094,22130,PARTY CONE CHRISTMAS DECORATION
1095,22131,FOOD CONTAINER SET 3 LOVE HEART
1096,22132,RED LOVE HEART SHAPE CUP
1097,22133,PINK LOVE HEART SHAPE CUP
1098,22134,MINI LADLE LOVE HEART RED
1099,22135,MINI LADLE LOVE HEART PINK
1100,22136,LOVE HEART SOCK HANGER
1101,22137,BATHROOM SET LOVE HEART DESIGN
1102,22138,BAKING SET 9 PIECE RETROSPOT
1103,22139,RETROSPOT TEA SET CERAMIC 11 PC
1104,22141,CHRISTMAS CRAFT TREE TOP ANGEL
1105,22142,CHRISTMAS CRAFT WHITE FAIRY
1106,22143,
1107,22144,CHRISTMAS CRAFT LITTLE FRIENDS
1108,22145,CHRISTMAS CRAFT HEART STOCKING
1109,22146,EASTER CRAFT IVY WREATH WITH CHICK
1110,22147,FELTCRAFT BUTTERFLY HEARTS
1111,22148,EASTER CRAFT 4 CHICKS
1112,22149,FELTCRAFT 6 FLOWER FRIENDS
1113,22150,3 STRIPEY MICE FELTCRAFT
1114,22151,PLACE SETTING WHITE HEART
1115,22152,PLACE SETTING WHITE STAR
1116,22153,ANGEL DECORATION STARS ON DRESS
1117,22154,ANGEL DECORATION 3 BUTTONS
1118,22155,STAR DECORATION RUSTIC
1119,22156,HEART DECORATION WITH PEARLS
1120,22157,ANGEL DECORATION WITH LACE PADDED
1121,22158,3 HEARTS HANGING DECORATION RUSTIC
1122,22161,HEART DECORATION RUSTIC HANGING
1123,22162,HEART GARLAND RUSTIC PADDED
1124,22163,HEART STRING MEMO HOLDER HANGING
1125,22164,STRING OF STARS CARD HOLDER
1126,22165,"DIAMANTE HEART SHAPED WALL MIRROR,"
1127,22166,WALL MIRROR RECTANGLE DIAMANTE PINK
1128,22167,OVAL WALL MIRROR DIAMANTE
1129,22168,ORGANISER WOOD ANTIQUE WHITE
1130,22169,FAMILY ALBUM WHITE PICTURE FRAME
1131,22170,PICTURE FRAME WOOD TRIPLE PORTRAIT
1132,22171,3 HOOK PHOTO SHELF ANTIQUE WHITE
1133,22173,METAL 4 HOOK HANGER FRENCH CHATEAU
1134,22174,PHOTO CUBE
1135,22175,PINK OWL SOFT TOY
1136,22176,BLUE OWL SOFT TOY
1137,22178,VICTORIAN GLASS HANGING T-LIGHT
1138,22179,SET 10 NIGHT OWL LIGHTS
1139,22180,RETROSPOT LAMP
1140,22181,SNOWSTORM PHOTO FRAME FRIDGE MAGNET
1141,22182,CAKE STAND VICTORIAN FILIGREE SMALL
1142,22183,CAKE STAND VICTORIAN FILIGREE MED
1143,22184,CAKE STAND VICTORIAN FILIGREE LARGE
1144,22185,SLATE TILE NATURAL HANGING
1145,22186,RED STAR CARD HOLDER
1146,22187,GREEN CHRISTMAS TREE CARD HOLDER
1147,22188,BLACK HEART CARD HOLDER
1148,22189,CREAM HEART CARD HOLDER
1149,22190,LOCAL CAFE MUG
1150,22191,IVORY DINER WALL CLOCK
1151,22192,BLUE DINER WALL CLOCK
1152,22193,RED DINER WALL CLOCK
1153,22194,BLACK DINER WALL CLOCK
1154,22195,LARGE HEART MEASURING SPOONS
1155,22196,SMALL HEART MEASURING SPOONS
1156,22197,POPCORN HOLDER
1157,22198,LARGE POPCORN HOLDER
1158,22199,FRYING PAN RED RETROSPOT
1159,22200,FRYING PAN PINK POLKADOT
1160,22201,FRYING PAN BLUE POLKADOT
1161,22202,MILK PAN PINK POLKADOT
1162,22203,MILK PAN RED RETROSPOT
1163,22204,MILK PAN BLUE POLKADOT
1164,22206,"MUG , DOTCOMGIFTSHOP.COM"
1165,22207,FRYING PAN UNION FLAG
1166,22208,WOOD STAMP SET THANK YOU
1167,22209,WOOD STAMP SET HAPPY BIRTHDAY
1168,22210,WOOD STAMP SET BEST WISHES
1169,22211,WOOD STAMP SET FLOWERS
1170,22212,FOUR HOOK  WHITE LOVEBIRDS
1171,22214,CANDLE PLATE LACE WHITE
1172,22215,CAKE STAND WHITE TWO TIER LACE
1173,22216,T-LIGHT HOLDER WHITE LACE
1174,22217,T-LIGHT HOLDER HANGING LACE
1175,22218,CAKE STAND LACE WHITE
1176,22219,LOVEBIRD HANGING DECORATION WHITE
1177,22220,CAKE STAND LOVEBIRD 2 TIER WHITE
1178,22221,CAKE STAND LOVEBIRD 2 TIER PINK
1179,22222,CAKE PLATE LOVEBIRD WHITE
1180,22223,CAKE PLATE LOVEBIRD PINK
1181,22224,WHITE LOVEBIRD LANTERN
1182,22227,HANGING HEART MIRROR DECORATION
1183,22228,BUNNY WOODEN PAINTED WITH BIRD
1184,22229,BUNNY WOODEN PAINTED WITH FLOWER
1185,22230,JIGSAW TREE WITH WATERING CAN
1186,22231,JIGSAW TREE WITH BIRDHOUSE
1187,22232,JIGSAW TOADSTOOLS 3 PIECE
1188,22233,JIGSAW RABBIT AND BIRDHOUSE
1189,22236,CAKE STAND 3 TIER MAGIC GARDEN
1190,22241,GARLAND WOODEN HAPPY EASTER
1191,22242,5 HOOK HANGER MAGIC TOADSTOOL
1192,22243,5 HOOK HANGER RED MAGIC TOADSTOOL
1193,22244,3 HOOK HANGER MAGIC GARDEN
1194,22245,"HOOK, 1 HANGER ,MAGIC GARDEN"
1195,22246,MAGIC GARDEN FELT GARLAND
1196,22247,BUNNY DECORATION MAGIC GARDEN
1197,22248,DECORATION  PINK CHICK MAGIC GARDEN
1198,22249,DECORATION WHITE CHICK MAGIC GARDEN
1199,22250,DECORATION  BUTTERFLY  MAGIC GARDEN
1200,22251,BIRDHOUSE DECORATION MAGIC GARDEN
1201,22252,BIRDCAGE DECORATION TEALIGHT HOLDER
1202,22254,FELT TOADSTOOL LARGE
1203,22255,FELT TOADSTOOL  SMALL
1204,22256,FELT FARM ANIMAL CHICKEN
1205,22257,FELT FARM ANIMAL SHEEP
1206,22258,FELT FARM ANIMAL RABBIT
1207,22259,FELT FARM ANIMAL HEN
1208,22260,FELT EGG COSY BLUE RABBIT
1209,22261,FELT EGG COSY WHITE RABBIT
1210,22262,FELT EGG COSY CHICKEN
1211,22263,FELT EGG COSY LADYBIRD
1212,22264,FELT FARM ANIMAL WHITE BUNNY
1213,22265,EASTER DECORATION NATURAL CHICK
1214,22266,EASTER DECORATION HANGING BUNNY
1215,22267,EASTER DECORATION EGG BUNNY
1216,22268,DECORATION SITTING BUNNY
1217,22269,EGG CUP NATURAL CHICKEN
1218,22270,HAPPY EASTER HANGING DECORATION
1219,22271,FELTCRAFT DOLL ROSIE
1220,22272,FELTCRAFT DOLL MARIA
1221,22273,FELTCRAFT DOLL MOLLY
1222,22274,FELTCRAFT DOLL EMILY
1223,22275,WEEKEND BAG VINTAGE ROSE PAISLEY
1224,22276,WASH BAG VINTAGE ROSE PAISLEY
1225,22277,COSMETIC BAG VINTAGE ROSE PAISLEY
1226,22278,OVERNIGHT BAG VINTAGE ROSE PAISLEY
1227,22279,POCKET BAG BLUE PAISLEY RED SPOT
1228,22280,POCKET BAG PINK PAISELY BROWN SPOT
1229,22281,EASTER TREE YELLOW BIRDS
1230,22282,12 EGG HOUSE PAINTED WOOD
1231,22283,6 EGG HOUSE PAINTED WOOD
1232,22284,HEN HOUSE DECORATION
1233,22285,HANGING HEN ON NEST DECORATION
1234,22286,DECORATION WOBBLY RABBIT METAL
1235,22287,DECORATION WOBBLY CHICKEN
1236,22288,HANGING METAL RABBIT DECORATION
1237,22289,HANGING METAL CHICKEN DECORATION
1238,22291,HANGING CHICK CREAM DECORATION
1239,22292,HANGING CHICK  YELLOW DECORATION
1240,22293,HANGING CHICK GREEN DECORATION
1241,22294,HEART FILIGREE DOVE  SMALL
1242,22295,HEART FILIGREE DOVE LARGE
1243,22296,HEART IVORY TRELLIS LARGE
1244,22297,HEART IVORY TRELLIS SMALL
1245,22299,PIG KEYRING WITH LIGHT & SOUND
1246,22300,COFFEE MUG DOG + BALL DESIGN
1247,22301,COFFEE MUG CAT + BIRD DESIGN
1248,22302,COFFEE MUG PEARS  DESIGN
1249,22303,COFFEE MUG APPLES DESIGN
1250,22304,COFFEE MUG BLUE PAISLEY DESIGN
1251,22305,COFFEE MUG PINK PAISLEY DESIGN
1252,22306,SILVER MUG BONE CHINA TREE OF LIFE
1253,22307,GOLD MUG BONE CHINA TREE OF LIFE
1254,22308,TEA COSY BLUE STRIPE
1255,22309,TEA COSY RED  STRIPE
1256,22310,IVORY KNITTED MUG COSY
1257,22311,OFFICE MUG WARMER BLACK+SILVER
1258,22312,OFFICE MUG WARMER POLKADOT
1259,22313,OFFICE MUG WARMER PINK
1260,22314,OFFICE MUG WARMER CHOC+BLUE
1261,22315,200 RED + WHITE BENDY STRAWS
1262,22316,200 BENDY SKULL STRAWS
1263,22317,FIVE CATS HANGING DECORATION
1264,22318,FIVE HEART HANGING DECORATION
1265,22319,HAIRCLIPS FORTIES FABRIC ASSORTED
1266,22320,BIRDS MOBILE VINTAGE DESIGN
1267,22321,BIRD DECORATION RED RETROSPOT
1268,22322,BIRD DECORATION GREEN POLKADOT
1269,22323,PINK POLKADOT KIDS BAG
1270,22324,BLUE POLKADOT KIDS BAG
1271,22325,MOBILE VINTAGE HEARTS
1272,22326,ROUND SNACK BOXES SET OF4 WOODLAND
1273,22327,ROUND SNACK BOXES SET OF 4 SKULLS
1274,22328,ROUND SNACK BOXES SET OF 4 FRUITS
1275,22329,ROUND CONTAINER SET OF 5 RETROSPOT
1276,22331,WOODLAND PARTY BAG + STICKER SET
1277,22332,SKULLS PARTY BAG + STICKER SET
1278,22333,RETROSPOT PARTY BAG + STICKER SET
1279,22334,DINOSAUR PARTY BAG + STICKER SET
1280,22335,HEART DECORATION PAINTED ZINC
1281,22336,DOVE DECORATION PAINTED ZINC
1282,22337,ANGEL DECORATION PAINTED ZINC
1283,22338,STAR DECORATION PAINTED ZINC
1284,22339,CHRISTMAS TREE PAINTED ZINC
1285,22340,NOEL GARLAND PAINTED ZINC
1286,22341,LOVE GARLAND PAINTED ZINC
1287,22342,HOME GARLAND PAINTED ZINC
1288,22343,PARTY PIZZA DISH RED RETROSPOT
1289,22344,PARTY PIZZA DISH PINK POLKADOT
1290,22345,PARTY PIZZA DISH BLUE POLKADOT
1291,22346,PARTY PIZZA DISH GREEN POLKADOT
1292,22348,TEA BAG PLATE RED RETROSPOT
1293,22349,DOG BOWL CHASING BALL DESIGN
1294,22350,ILLUSTRATED CAT BOWL
1295,22351,DOTCOMGIFTSHOP TEA TOWEL
1296,22352,LUNCH BOX WITH CUTLERY RETROSPOT
1297,22353,LUNCH BOX WITH CUTLERY FAIRY CAKES
1298,22354,RETROSPOT PADDED SEAT CUSHION
1299,22355,CHARLOTTE BAG SUKI DESIGN
1300,22356,CHARLOTTE BAG PINK POLKADOT
1301,22357,KINGS CHOICE BISCUIT TIN
1302,22358,KINGS CHOICE TEA CADDY
1303,22359,GLASS JAR KINGS CHOICE
1304,22360,GLASS JAR ENGLISH CONFECTIONERY
1305,22361,GLASS JAR DAISY FRESH COTTON WOOL
1306,22362,GLASS JAR PEACOCK BATH SALTS
1307,22363,GLASS JAR MARMALADE
1308,22364,GLASS JAR DIGESTIVE BISCUITS
1309,22365,DOORMAT RESPECTABLE HOUSE
1310,22366,DOORMAT AIRMAIL
1311,22367,CHILDRENS APRON SPACEBOY DESIGN
1312,22371,AIRLINE BAG VINTAGE TOKYO 78
1313,22372,AIRLINE BAG VINTAGE WORLD CHAMPION
1314,22374,AIRLINE BAG VINTAGE JET SET RED
1315,22375,AIRLINE BAG VINTAGE JET SET BROWN
1316,22376,AIRLINE BAG VINTAGE JET SET WHITE
1317,22377,BOTTLE BAG RETROSPOT
1318,22378,WALL TIDY RETROSPOT
1319,22379,RECYCLING BAG RETROSPOT
1320,22380,TOY TIDY SPACEBOY
1321,22381,TOY TIDY PINK POLKADOT
1322,22382,LUNCH BAG SPACEBOY DESIGN
1323,22383,LUNCH BAG SUKI DESIGN
1324,22384,LUNCH BAG PINK POLKADOT
1325,22385,JUMBO BAG SPACEBOY DESIGN
1326,22386,JUMBO BAG PINK POLKADOT
1327,22389,PAPERWEIGHT SAVE THE PLANET
1328,22390,PAPERWEIGHT CHILDHOOD MEMORIES
1329,22391,PAPERWEIGHT HOME SWEET HOME
1330,22393,PAPERWEIGHT VINTAGE COLLAGE
1331,22394,PAPERWEIGHT KINGS CHOICE
1332,22395,PAPERWEIGHT VINTAGE PAISLEY
1333,22396,MAGNETS PACK OF 4 RETRO PHOTO
1334,22398,MAGNETS PACK OF 4 SWALLOWS
1335,22399,MAGNETS PACK OF 4 CHILDHOOD MEMORY
1336,22400,MAGNETS PACK OF 4 HOME SWEET HOME
1337,22402,MAGNETS PACK OF 4 VINTAGE COLLAGE
1338,22403,MAGNETS PACK OF 4 VINTAGE LABELS
1339,22405,MONEY BOX POCKET MONEY DESIGN
1340,22406,MONEY BOX KINGS CHOICE DESIGN
1341,22407,MONEY BOX FIRST ADE DESIGN
1342,22408,MONEY BOX CONFECTIONERY DESIGN
1343,22409,MONEY BOX BISCUITS DESIGN
1344,22410,MONEY BOX HOUSEKEEPING DESIGN
1345,22411,JUMBO SHOPPER VINTAGE RED PAISLEY
1346,22412,METAL SIGN NEIGHBOURHOOD WITCH
1347,22413,METAL SIGN TAKE IT OR LEAVE IT
1348,22414,DOORMAT NEIGHBOURHOOD WITCH
1349,22415,WHITE TISSUE REAM
1350,22416,SET OF 36 DOILIES SPACEBOY DESIGN
1351,22417,PACK OF 60 SPACEBOY CAKE CASES
1352,22418,10 COLOUR SPACEBOY PEN
1353,22419,LIPSTICK PEN RED
1354,22420,LIPSTICK PEN BABY PINK
1355,22421,LIPSTICK PEN FUSCHIA
1356,22422,TOOTHPASTE TUBE PEN
1357,22423,REGENCY CAKESTAND 3 TIER
1358,22424,ENAMEL BREAD BIN CREAM
1359,22425,ENAMEL COLANDER CREAM
1360,22426,ENAMEL WASH BOWL CREAM
1361,22427,ENAMEL FLOWER JUG CREAM
1362,22428,ENAMEL FIRE BUCKET CREAM
1363,22429,ENAMEL MEASURING JUG CREAM
1364,22430,ENAMEL WATERING CAN CREAM
1365,22431,WATERING CAN BLUE ELEPHANT
1366,22432,WATERING CAN PINK BUNNY
1367,22433,WATERING CAN GREEN DINOSAUR
1368,22434,BALLOON PUMP WITH 10 BALLOONS
1369,22435,SET OF 9 HEART SHAPED BALLOONS
1370,22436,12 COLOURED PARTY BALLOONS
1371,22437,SET OF 9 BLACK SKULL BALLOONS
1372,22438,BALLOON ART MAKE YOUR OWN FLOWERS
1374,22440,BALLOON WATER BOMB PACK OF 35
1375,22441,GROW YOUR OWN BASIL IN ENAMEL MUG
1376,22442,GROW YOUR OWN FLOWERS SET OF 3
1377,22443,GROW YOUR OWN HERBS SET OF 3
1378,22444,GROW YOUR OWN PLANT IN A CAN
1379,22445,PENCIL CASE LIFE IS BEAUTIFUL
1380,22446,PIN CUSHION BABUSHKA PINK
1381,22447,PIN CUSHION BABUSHKA BLUE
1382,22448,PIN CUSHION BABUSHKA RED
1383,22449,SILK PURSE BABUSHKA PINK
1384,22450,SILK PURSE BABUSHKA BLUE
1385,22451,SILK PURSE BABUSHKA RED
1386,22452,MEASURING TAPE BABUSHKA PINK
1387,22453,MEASURING TAPE BABUSHKA BLUE
1388,22454,MEASURING TAPE BABUSHKA RED
1389,22456,NATURAL SLATE CHALKBOARD LARGE
1390,22457,NATURAL SLATE HEART CHALKBOARD
1391,22458,CAST IRON HOOK GARDEN FORK
1392,22459,CAST IRON HOOK GARDEN TROWEL
1393,22460,EMBOSSED GLASS TEALIGHT HOLDER
1394,22461,SAVOY ART DECO CLOCK
1395,22464,HANGING METAL HEART LANTERN
1396,22465,HANGING METAL STAR LANTERN
1397,22466,FAIRY TALE COTTAGE NIGHT LIGHT
1398,22467,GUMBALL COAT RACK
1399,22468,BABUSHKA LIGHTS STRING OF 10
1400,22469,HEART OF WICKER SMALL
1401,22470,HEART OF WICKER LARGE
1402,22471,TV DINNER TRAY AIR HOSTESS
1403,22472,TV DINNER TRAY DOLLY GIRL
1404,22473,TV DINNER TRAY VINTAGE PAISLEY
1405,22474,SPACEBOY TV DINNER TRAY
1406,22475,SKULL DESIGN TV DINNER TRAY
1407,22476,EMPIRE UNION JACK TV DINNER TRAY
1408,22477,WATERING CAN GARDEN MARKER
1409,22478,BIRDHOUSE GARDEN MARKER
1410,22479,DAISY GARDEN MARKER
1411,22480,RED TEA TOWEL CLASSIC DESIGN
1373,22439,6 ROCKET BALLOONS
1412,22481,BLACK TEA TOWEL CLASSIC DESIGN
1413,22482,BLUE TEA TOWEL CLASSIC DESIGN
1414,22483,RED GINGHAM TEDDY BEAR
1415,22485,SET OF 2 WOODEN MARKET CRATES
1416,22486,PLASMATRONIC LAMP
1417,22487,WHITE WOOD GARDEN PLANT LADDER
1418,22488,NATURAL SLATE RECTANGLE CHALKBOARD
1419,22489,PACK OF 12 TRADITIONAL CRAYONS
1420,22491,PACK OF 12 COLOURED PENCILS
1421,22492,MINI PAINT SET VINTAGE
1422,22493,PAINT YOUR OWN CANVAS SET
1423,22494,EMERGENCY FIRST AID TIN
1424,22495,SET OF 2 ROUND TINS CAMEMBERT
1425,22496,SET OF 2 ROUND TINS DUTCH CHEESE
1426,22497,SET OF 2 TINS VINTAGE BATHROOM
1427,22498,WOODEN REGATTA BUNTING
1428,22499,WOODEN UNION JACK BUNTING
1430,22501,PICNIC BASKET WICKER LARGE
1431,22502,PICNIC BASKET WICKER SMALL
1432,22503,CABIN BAG VINTAGE PAISLEY
1433,22504,CABIN BAG VINTAGE RETROSPOT
1434,22505,MEMO BOARD COTTAGE DESIGN
1435,22507,MEMO BOARD RETROSPOT  DESIGN
1436,22508,DOORSTOP RETROSPOT HEART
1437,22509,SEWING BOX RETROSPOT DESIGN
1438,22510,GINGHAM BABUSHKA DOORSTOP
1439,22511,RETROSPOT BABUSHKA DOORSTOP
1440,22512,DOORSTOP RACING CAR DESIGN
1441,22513,DOORSTOP FOOTBALL DESIGN
1442,22514,CHILDS GARDEN SPADE BLUE
1443,22515,CHILDS GARDEN SPADE PINK
1444,22516,CHILDS GARDEN RAKE BLUE
1445,22517,CHILDS GARDEN RAKE PINK
1446,22518,CHILDS GARDEN BRUSH BLUE
1447,22519,CHILDS GARDEN BRUSH PINK
1448,22520,CHILDS GARDEN TROWEL BLUE
1449,22521,CHILDS GARDEN TROWEL PINK
1450,22522,CHILDS GARDEN FORK BLUE
1451,22523,CHILDS GARDEN FORK PINK
1452,22524,CHILDRENS GARDEN GLOVES BLUE
1453,22525,CHILDRENS GARDEN GLOVES PINK
1454,22526,WHEELBARROW FOR CHILDREN
1455,22528,GARDENERS KNEELING PAD
1456,22529,MAGIC DRAWING SLATE GO TO THE FAIR
1457,22530,MAGIC DRAWING SLATE DOLLY GIRL
1458,22531,MAGIC DRAWING SLATE CIRCUS PARADE
1459,22532,MAGIC DRAWING SLATE LEAP FROG
1460,22533,MAGIC DRAWING SLATE BAKE A CAKE
1461,22534,MAGIC DRAWING SLATE SPACEBOY
1462,22535,MAGIC DRAWING SLATE BUNNIES
1463,22536,MAGIC DRAWING SLATE PURDEY
1464,22537,MAGIC DRAWING SLATE DINOSAUR
1465,22538,MINI JIGSAW GO TO THE FAIR
1466,22539,MINI JIGSAW DOLLY GIRL
1467,22540,MINI JIGSAW CIRCUS PARADE
1468,22541,MINI JIGSAW LEAP FROG
1469,22543,MINI JIGSAW BAKE A CAKE
1470,22544,MINI JIGSAW SPACEBOY
1471,22545,MINI JIGSAW BUNNIES
1472,22546,MINI JIGSAW PURDEY
1473,22547,MINI JIGSAW DINOSAUR
1474,22548,HEADS AND TAILS SPORTING FUN
1475,22549,PICTURE DOMINOES
1476,22550,HOLIDAY FUN LUDO
1477,22551,PLASTERS IN TIN SPACEBOY
1478,22553,PLASTERS IN TIN SKULLS
1479,22554,PLASTERS IN TIN WOODLAND ANIMALS
1480,22555,PLASTERS IN TIN STRONGMAN
1481,22556,PLASTERS IN TIN CIRCUS PARADE
1482,22557,PLASTERS IN TIN VINTAGE PAISLEY
1483,22558,CLOTHES PEGS RETROSPOT PACK 24
1484,22559,SEASIDE FLYING DISC
1485,22560,TRADITIONAL MODELLING CLAY
1486,22561,WOODEN SCHOOL COLOURING SET
1487,22562,MONSTERS STENCIL CRAFT
1488,22563,HAPPY STENCIL CRAFT
1489,22564,ALPHABET STENCIL CRAFT
1490,22565,FELTCRAFT HAIRBANDS PINK AND WHITE
1491,22566,FELTCRAFT HAIRBAND PINK AND PURPLE
1492,22567,20 DOLLY PEGS RETROSPOT
1493,22568,FELTCRAFT CUSHION OWL
1494,22569,FELTCRAFT CUSHION BUTTERFLY
1495,22570,FELTCRAFT CUSHION RABBIT
1496,22571,ROCKING HORSE RED CHRISTMAS
1497,22572,ROCKING HORSE GREEN CHRISTMAS
1498,22573,STAR WOODEN CHRISTMAS DECORATION
1499,22574,HEART WOODEN CHRISTMAS DECORATION
1500,22575,METAL MERRY CHRISTMAS WREATH
1501,22576,SWALLOW WOODEN CHRISTMAS DECORATION
1502,22577,WOODEN HEART CHRISTMAS SCANDINAVIAN
1503,22578,WOODEN STAR CHRISTMAS SCANDINAVIAN
1504,22579,WOODEN TREE CHRISTMAS SCANDINAVIAN
1505,22580,ADVENT CALENDAR GINGHAM SACK
1506,22581,WOOD STOCKING CHRISTMAS SCANDISPOT
1507,22582,PACK OF 6 SWEETIE GIFT BOXES
1508,22583,PACK OF 6 HANDBAG GIFT BOXES
1509,22584,PACK OF 6 PANNETONE GIFT BOXES
1510,22585,PACK OF 6 BIRDY GIFT TAGS
1511,22586,FELTCRAFT HAIRBAND PINK AND BLUE
1512,22587,FELTCRAFT HAIRBAND RED AND BLUE
1513,22588,CARD HOLDER GINGHAM HEART
1514,22589,CARDHOLDER GINGHAM STAR
1515,22591,CARDHOLDER GINGHAM CHRISTMAS TREE
1516,22592,CARDHOLDER HOLLY WREATH METAL
1517,22593,CHRISTMAS GINGHAM STAR
1518,22594,CHRISTMAS GINGHAM TREE
1519,22595,GINGHAM HEART DECORATION
1520,22596,CHRISTMAS STAR WISH LIST CHALKBOARD
1521,22597,MUSICAL ZINC HEART DECORATION
1522,22598,CHRISTMAS MUSICAL ZINC TREE
1523,22599,CHRISTMAS MUSICAL ZINC STAR
1524,22600,CHRISTMAS RETROSPOT STAR WOOD
1525,22601,CHRISTMAS RETROSPOT ANGEL WOOD
1526,22602,RETROSPOT WOODEN HEART DECORATION
1527,22603,CHRISTMAS RETROSPOT TREE WOOD
1528,22604,SET OF 4 NAPKIN CHARMS CUTLERY
1529,22605,WOODEN CROQUET GARDEN SET
1530,22606,WOODEN SKITTLES GARDEN SET
1531,22607,WOODEN ROUNDERS GARDEN SET
1532,22608,PENS ASSORTED FUNKY JEWELED
1533,22609,PENS ASSORTED SPACEBALL
1534,22610,PENS ASSORTED FUNNY FACE
1535,22611,VINTAGE UNION JACK SHOPPING BAG
1536,22613,PACK OF 20 SPACEBOY NAPKINS
1537,22614,PACK OF 12 SPACEBOY TISSUES
1538,22615,PACK OF 12 CIRCUS PARADE TISSUES
1540,22617,BAKING SET SPACEBOY DESIGN
1541,22618,COOKING SET RETROSPOT
1542,22619,SET OF 6 SOLDIER SKITTLES
1543,22620,4 TRADITIONAL SPINNING TOPS
1544,22621,TRADITIONAL KNITTING NANCY
1545,22622,BOX OF VINTAGE ALPHABET BLOCKS
1546,22623,BOX OF VINTAGE JIGSAW BLOCKS
1547,22624,IVORY KITCHEN SCALES
1548,22625,RED KITCHEN SCALES
1549,22626,BLACK KITCHEN SCALES
1550,22627,MINT KITCHEN SCALES
1551,22628,PICNIC BOXES SET OF 3 RETROSPOT
1552,22629,SPACEBOY LUNCH BOX
1553,22630,DOLLY GIRL LUNCH BOX
1554,22631,CIRCUS PARADE LUNCH BOX
1555,22632,HAND WARMER RED RETROSPOT
1556,22633,HAND WARMER UNION JACK
1557,22634,CHILDS BREAKFAST SET SPACEBOY
1558,22635,CHILDS BREAKFAST SET DOLLY GIRL
1559,22636,CHILDS BREAKFAST SET CIRCUS PARADE
1560,22637,PIGGY BANK RETROSPOT
1561,22638,SET OF 4 NAPKIN CHARMS CROWNS
1562,22639,SET OF 4 NAPKIN CHARMS HEARTS
1563,22640,SET OF 4 NAPKIN CHARMS 3 KEYS
1564,22641,SET OF 4 NAPKIN CHARMS INSTRUMENT
1565,22642,SET OF 4 NAPKIN CHARMS STARS
1566,22643,SET OF 4 NAPKIN CHARMS LEAVES
1567,22644,CERAMIC CHERRY CAKE MONEY BANK
1568,22645,CERAMIC HEART FAIRY CAKE MONEY BANK
1569,22646,CERAMIC STRAWBERRY CAKE MONEY BANK
1570,22647,CERAMIC LOVE HEART MONEY BANK
1571,22649,STRAWBERRY FAIRY CAKE TEAPOT
1572,22650,CERAMIC PIRATE CHEST MONEY BANK
1573,22651,GENTLEMAN SHIRT REPAIR KIT
1574,22652,TRAVEL SEWING KIT
1575,22653,BUTTON BOX
1576,22654,DELUXE SEWING KIT
1577,22655,VINTAGE RED KITCHEN CABINET
1578,22656,VINTAGE BLUE KITCHEN CABINET
1579,22659,LUNCH BOX I LOVE LONDON
1580,22660,DOORMAT I LOVE LONDON
1581,22661,CHARLOTTE BAG DOLLY GIRL DESIGN
1582,22662,LUNCH BAG DOLLY GIRL DESIGN
1583,22663,JUMBO BAG DOLLY GIRL DESIGN
1584,22664,TOY TIDY DOLLY GIRL DESIGN
1585,22665,RECIPE BOX BLUE SKETCHBOOK DESIGN
1586,22666,RECIPE BOX PANTRY YELLOW DESIGN
1587,22667,RECIPE BOX RETROSPOT
1588,22668,PINK BABY BUNTING
1589,22669,RED BABY BUNTING
1590,22670,FRENCH WC SIGN BLUE METAL
1591,22671,FRENCH LAUNDRY SIGN BLUE METAL
1592,22672,FRENCH BATHROOM SIGN BLUE METAL
1593,22673,FRENCH GARDEN SIGN BLUE METAL
1594,22674,FRENCH TOILET SIGN BLUE METAL
1595,22675,FRENCH KITCHEN SIGN BLUE METAL
1596,22676,FRENCH BLUE METAL DOOR SIGN 1
1597,22677,FRENCH BLUE METAL DOOR SIGN 2
1598,22678,FRENCH BLUE METAL DOOR SIGN 3
1599,22679,FRENCH BLUE METAL DOOR SIGN 4
1600,22680,FRENCH BLUE METAL DOOR SIGN 5
1601,22681,FRENCH BLUE METAL DOOR SIGN 6
1602,22682,FRENCH BLUE METAL DOOR SIGN 7
1603,22683,FRENCH BLUE METAL DOOR SIGN 8
1604,22684,FRENCH BLUE METAL DOOR SIGN 9
1605,22685,FRENCH BLUE METAL DOOR SIGN 0
1606,22686,FRENCH BLUE METAL DOOR SIGN No
1607,22687,DOORMAT CHRISTMAS VILLAGE
1608,22688,DOORMAT PEACE ON EARTH BLUE
1609,22689,DOORMAT MERRY CHRISTMAS RED
1610,22690,DOORMAT HOME SWEET HOME BLUE
1611,22691,DOORMAT WELCOME SUNRISE
1612,22692,DOORMAT WELCOME TO OUR HOME
1613,22693,GROW A FLYTRAP OR SUNFLOWER IN TIN
1614,22694,WICKER STAR
1615,22695,WICKER WREATH SMALL
1616,22696,WICKER WREATH LARGE
1617,22697,GREEN REGENCY TEACUP AND SAUCER
1618,22698,PINK REGENCY TEACUP AND SAUCER
1619,22699,ROSES REGENCY TEACUP AND SAUCER
1620,22700,BLACK AND WHITE DOG BOWL
1621,22701,PINK DOG BOWL
1622,22702,BLACK AND WHITE CAT BOWL
1623,22703,PINK CAT BOWL
1624,22704,WRAP RED APPLES
1625,22705,WRAP GREEN PEARS
1626,22706,WRAP COWBOYS
1627,22707,WRAP MONSTER FUN
1628,22708,WRAP DOLLY GIRL
1629,22709,WRAP WEDDING DAY
1630,22710,WRAP I LOVE LONDON
1631,22711,WRAP CIRCUS PARADE
1632,22712,CARD DOLLY GIRL
1633,22713,CARD I LOVE LONDON
1634,22714,CARD BIRTHDAY COWBOY
1635,22715,CARD WEDDING DAY
1636,22716,CARD CIRCUS PARADE
66,16168M,FUNKY MONKEY GIFT BAG MEDIUM
1637,22717,CARD DOG AND BALL
1638,22718,CARD CAT AND TREE
1639,22719,GUMBALL MONOCHROME COAT RACK
1640,22720,SET OF 3 CAKE TINS PANTRY DESIGN
1641,22721,SET OF 3 CAKE TINS SKETCHBOOK
1642,22722,SET OF 6 SPICE TINS PANTRY DESIGN
1643,22723,SET OF 6 HERB TINS SKETCHBOOK
1644,22725,ALARM CLOCK BAKELIKE CHOCOLATE
1645,22726,ALARM CLOCK BAKELIKE GREEN
1646,22727,ALARM CLOCK BAKELIKE RED
1647,22728,ALARM CLOCK BAKELIKE PINK
1648,22729,ALARM CLOCK BAKELIKE ORANGE
1649,22730,ALARM CLOCK BAKELIKE IVORY
1650,22731,3D CHRISTMAS STAMPS STICKERS
1651,22732,3D VINTAGE CHRISTMAS STICKERS
1652,22733,3D TRADITIONAL CHRISTMAS STICKERS
1653,22734,SET OF 6 RIBBONS VINTAGE CHRISTMAS
1654,22735,RIBBON REEL SOCKS AND MITTENS
1655,22736,RIBBON REEL MAKING SNOWMEN
1656,22737,RIBBON REEL CHRISTMAS PRESENT
1657,22738,RIBBON REEL SNOWY VILLAGE
1658,22739,RIBBON REEL CHRISTMAS SOCK BAUBLE
1659,22740,POLKADOT PEN
1660,22741,FUNKY DIVA PEN
1661,22742,MAKE YOUR OWN PLAYTIME CARD KIT
1662,22743,MAKE YOUR OWN FLOWERPOWER CARD KIT
1663,22744,MAKE YOUR OWN MONSOON CARD KIT
1664,22745,POPPY'S PLAYHOUSE BEDROOM
1665,22746,POPPY'S PLAYHOUSE LIVINGROOM
1666,22747,POPPY'S PLAYHOUSE BATHROOM
1667,22748,POPPY'S PLAYHOUSE KITCHEN
1668,22749,FELTCRAFT PRINCESS CHARLOTTE DOLL
1669,22750,FELTCRAFT PRINCESS LOLA DOLL
1670,22751,FELTCRAFT PRINCESS OLIVIA DOLL
1671,22752,SET 7 BABUSHKA NESTING BOXES
1672,22753,SMALL YELLOW BABUSHKA NOTEBOOK
1673,22754,SMALL RED BABUSHKA NOTEBOOK
1674,22755,SMALL PURPLE BABUSHKA NOTEBOOK
1675,22756,LARGE YELLOW BABUSHKA NOTEBOOK
1676,22757,LARGE RED BABUSHKA NOTEBOOK
1677,22758,LARGE PURPLE BABUSHKA NOTEBOOK
1678,22759,SET OF 3 NOTEBOOKS IN PARCEL
1679,22760,"TRAY, BREAKFAST IN BED"
1680,22761,CHEST 7 DRAWER MA CAMPAGNE
1681,22762,CUPBOARD 3 DRAWER MA CAMPAGNE
1682,22763,KEY CABINET MA CAMPAGNE
1683,22764,"RUSTIC WOODEN CABINET, GLASS DOORS"
1684,22765,NEWSPAPER STAND
1685,22766,PHOTO FRAME CORNICE
1686,22767,TRIPLE PHOTO FRAME CORNICE
1687,22768,FAMILY PHOTO FRAME CORNICE
1688,22769,CHALKBOARD KITCHEN ORGANISER
1689,22770,MIRROR CORNICE
1690,22771,CLEAR DRAWER KNOB ACRYLIC EDWARDIAN
1691,22772,PINK DRAWER KNOB ACRYLIC EDWARDIAN
1692,22773,GREEN DRAWER KNOB ACRYLIC EDWARDIAN
1693,22774,RED DRAWER KNOB ACRYLIC EDWARDIAN
1694,22775,PURPLE DRAWERKNOB ACRYLIC EDWARDIAN
1695,22776,SWEETHEART CAKESTAND 3 TIER
1696,22777,GLASS CLOCHE LARGE
1697,22778,GLASS CLOCHE SMALL
1698,22779,WOODEN OWLS LIGHT GARLAND
1699,22780,LIGHT GARLAND BUTTERFILES PINK
1700,22781,GUMBALL MAGAZINE RACK
1701,22782,SET 3 WICKER STORAGE BASKETS
1702,22783,SET 3 WICKER OVAL BASKETS W LIDS
1703,22784,LANTERN CREAM GAZEBO
1704,22785,SQUARECUSHION COVER PINK UNION JACK
1705,22786,CUSHION COVER PINK UNION JACK
1706,22788,BROCANTE COAT RACK
1707,22789,T-LIGHT HOLDER SWEETHEART HANGING
1708,22791,T-LIGHT GLASS FLUTED ANTIQUE
1709,22792,FLUTED ANTIQUE CANDLE HOLDER
1710,22794,SWEETHEART WIRE MAGAZINE RACK
1711,22795,SWEETHEART RECIPE BOOK STAND
1712,22796,PHOTO FRAME 3 CLASSIC HANGING
1713,22797,CHEST OF DRAWERS GINGHAM HEART
1714,22798,ANTIQUE GLASS DRESSING TABLE POT
1715,22799,SWEETHEART WIRE FRUIT BOWL
1716,22800,ANTIQUE TALL SWIRLGLASS TRINKET POT
1717,22801,ANTIQUE GLASS PEDESTAL BOWL
1718,22802,FAUX FUR CHOCOLATE THROW
1719,22803,IVORY EMBROIDERED QUILT
1720,22804,CANDLEHOLDER PINK HANGING HEART
1721,22805,BLUE DRAWER KNOB ACRYLIC EDWARDIAN
1722,22806,SET OF 6 T-LIGHTS WEDDING CAKE
1723,22807,SET OF 6 T-LIGHTS TOADSTOOLS
1724,22808,SET OF 6 T-LIGHTS EASTER CHICKS
1725,22809,SET OF 6 T-LIGHTS SANTA
1726,22810,SET OF 6 T-LIGHTS SNOWMEN
1727,22811,SET OF 6 T-LIGHTS CACTI
1728,22812,PACK 3 BOXES CHRISTMAS PANNETONE
1729,22813,PACK 3 BOXES BIRD PANNETONE
1730,22814,CARD PARTY GAMES
1731,22815,CARD PSYCHEDELIC APPLES
1732,22816,CARD MOTORBIKE SANTA
1733,22817,CARD SUKI BIRTHDAY
1734,22818,CARD CHRISTMAS VILLAGE
1735,22819,"BIRTHDAY CARD, RETRO SPOT"
1736,22820,GIFT BAG BIRTHDAY
1737,22821,GIFT BAG PSYCHEDELIC APPLES
1738,22822,CREAM WALL PLANTER HEART SHAPED
1739,22823,CHEST NATURAL WOOD 20 DRAWERS
1740,22824,3 TIER SWEETHEART GARDEN SHELF
1741,22825,DECORATIVE PLANT POT WITH FRIEZE
1742,22826,LOVE SEAT ANTIQUE WHITE METAL
1743,22827,RUSTIC  SEVENTEEN DRAWER SIDEBOARD
1744,22828,REGENCY MIRROR WITH SHUTTERS
1745,22829,SWEETHEART WIRE WALL TIDY
1746,22830,UTILTY CABINET WITH HOOKS
1747,22831,WHITE BROCANTE SOAP DISH
1748,22832,BROCANTE SHELF WITH HOOKS
1749,22833,HALL CABINET WITH 3 DRAWERS
1750,22834,HAND WARMER BABUSHKA DESIGN
1751,22835,HOT WATER BOTTLE I AM SO POORLY
1752,22837,HOT WATER BOTTLE BABUSHKA
1753,22838,3 TIER CAKE TIN RED AND CREAM
1754,22839,3 TIER CAKE TIN GREEN AND CREAM
1755,22840,ROUND CAKE TIN VINTAGE RED
1756,22841,ROUND CAKE TIN VINTAGE GREEN
1757,22842,BISCUIT TIN VINTAGE RED
1758,22843,BISCUIT TIN VINTAGE GREEN
1759,22844,VINTAGE CREAM DOG FOOD CONTAINER
1760,22845,VINTAGE CREAM CAT FOOD CONTAINER
1761,22846,BREAD BIN DINER STYLE RED
1762,22847,BREAD BIN DINER STYLE IVORY
1763,22848,BREAD BIN DINER STYLE PINK
1764,22849,BREAD BIN DINER STYLE MINT
1765,22851,SET 20 NAPKINS FAIRY CAKES DESIGN
1766,22852,DOG BOWL VINTAGE CREAM
1767,22853,CAT BOWL VINTAGE CREAM
1768,22854,CREAM SWEETHEART EGG HOLDER
1769,22855,FINE WICKER HEART
1770,22856,ASSORTED EASTER DECORATIONS  BELLS
1771,22857,ASSORTED EASTER GIFT TAGS
1772,22858,EASTER TIN KEEPSAKE
1773,22859,EASTER TIN BUNNY BOUQUET
1774,22860,EASTER TIN CHICKS PINK DAISY
1775,22861,EASTER TIN CHICKS IN GARDEN
1776,22862,LOVE HEART NAPKIN BOX
1777,22863,SOAP DISH BROCANTE
1778,22865,HAND WARMER OWL DESIGN
1779,22866,HAND WARMER SCOTTY DOG DESIGN
1780,22867,HAND WARMER BIRD DESIGN
1781,22868,NUMBER TILE COTTAGE GARDEN 0
1782,22869,NUMBER TILE COTTAGE GARDEN 1
1783,22870,NUMBER TILE COTTAGE GARDEN 2
1784,22871,NUMBER TILE COTTAGE GARDEN 3
1785,22872,NUMBER TILE COTTAGE GARDEN 4
1786,22873,NUMBER TILE COTTAGE GARDEN 5
1787,22874,NUMBER TILE COTTAGE GARDEN 6
1788,22875,NUMBER TILE COTTAGE GARDEN 7
1789,22876,NUMBER TILE COTTAGE GARDEN 8
1790,22877,NUMBER TILE COTTAGE GARDEN 9
1791,22878,NUMBER TILE COTTAGE GARDEN No
1792,22879,NUMBER TILE VINTAGE FONT 0
1793,22880,NUMBER TILE VINTAGE FONT 1
1794,22881,NUMBER TILE VINTAGE FONT 2
1795,22882,NUMBER TILE VINTAGE FONT 3
1796,22883,NUMBER TILE VINTAGE FONT 4
1797,22884,NUMBER TILE VINTAGE FONT 5
1798,22885,NUMBER TILE VINTAGE FONT 6
1799,22886,NUMBER TILE VINTAGE FONT 7
1800,22887,NUMBER TILE VINTAGE FONT 8
1801,22888,NUMBER TILE VINTAGE FONT 9
1802,22889,NUMBER TILE VINTAGE FONT No
1803,22890,NOVELTY BISCUITS CAKE STAND 3 TIER
1804,22891,TEA FOR ONE POLKADOT
1805,22892,SET OF SALT AND PEPPER TOADSTOOLS
1806,22893,MINI CAKE STAND T-LIGHT HOLDER
1807,22894,TABLECLOTH RED APPLES DESIGN
1808,22895,SET OF 2 TEA TOWELS APPLE AND PEARS
1809,22896,PEG BAG APPLES DESIGN
1810,22897,OVEN MITT APPLES DESIGN
1811,22898,CHILDRENS APRON APPLES DESIGN
1812,22899,CHILDREN'S APRON DOLLY GIRL
1813,22900,SET 2 TEA TOWELS I LOVE LONDON
1814,22902,TOTE BAG I LOVE LONDON
1815,22903,CALENDAR FAMILY FAVOURITES
1816,22904,CALENDAR PAPER CUT DESIGN
1817,22905,CALENDAR IN SEASON DESIGN
1818,22906,12 MESSAGE CARDS WITH ENVELOPES
1819,22907,PACK OF 20 NAPKINS PANTRY DESIGN
1820,22908,PACK OF 20 NAPKINS RED APPLES
1821,22909,SET OF 20 VINTAGE CHRISTMAS NAPKINS
1822,22910,PAPER CHAIN KIT VINTAGE CHRISTMAS
1823,22911,PAPER CHAIN KIT LONDON
1824,22912,YELLOW COAT RACK PARIS FASHION
1825,22913,RED COAT RACK PARIS FASHION
1826,22914,BLUE COAT RACK PARIS FASHION
1827,22915,ASSORTED BOTTLE TOP  MAGNETS
1828,22916,HERB MARKER THYME
1829,22917,HERB MARKER ROSEMARY
1830,22918,HERB MARKER PARSLEY
1831,22919,HERB MARKER MINT
1832,22920,HERB MARKER BASIL
1833,22921,HERB MARKER CHIVES
1834,22922,FRIDGE MAGNETS US DINER ASSORTED
1835,22923,FRIDGE MAGNETS LES ENFANTS ASSORTED
1836,22924,FRIDGE MAGNETS LA VIE EN ROSE
1837,22925,BLUE GIANT GARDEN THERMOMETER
1838,22926,IVORY GIANT GARDEN THERMOMETER
1839,22927,GREEN GIANT GARDEN THERMOMETER
1840,22928,YELLOW GIANT GARDEN THERMOMETER
1841,22929,SCHOOL DESK AND CHAIR
1842,22930,BAKING MOULD HEART MILK CHOCOLATE
1843,22931,BAKING MOULD HEART WHITE CHOCOLATE
1844,22932,BAKING MOULD TOFFEE CUP CHOCOLATE
1845,22933,BAKING MOULD EASTER EGG MILK CHOC
1846,22934,BAKING MOULD EASTER EGG WHITE CHOC
1847,22935,BAKING MOULD ROSE MILK CHOCOLATE
1848,22936,BAKING MOULD ROSE WHITE CHOCOLATE
1849,22937,BAKING MOULD CHOCOLATE CUPCAKES
1850,22938,CUPCAKE LACE PAPER SET 6
1851,22939,APRON APPLE DELIGHT
1852,22940,FELTCRAFT CHRISTMAS FAIRY
1853,22941,CHRISTMAS LIGHTS 10 REINDEER
1854,22942,CHRISTMAS LIGHTS 10 SANTAS
1855,22943,CHRISTMAS LIGHTS 10 VINTAGE BAUBLES
1856,22944,CHRISTMAS METAL POSTCARD WITH BELLS
1857,22945,CHRISTMAS METAL TAGS ASSORTED
1858,22946,WOODEN ADVENT CALENDAR CREAM
1859,22947,WOODEN ADVENT CALENDAR RED
1860,22948,METAL DECORATION NAUGHTY CHILDREN
1861,22949,36 DOILIES DOLLY GIRL
1862,22950,36 DOILIES VINTAGE CHRISTMAS
1863,22951,60 CAKE CASES DOLLY GIRL DESIGN
1864,22952,60 CAKE CASES VINTAGE CHRISTMAS
1865,22953,BIRTHDAY PARTY CORDON BARRIER TAPE
1866,22954,HEN PARTY CORDON BARRIER TAPE
1867,22955,36 FOIL STAR CAKE CASES
1868,22956,36 FOIL HEART CAKE CASES
1869,22957,SET 3 PAPER VINTAGE CHICK PAPER EGG
1870,22959,WRAP CHRISTMAS VILLAGE
1871,22960,JAM MAKING SET WITH JARS
1872,22961,JAM MAKING SET PRINTED
1873,22962,JAM JAR WITH PINK LID
1874,22963,JAM JAR WITH GREEN LID
1875,22964,3 PIECE SPACEBOY COOKIE CUTTER SET
1876,22965,3 TRADITIONAl BISCUIT CUTTERS  SET
1877,22966,GINGERBREAD MAN COOKIE CUTTER
1878,22967,SET 3 SONG BIRD PAPER EGGS ASSORTED
1879,22968,ROSE COTTAGE KEEPSAKE BOX
1880,22969,HOMEMADE JAM SCENTED CANDLES
1881,22970,LONDON BUS COFFEE MUG
1882,22971,QUEENS GUARD COFFEE MUG
1883,22972,CHILDREN'S SPACEBOY MUG
1884,22973,CHILDREN'S CIRCUS PARADE MUG
1885,22974,CHILDRENS DOLLY GIRL MUG
1886,22975,SPACEBOY CHILDRENS EGG CUP
1887,22976,CIRCUS PARADE CHILDRENS EGG CUP
1888,22977,DOLLY GIRL CHILDRENS EGG CUP
1889,22978,PANTRY ROLLING PIN
1890,22979,PANTRY WASHING UP BRUSH
1891,22980,PANTRY SCRUBBING BRUSH
1892,22981,PANTRY APPLE CORER
1893,22982,PANTRY PASTRY BRUSH
1894,22983,CARD BILLBOARD FONT
1895,22984,CARD GINGHAM ROSE
1896,22985,WRAP BILLBOARD FONTS DESIGN
1897,22986,WRAP GINGHAM ROSE
1898,22987,WRAP SUMMER ROSE DESIGN
1899,22988,SOLDIERS EGG CUP
1900,22989,SET 2 PANTRY DESIGN TEA TOWELS
1901,22990,COTTON APRON PANTRY DESIGN
1902,22991,GIRAFFE WOODEN RULER
1903,22992,REVOLVER WOODEN RULER
1904,22993,SET OF 4 PANTRY JELLY MOULDS
1905,22994,TRAVEL CARD WALLET RETROSPOT
1906,22995,TRAVEL CARD WALLET SUKI
1907,22996,TRAVEL CARD WALLET VINTAGE TICKET
1908,22997,TRAVEL CARD WALLET UNION JACK
1909,22998,TRAVEL CARD WALLET KEEP CALM
1910,22999,TRAVEL CARD WALLET VINTAGE LEAF
1911,23000,TRAVEL CARD WALLET TRANSPORT
1912,23001,TRAVEL CARD WALLET DOTCOMGIFTSHOP
1913,23002,TRAVEL CARD WALLET SKULLS
1914,23003,TRAVEL CARD WALLET VINTAGE ROSE
1915,23004,TRAVEL CARD WALLET PANTRY
1916,23005,TRAVEL CARD WALLET I LOVE LONDON
1917,23006,TRAVEL CARD WALLET FLOWER MEADOW
1918,23007,SPACEBOY BABY GIFT SET
1919,23008,DOLLY GIRL BABY GIFT SET
1920,23009,I LOVE LONDON BABY GIFT SET
1921,23010,CIRCUS PARADE BABY GIFT SET
1922,23012,GLASS APOTHECARY BOTTLE PERFUME
1923,23013,GLASS APOTHECARY BOTTLE TONIC
1924,23014,GLASS APOTHECARY BOTTLE ELIXIR
1925,23015,CORDIAL GLASS JUG
1926,23016,GLASS TWIST BON BON JAR
1927,23017,APOTHECARY MEASURING JAR
1928,23018,LARGE APOTHECARY MEASURING JAR
1929,23019,SMALL APOTHECARY MEASURING JAR
1930,23020,GLASS  SONGBIRD STORAGE JAR
1931,23021,GLASS BONNE JAM JAR
1932,23022,SMALL BONNE JAM JAR  T-LIGHT HOLDER
1933,23023,RIDGED BONNE JAM JAR T-LIGHT HOLDER
1934,23024,LARGE BONNE JAM JAR  T-LIGHT HOLDER
1935,23025,DRAWER KNOB VINTAGE GLASS BALL
1936,23026,DRAWER KNOB VINTAGE GLASS STAR
1937,23027,DRAWER KNOB VINTAGE GLASS HEXAGON
1938,23028,DRAWER KNOB CRACKLE GLAZE BLUE
1939,23029,DRAWER KNOB CRACKLE GLAZE GREEN
1940,23031,DRAWER KNOB CRACKLE GLAZE PINK
1941,23032,DRAWER KNOB CRACKLE GLAZE IVORY
1942,23033,DRAWER KNOB CERAMIC RED
1943,23034,DRAWER KNOB CERAMIC BLACK
1944,23035,DRAWER KNOB CERAMIC IVORY
1945,23036,T-LIGHT HOLDER SILVER PETIT FOUR
1946,23037,CANDLE HOLDER SILVER MADELINE
1947,23038,T-LIGHT HOLDER SILVER SAUCER
1948,23039,T-LIGHT HOLDER SILVER HEART HANDLE
1949,23040,PAPER LANTERN 9 POINT SNOW STAR
1950,23041,PAPER LANTERN 9 POINT SNOW STAR
1951,23042,PAPER LANTERN 7 POINT SNOW STAR
1952,23043,PAPER LANTERN 9 POINT HOLLY STAR L
1953,23044,PAPER LANTERN 9 POINT HOLLY STAR S
1954,23045,PAPER LANTERN 5 POINT STAR MOON
1955,23046,PAPER LANTERN 9 POINT DELUXE STAR
1956,23047,PAPER LANTERN 5 POINT SEQUIN STAR
1957,23048,SET OF 10 LANTERNS FAIRY LIGHT STAR
1958,23049,RECYCLED ACAPULCO MAT RED
1959,23050,RECYCLED ACAPULCO MAT GREEN
1960,23051,RECYCLED ACAPULCO MAT BLUE
1961,23052,RECYCLED ACAPULCO MAT TURQUOISE
1962,23053,RECYCLED ACAPULCO MAT PINK
1963,23054,RECYCLED ACAPULCO MAT LAVENDER
1964,23055,IVORY CHANDELIER T-LIGHT HOLDER
1965,23056,FLOWERS CHANDELIER T-LIGHT HOLDER
1966,23057,BEADED CHANDELIER T-LIGHT HOLDER
1967,23058,CHRISTMAS HANGING SNOWFLAKE
1968,23059,Thrown away-rusty
1969,23060,HEART BEADED TRELLIS DECORATION
1970,23061,VINTAGE EMBOSSED HEART
1971,23064,CINDERELLA CHANDELIER
1972,23065,LARGE DECO JEWELLERY STAND
1973,23066,SMALL DECO JEWELLERY STAND
1974,23067,HANGING ENGRAVED METAL HEART
1975,23068,ALUMINIUM STAMPED HEART
1976,23069,EDWARDIAN PHOTO FRAME
1977,23070,EDWARDIAN HEART PHOTO FRAME
1978,23071,MARIE ANTOINETTE TRINKET BOX GOLD
1979,23072,MARIE ANTOINETTE TRINKET BOX SILVER
1980,23073,GEORGIAN TRINKET BOX
1981,23074,EMBOSSED HEART TRINKET BOX
1982,23075,PARLOUR CERAMIC WALL HOOK
1983,23076,ICE CREAM SUNDAE LIP GLOSS
1984,23077,DOUGHNUT LIP GLOSS
1985,23078,ICE CREAM PEN LIP GLOSS
1986,23079,TOADSTOOL BEDSIDE LIGHT
1987,23080,RED METAL BOX TOP SECRET
1988,23081,GREEN METAL BOX ARMY SUPPLIES
1989,23082,SET 6 PAPER TABLE LANTERN HEARTS
1990,23083,SET 6 PAPER TABLE LANTERN STARS
1991,23084,RABBIT NIGHT LIGHT
1992,23085,ANTIQUE SILVER BAUBLE LAMP
1993,23086,ZINC  STAR T-LIGHT HOLDER
1994,23087,ZINC  HEART T-LIGHT HOLDER
1995,23088,ZINC HEART FLOWER T-LIGHT HOLDER
1996,23089,GLASS BON BON JAR
1997,23090,VINTAGE GLASS T-LIGHT HOLDER
1998,23091,ZINC HERB GARDEN CONTAINER
1999,23092,LARGE ANTIQUE WHITE PHOTO FRAME
2000,23093,SMALL PARISIENNE HEART PHOTO FRAME
2001,23094,LE GRAND TRAY CHIC SET
2002,23096,PETIT TRAY CHIC
2003,23099,FRENCH CARRIAGE LANTERN
2004,23100,SILVER BELLS TABLE DECORATION
2005,23101,SILVER STARS TABLE DECORATION
2006,23102,SILVER HEARTS TABLE DECORATION
2007,23103,JINGLE BELL HEART DECORATION
2008,23104,IVORY CAFE HANGING LAMP
2009,23106,ZINC HEARTS PLANT POT HOLDER
2010,23107,WHITE HEARTS WIRE PLANT POT HOLDER
2011,23108,SET OF 10 LED DOLLY LIGHTS
2012,23109,PACK OF SIX LED TEA LIGHTS
2013,23110,PARISIENNE KEY CABINET
2014,23111,PARISIENNE SEWING BOX
2015,23112,PARISIENNE CURIO CABINET
2016,23113,PANTRY CHOPPING BOARD
2017,23114,VINTAGE LEAF CHOPPING BOARD
2018,23115,RED APPLES CHOPPING BOARD
2019,23116,VEGETABLE GARDEN CHOPPING BOARD
2020,23117,POPPY FIELDS CHOPPING BOARD
2021,23118,PARISIENNE JEWELLERY DRAWER
2022,23119,PACK OF 6 LARGE FRUIT STRAWS
2023,23120,PACK OF 6 SMALL FRUIT STRAWS
2024,23121,PACK OF 6 COCKTAIL PARASOL STRAWS
2025,23122,PARTY CHARMS 50 PIECES
2026,23123,COCKTAIL SWORDS 50 PIECES
2027,23124,18PC WOODEN CUTLERY SET DISPOSABLE
2028,23125,6PC WOOD PLATE SET DISPOSABLE
2029,23126,FELTCRAFT GIRL AMELIE KIT
2030,23127,FELTCRAFT GIRL NICOLE KIT
2031,23128,FELTCRAFT BOY JEAN-PAUL KIT
2032,23129,HEART SHAPED HOLLY WREATH
2033,23130,MISTLETOE HEART WREATH GREEN
2034,23131,MISTLETOE HEART WREATH CREAM
2035,23132,SMALL IVORY HEART WALL ORGANISER
2036,23133,LARGE IVORY HEART WALL ORGANISER
2037,23134,LARGE ZINC HEART WALL ORGANISER
2038,23135,SMALL ZINC HEART WALL ORGANISER
2039,23136,IVORY WIRE SWEETHEART LETTER TRAY
2040,23137,ZINC WIRE SWEETHEART LETTER TRAY
2041,23138,SINGLE WIRE HOOK IVORY HEART
2042,23139,SINGLE WIRE HOOK PINK HEART
2043,23140,TRIPLE WIRE HOOK IVORY HEART
2044,23141,TRIPLE WIRE HOOK PINK HEART
2045,23142,IVORY WIRE KITCHEN ORGANISER
2046,23143,ZINC WIRE KITCHEN ORGANISER
2047,23144,ZINC T-LIGHT HOLDER STARS SMALL
2048,23145,ZINC T-LIGHT HOLDER STAR LARGE
2049,23146,TRIPLE HOOK ANTIQUE IVORY ROSE
2050,23147,SINGLE ANTIQUE ROSE HOOK IVORY
2051,23148,MINIATURE ANTIQUE ROSE HOOK IVORY
2052,23149,ANTIQUE IVORY WIRE BOWL SMALL
2053,23150,IVORY SWEETHEART SOAP DISH
2054,23151,ZINC SWEETHEART SOAP DISH
2055,23152,IVORY SWEETHEART WIRE LETTER RACK
2056,23153,ZINC SWEETHEART WIRE LETTER RACK
2057,23154,SET OF 4 JAM JAR MAGNETS
2058,23155,KNICKERBOCKERGLORY MAGNET ASSORTED
2059,23156,SET OF 5 MINI GROCERY MAGNETS
2060,23157,SET OF 6 NATIVITY MAGNETS
2061,23158,SET OF 5 LUCKY CAT MAGNETS
2062,23159,SET OF 5 PANCAKE DAY MAGNETS
2063,23160,REGENCY TEA SPOON
2064,23161,REGENCY CAKE FORK
2065,23162,REGENCY TEA STRAINER
2066,23163,REGENCY SUGAR TONGS
2067,23164,REGENCY CAKE SLICE
2068,23165,LARGE CERAMIC TOP STORAGE JAR
2069,23166,MEDIUM CERAMIC TOP STORAGE JAR
2070,23167,SMALL CERAMIC TOP STORAGE JAR
2071,23168,CLASSIC CAFE SUGAR DISPENSER
2072,23169,CLASSIC GLASS COOKIE JAR
2073,23170,REGENCY TEA PLATE ROSES
2074,23171,REGENCY TEA PLATE GREEN
2075,23172,REGENCY TEA PLATE PINK
67,16169E,WRAP 50'S  CHRISTMAS
2076,23173,REGENCY TEAPOT ROSES
2077,23174,REGENCY SUGAR BOWL GREEN
2078,23175,REGENCY MILK JUG PINK
2079,23176,ABC TREASURE BOOK BOX
2080,23177,TREASURE ISLAND BOOK BOX
2081,23178,JAM CLOCK MAGNET
2082,23179,CLOCK MAGNET MUM'S KITCHEN
2083,23180,MUM'S KITCHEN CLOCK
2084,23181,BULL DOG BOTTLE TOP WALL CLOCK
2085,23182,TOILET SIGN OCCUPIED OR VACANT
2086,23183,MOTHER'S KITCHEN SPOON REST
2087,23184,BULL DOG BOTTLE OPENER
2088,23185,FRENCH STYLE STORAGE JAR JAM
2089,23186,FRENCH STYLE STORAGE JAR CAFE
2090,23187,FRENCH STYLE STORAGE JAR BONBONS
2091,23188,VINTAGE  2 METER FOLDING RULER
2092,23189,SET OF 12 FORK CANDLES
2093,23190,BUNDLE OF 3 SCHOOL EXERCISE BOOKS
2094,23191,BUNDLE OF 3 RETRO NOTE BOOKS
2095,23192,BUNDLE OF 3 ALPHABET EXERCISE BOOKS
2096,23193,BUFFALO BILL TREASURE BOOK BOX
2097,23194,GYMKHANA TREASURE BOOK BOX
2098,23196,VINTAGE LEAF MAGNETIC NOTEPAD
2099,23197,SKETCHBOOK MAGNETIC SHOPPING LIST
2100,23198,PANTRY MAGNETIC  SHOPPING LIST
2102,23200,JUMBO BAG PEARS
2103,23201,JUMBO BAG ALPHABET
2104,23202,JUMBO BAG VINTAGE LEAF
2105,23203,JUMBO BAG VINTAGE DOILY
2106,23204,CHARLOTTE BAG APPLES DESIGN
2107,23205,CHARLOTTE BAG VINTAGE ALPHABET
2108,23206,LUNCH BAG APPLE DESIGN
2109,23207,LUNCH BAG ALPHABET DESIGN
2110,23208,LUNCH BAG VINTAGE LEAF DESIGN
2111,23209,LUNCH BAG VINTAGE DOILY
2112,23210,WHITE ROCKING HORSE HAND PAINTED
2113,23211,RED ROCKING HORSE HAND PAINTED
2114,23212,HEART WREATH DECORATION WITH BELL
2115,23213,STAR WREATH DECORATION WITH BELL
2116,23214,JINGLE BELL HEART ANTIQUE GOLD
2117,23215,JINGLE BELL HEART ANTIQUE SILVER
2118,23216,LAUREL HEART ANTIQUE GOLD
2119,23217,LAUREL HEART ANTIQUE SILVER
2120,23218,LAUREL STAR ANTIQUE GOLD
2121,23219,LAUREL STAR ANTIQUE SILVER
2122,23220,REINDEER HEART DECORATION GOLD
2123,23221,REINDEER HEART DECORATION SILVER
2124,23222,CHRISTMAS TREE HANGING GOLD
2125,23223,CHRISTMAS TREE HANGING SILVER
2126,23224,CHERUB HEART DECORATION GOLD
2127,23225,CHERUB HEART DECORATION SILVER
2128,23226,FILIGREE HEART DAISY WHITE
2129,23227,FILIGREE HEART BUTTERFLY WHITE
2130,23228,FILIGREE HEART BIRD WHITE
2131,23229,VINTAGE DONKEY TAIL GAME
2132,23230,WRAP ALPHABET DESIGN
2133,23231,WRAP DOILEY DESIGN
2134,23232,WRAP VINTAGE LEAF DESIGN
2135,23233,WRAP POPPIES  DESIGN
2136,23234,BISCUIT TIN VINTAGE CHRISTMAS
2137,23235,STORAGE TIN VINTAGE LEAF
2138,23236,STORAGE TIN VINTAGE DOILY
2139,23237,SET OF 4 KNICK KNACK TINS LEAF
2140,23238,SET OF 4 KNICK KNACK TINS LONDON
2141,23239,SET OF 4 KNICK KNACK TINS POPPIES
2142,23240,SET OF 4 KNICK KNACK TINS DOILY
2143,23241,TREASURE TIN GYMKHANA DESIGN
2144,23242,TREASURE TIN BUFFALO BILL
2145,23243,SET OF TEA COFFEE SUGAR TINS PANTRY
2146,23244,ROUND STORAGE TIN VINTAGE LEAF
2147,23245,SET OF 3 REGENCY CAKE TINS
2148,23247,BISCUIT TIN 50'S CHRISTMAS
2149,23249,VINTAGE RED ENAMEL TRIM PLATE
2150,23250,VINTAGE RED TRIM ENAMEL BOWL
2151,23251,VINTAGE RED ENAMEL TRIM MUG
2152,23252,VINTAGE RED ENAMEL TRIM JUG
2153,23253,16 PIECE CUTLERY SET PANTRY DESIGN
2154,23254,CHILDRENS CUTLERY DOLLY GIRL
2155,23255,CHILDRENS CUTLERY CIRCUS PARADE
2156,23256,CHILDRENS CUTLERY SPACEBOY
2157,23263,SET OF 3 WOODEN HEART DECORATIONS
2158,23264,SET OF 3 WOODEN SLEIGH DECORATIONS
2159,23265,SET OF 3 WOODEN TREE DECORATIONS
2160,23266,SET OF 3 WOODEN STOCKING DECORATION
2161,23267,SET OF 4 SANTA PLACE SETTINGS
2162,23268,SET OF 2 CERAMIC CHRISTMAS REINDEER
2163,23269,SET OF 2 CERAMIC CHRISTMAS TREES
2164,23270,SET OF 2 CERAMIC PAINTED HEARTS
2165,23271,CHRISTMAS TABLE SILVER CANDLE SPIKE
2166,23272,TREE T-LIGHT HOLDER WILLIE WINKIE
2167,23273,HEART T-LIGHT HOLDER WILLIE WINKIE
2168,23274,STAR T-LIGHT HOLDER WILLIE WINKIE
2169,23275,SET OF 3 HANGING OWLS OLLIE BEAK
2170,23280,FOLDING BUTTERFLY MIRROR HOT PINK
2171,23281,FOLDING BUTTERFLY MIRROR RED
2172,23282,FOLDING BUTTERFLY MIRROR IVORY
2173,23283,DOORMAT VINTAGE LEAF
2174,23284,DOORMAT KEEP CALM AND COME IN
2175,23285,PINK VINTAGE SPOT BEAKER
2176,23286,BLUE VINTAGE SPOT BEAKER
2177,23287,RED VINTAGE SPOT BEAKER
2178,23288,GREEN VINTAGE SPOT BEAKER
2179,23289,DOLLY GIRL CHILDRENS BOWL
2180,23290,SPACEBOY CHILDRENS BOWL
2181,23291,DOLLY GIRL CHILDRENS CUP
2182,23292,SPACEBOY CHILDRENS CUP
2183,23293,SET OF 12 FAIRY CAKE BAKING CASES
2184,23294,SET OF 6 SNACK LOAF BAKING CASES
2185,23295,SET OF 12 MINI LOAF BAKING CASES
2186,23296,SET OF 6 TEA TIME BAKING CASES
2187,23297,SET 40 HEART SHAPE PETIT FOUR CASES
2188,23298,SPOTTY BUNTING
2189,23299,FOOD COVER WITH BEADS SET 2
2190,23300,GARDENERS KNEELING PAD CUP OF TEA
2191,23301,GARDENERS KNEELING PAD KEEP CALM
2192,23302,KNEELING MAT HOUSEWORK  DESIGN
2193,23303,SET 4 PICNIC CUTLERY FONDANT
2194,23304,SET 4 PICNIC CUTLERY CHERRY
2195,23305,SET 4 PICNIC CUTLERY BLUEBERRY
2196,23306,SET OF 36 DOILIES PANTRY DESIGN
2197,23307,SET OF 60 PANTRY DESIGN CAKE CASES
2198,23308,SET OF 60 VINTAGE LEAF CAKE CASES
2199,23309,SET OF 60 I LOVE LONDON CAKE CASES
2200,23310,BUBBLEGUM RING ASSORTED
2201,23311,VINTAGE CHRISTMAS STOCKING
2202,23312,VINTAGE CHRISTMAS GIFT SACK
2203,23313,VINTAGE CHRISTMAS BUNTING
2204,23314,VINTAGE CHRISTMAS TABLECLOTH
2205,23315,IVORY REFECTORY CLOCK
2206,23316,RED REFECTORY CLOCK
2207,23317,BLUE REFECTORY CLOCK
2208,23318,BOX OF 6 MINI VINTAGE CRACKERS
2209,23319,BOX OF 6 MINI 50'S CRACKERS
2210,23320,GIANT 50'S CHRISTMAS CRACKER
2211,23321,SMALL WHITE HEART OF WICKER
2212,23322,LARGE WHITE HEART OF WICKER
2213,23323,WHITE WICKER STAR
2214,23324,RUSTIC STRAWBERRY JAM POT LARGE
2215,23325,RUSTIC STRAWBERRY JAM POT SMALL
2216,23326,HANGING MINI COLOURED BOTTLES
2217,23327,HANGING CLEAR MINI BOTTLE
2218,23328,SET 6 SCHOOL MILK BOTTLES IN CRATE
2219,23329,DECORATIVE WICKER HEART LARGE
2220,23330,DECORATIVE WICKER HEART MEDIUM
2221,23331,DECORATIVE WICKER HEART SMALL
2222,23332,IVORY WICKER HEART LARGE
2223,23333,IVORY WICKER HEART MEDIUM
2224,23334,IVORY WICKER HEART SMALL
2225,23335,EGG FRYING PAN IVORY
2226,23336,EGG FRYING PAN PINK
2227,23337,EGG FRYING PAN MINT
2228,23338,EGG FRYING PAN RED
2229,23339,EGG FRYING PAN BLUE
2230,23340,VINTAGE CHRISTMAS CAKE FRILL
2231,23341,PINK DINER WALL CLOCK
2232,23342,MINT DINER WALL CLOCK
2233,23343,JUMBO BAG VINTAGE CHRISTMAS
2234,23344,JUMBO BAG 50'S CHRISTMAS
2235,23345,DOLLY GIRL BEAKER
2236,23346,SPACEBOY BEAKER
2237,23347,I LOVE LONDON BEAKER
2238,23348,CHILDRENS TOY COOKING UTENSIL SET
2239,23349,ROLL WRAP VINTAGE CHRISTMAS
2240,23350,ROLL WRAP VINTAGE SPOT
2241,23351,ROLL WRAP 50'S CHRISTMAS
2242,23352,ROLL WRAP 50'S RED CHRISTMAS
2243,23353,6 GIFT TAGS VINTAGE CHRISTMAS
2244,23354,6 GIFT TAGS 50'S CHRISTMAS
2245,23355,HOT WATER BOTTLE KEEP CALM
2246,23356,LOVE HOT WATER BOTTLE
2247,23357,HOT WATER BOTTLE SEX BOMB
2248,23358,HOT STUFF HOT WATER BOTTLE
2249,23359,SET OF 12 T-LIGHTS VINTAGE DOILY
2250,23360,SET 8 CANDLES VINTAGE DOILY
2251,23365,SET 12 COLOUR PENCILS LOVE LONDON
2252,23366,SET 12 COLOURING PENCILS DOILY
2253,23367,SET 12 COLOUR PENCILS SPACEBOY
2254,23368,SET 12 COLOUR PENCILS DOLLY GIRL
2255,23369,SET 36 COLOUR PENCILS LOVE LONDON
2256,23370,SET 36 COLOURING PENCILS DOILY
2257,23371,SET 36 COLOUR PENCILS SPACEBOY
2258,23372,SET 36 COLOUR PENCILS DOLLY GIRL
2259,23373,VINTAGE CHRISTMAS PAPER GIFT BAG
2260,23374,RED SPOT PAPER GIFT BAG
2261,23375,50'S CHRISTMAS PAPER GIFT BAG
2262,23376,PACK OF 12 VINTAGE CHRISTMAS TISSUE
2263,23377,PACK OF 12 DOLLY GIRL TISSUES
2264,23378,PACK OF 12 50'S CHRISTMAS TISSUES
2265,23379,PACK OF 12 RED APPLE TISSUES
2266,23380,PACK OF 12 VINTAGE DOILY TISSUES
2267,23381,PACK OF 12 VINTAGE LEAF TISSUES
2268,23382,BOX OF 6 CHRISTMAS CAKE DECORATIONS
2269,23388,WOODLAND MINI BACKPACK
2270,23389,SPACEBOY MINI BACKPACK
2271,23390,DOLLY GIRL MINI BACKPACK
2272,23391,I LOVE LONDON MINI BACKPACK
2273,23392,SPACEBOY ROCKET LOLLY MAKERS
2274,23393,HOME SWEET HOME CUSHION COVER
2275,23394,POSTE FRANCE CUSHION COVER
2276,23395,BELLE JARDINIERE CUSHION COVER
2277,23396,LE JARDIN BOTANIQUE CUSHION COVER
2278,23397,FOOT STOOL HOME SWEET HOME
2279,23398,HANGING HEART BONHEUR
2280,23399,HOME SWEET HOME HANGING HEART
2281,23400,SHELF WITH 4 HOOKS HOME SWEET HOME
2282,23401,RUSTIC MIRROR WITH LACE HEART
2283,23402,HOME SWEET HOME 3 PEG HANGER
2284,23403,LETTER HOLDER HOME SWEET HOME
2285,23404,HOME SWEET HOME BLACKBOARD
2286,23405,HOME SWEET HOME 2 DRAWER CABINET
2287,23406,HOME SWEET HOME KEY HOLDER
2288,23407,SET OF 2 TRAYS HOME SWEET HOME
2289,23408,PHOTO FRAME LINEN AND LACE SMALL
2290,23409,PHOTO FRAME LINEN AND LACE LARGE
2291,23410,CURIO CABINET LINEN AND LACE
2292,23411,TRELLIS COAT RACK
2293,23412,HEART MIRROR ANTIQUE WHITE
2294,23413,VINTAGE COFFEE GRINDER BOX
2295,23414,ZINC BOX SIGN HOME
2296,23415,HOME SWEET HOME HOOK
2297,23416,CHAMBRE HOOK
2298,23417,BATHROOM HOOK
2299,23418,LAVENDER TOILETTE BOTTLE
2300,23419,HOME SWEET HOME BOTTLE
2301,23420,PANTRY HOOK TEA STRAINER
2302,23421,PANTRY HOOK SPATULA
2303,23422,PANTRY HOOK BALLOON WHISK
2304,23423,PANTRY 3 HOOK ROLLING PIN HANGER
2305,23424,GINGHAM RECIPE BOOK BOX
2306,23425,STORAGE TIN HOME SWEET HOME
2307,23426,METAL SIGN DROP YOUR PANTS
2308,23427,STOOL HOME SWEET HOME
2309,23428,IVORY RETRO KITCHEN WALL CLOCK
2310,23429,RED RETRO KITCHEN WALL CLOCK
2311,23430,BLUE RETRO KITCHEN WALL CLOCK
2312,23431,NATURAL HANGING QUILTED HEARTS
2313,23432,PRETTY HANGING QUILTED HEARTS
2314,23433,HANGING QUILTED PATCHWORK APPLES
2315,23434,3 RAFFIA RIBBONS 50'S CHRISTMAS
2316,23435,3 RAFFIA RIBBONS VINTAGE CHRISTMAS
2317,23436,VINTAGE CHRISTMAS GIFT BAG LARGE
2318,23437,50'S CHRISTMAS GIFT BAG LARGE
2319,23438,RED SPOT GIFT BAG LARGE
2320,23439,HAND WARMER RED LOVE HEART
2321,23440,PAINT YOUR OWN EGGS IN CRATE
2322,23441,HAND PAINTED HANGING EASTER EGG
2323,23442,12 HANGING EGGS HAND PAINTED
2324,23444,Next Day Carriage
2325,23445,ICE CREAM BUBBLES
2326,23446,BLUE BUNNY EASTER EGG BASKET
2327,23447,PINK BUNNY EASTER EGG BASKET
2328,23448,CREAM BUNNY EASTER EGG BASKET
2329,23449,SET OF 6 EASTER RAINBOW CHICKS
2330,23451,SQUARE MINI PORTRAIT FRAME
2331,23452,HEART MINI PORTRAIT FRAME
2332,23453,OVAL  MINI PORTRAIT FRAME
2333,23454,THREE MINI HANGING FRAMES
2334,23455,SMALL PARLOUR PICTURE FRAME
2335,23456,MEDIUM PARLOUR PICTURE FRAME
2336,23457,LARGE PARLOUR PICTURE FRAME
2337,23458,DOLLY CABINET 3 DRAWERS
2338,23459,DOLLY CABINET 2 DRAWERS
2339,23460,SWEETHEART WALL TIDY
2340,23461,SWEETHEART BIRD HOUSE
2341,23462,ROCOCO WALL MIRROR WHITE
2342,23463,VINTAGE ZINC WATERING CAN
2343,23464,VINTAGE ZINC WATERING CAN SMALL
2344,23465,TUSCAN VILLA BIRD FEEDER
2345,23466,TUSCAN VILLA DOVECOTE BIRD FEEDER
2346,23467,VINTAGE ZINC PLANTER
2347,23468,TUSCAN VILLA BIRD TABLE
2348,23469,CARD HOLDER LOVE BIRD SMALL
2349,23470,CARD HOLDER LOVE BIRD LARGE
2350,23471,SIX DRAWER OFFICE TIDY
2351,23472,NINE DRAWER OFFICE TIDY
2352,23473,WOODLAND SMALL RED FELT HEART
2353,23474,WOODLAND SMALL BLUE FELT HEART
2354,23475,WOODLAND SMALL PINK FELT HEART
2355,23476,WOODLAND LARGE RED FELT HEART
2356,23477,WOODLAND LARGE BLUE FELT HEART
2357,23478,WOODLAND LARGE PINK FELT HEART
2358,23479,WIRE EGG BASKET
2359,23480,MINI LIGHTS WOODLAND MUSHROOMS
2360,23481,PEARLISED IVORY HEART SMALL
2361,23482,PEARLISED IVORY HEART LARGE
2362,23483,HANGING  BUTTERFLY T-LIGHT HOLDER
2363,23484,HEART TRELLIS TRIPLE T-LIGHT HOLDER
2364,23485,BOTANICAL GARDENS WALL CLOCK
2365,23486,ANTIQUE HEART SHELF UNIT
2366,23487,SWEET HEART CAKE CARRIER
2367,23489,VINTAGE BELLS GARLAND
2368,23490,T-LIGHT HOLDER HANGING LOVE BIRD
2369,23491,VINTAGE JINGLE BELLS HEART
2370,23492,VINTAGE JINGLE BELLS WREATH
2371,23493,VINTAGE DOILY TRAVEL SEWING KIT
2372,23494,VINTAGE DOILY DELUXE SEWING KIT
2373,23495,SET OF 3 PANTRY WOODEN SPOONS
2374,23496,PANTRY KITCHEN THERMOMETER
2375,23497,CLASSIC CHROME BICYCLE BELL
2376,23498,CLASSIC BICYCLE CLIPS
2377,23499,SET 12 VINTAGE DOILY CHALK
2378,23500,KEY RING BASEBALL BOOT ASSORTED
2379,23501,KEY RING BASEBALL BOOT UNION JACK
2380,23502,PLAYING CARDS VINTAGE DOILY
2381,23503,PLAYING CARDS KEEP CALM & CARRY ON
2382,23504,PLAYING CARDS JUBILEE UNION JACK
2383,23505,PLAYING CARDS I LOVE LONDON
2384,23506,MINI PLAYING CARDS SPACEBOY
2385,23507,MINI PLAYING CARDS BUFFALO BILL
2386,23508,MINI PLAYING CARDS DOLLY GIRL
2387,23509,MINI PLAYING CARDS FUN FAIR
2388,23510,MINI PLAYING CARDS GYMKHANA
2389,23511,EMBROIDERED RIBBON REEL EMILY
2390,23512,EMBROIDERED RIBBON REEL ROSIE
2391,23513,EMBROIDERED RIBBON REEL SUSIE
2392,23514,EMBROIDERED RIBBON REEL SALLY
2393,23515,EMBROIDERED RIBBON REEL DAISY
2394,23516,EMBROIDERED RIBBON REEL SOPHIE
2395,23517,EMBROIDERED RIBBON REEL REBECCA
2396,23518,EMBROIDERED RIBBON REEL RACHEL
2397,23519,EMBROIDERED RIBBON REEL CLAIRE
2398,23520,EMBROIDERED RIBBON REEL RUBY
2399,23521,WALL ART CAT AND BIRD
2400,23522,WALL ART DOG AND BALL
2401,23523,WALL ART TREASURE AHOY
2402,23524,WALL ART HORSE & PONY
2403,23525,WALL ART BUFFALO BILL
2404,23526,WALL ART DOG LICENCE
68,16169K,WRAP FOLK ART
2405,23527,WALL ART ANIMALS AND NATURE
2406,23528,WALL ART SPACEBOY
2407,23529,WALL ART DOLLY GIRL
2408,23530,WALL ART ONLY ONE PERSON
2409,23531,WALL ART BIG LOVE
2410,23532,WALL ART WORK REST AND PLAY
2411,23533,WALL ART GARDEN HAVEN
2412,23534,WALL ART STOP FOR TEA
2413,23535,WALL ART BICYCLE SAFETY
2414,23536,WALL ART VILLAGE SHOW
2415,23537,WALL ART I LOVE LONDON
2416,23538,WALL ART VINTAGE HEART
2417,23539,WALL ART LOVES' SECRET
2418,23540,WALL ART THE MAGIC FOREST
2419,23541,WALL ART CLASSIC PUDDINGS
2420,23542,WALL ART 70'S ALPHABET
2421,23543,WALL ART KEEP CALM
2422,23544,WALL ART MID CENTURY MODERN
2423,23545,WRAP RED VINTAGE DOILY
2424,23546,WRAP PAISLEY PARK
2425,23547,WRAP FLOWER SHOP
2426,23548,WRAP MAGIC FOREST
2427,23549,WRAP BIRD GARDEN
2428,23550,WRAP ALPHABET POSTER
2429,23551,PACK OF 12 PAISLEY PARK TISSUES
2430,23552,BICYCLE PUNCTURE REPAIR KIT
2431,23553,LANDMARK FRAME CAMDEN TOWN
2432,23554,LANDMARK FRAME OXFORD STREET
2433,23555,LANDMARK FRAME NOTTING HILL
2434,23556,LANDMARK FRAME COVENT GARDEN
2435,23557,LANDMARK FRAME BAKER STREET
2436,23558,LANDMARK FRAME LONDON BRIDGE
2437,23559,WOODLAND BUNNIES LOLLY MAKERS
2438,23560,SET OF 6 RIBBONS COUNTRY STYLE
2439,23561,SET OF 6 RIBBONS PARTY
2440,23562,SET OF 6 RIBBONS PERFECTLY PRETTY
2441,23564,EGG CUP MILKMAID INGRID
2442,23565,EGG CUP MILKMAID HELGA
2443,23566,EGG CUP MILKMAID HEIDI
2444,23567,EGG CUP HENRIETTA HEN PINK
2445,23568,EGG CUP HENRIETTA HEN CREAM
2446,23569,TRADTIONAL ALPHABET STAMP SET
2447,23570,TRADITIONAL PICK UP STICKS GAME
2448,23571,TRADITIONAL NAUGHTS & CROSSES
2450,23575,SNACK TRAY PAISLEY PARK
2451,23576,SNACK TRAY RED VINTAGE DOILY
2452,23578,SNACK TRAY RED GINGHAM
2453,23579,SNACK TRAY I LOVE LONDON
2454,23580,SNACK TRAY HAPPY FOREST
2455,23581,JUMBO BAG PAISLEY PARK
2456,23582,VINTAGE DOILY JUMBO BAG RED
2457,23583,LUNCH BAG PAISLEY PARK
2458,23595,adjustment
2459,23597,PAPER BUNTING PAISLEY PARK
2460,23598,PAPER BUNTING VINTAGE PARTY
2461,23601,SET 10 CARDS SNOWY SNOWDROPS  17100
2462,23602,SET 10 CARDS 3 WISE MEN 17107
2463,23603,SET 10 CARD KRAFT REINDEER 17084
2464,23604,SET 10 MINI SANTA & SNOWMAN  17087
2465,23605,SET 10 CARDS 12 DAYS OF XMAS 17059
2466,23607,SET 10 CARDS HATS & STOCKINGS 17081
2467,23608,SET 10 CARDS RUDOLPHS NOSE 17097
2468,23609,SET 10 CARDS SNOWY ROBIN 17099
2469,23610,SET 10 CARDS CHRISTMAS ROBIN 17095
2470,23611,SET 10 CARDS RED RIDING HOOD 17214
2471,23612,SET 10 MINICARDS CUTE SNOWMAN 17071
2472,23613,SET 10 XMAS CARDS & BADGES 17070
2473,23614,SET 10 CARDS 12 DAYS WRAP  17058
2474,23615,SET 10 CARDS PRINTED GRAPHIC 17219
2475,23616,SET 10 CARDS JINGLE BELLS 17217
2476,23617,SET 10 CARDS SWIRLY XMAS TREE 17104
2477,23619,SET 10 CARDS POINSETTIA 17093
2478,23620,SET 10 CARDS PERFECT POST 17090
2479,23621,SET 10 CARDS DAVID'S MADONNA 17074
2480,23623,SET 10 CARD CHRISTMAS WELCOME 17112
2481,23624,SET 10 CARD PERFECT NATIVITY 17089
2482,23625,SET 6 CARDS SPARKLY REINDEER 17262
2483,23626,SET 10 CARDS DINKY TREE 17076
2484,23627,SET 10 CARDS XMAS GRAPHIC  17218
2485,23628,SET 10 CARDS TRIANGLE ICONS  17220
2486,23629,SET 10 CARDS DRESSING UP 17077
2487,23630,SET 10 CARDS HANGING BAUBLES 17080
2488,23632,SET 10 CARDS CHEERFUL ROBIN 17065
2489,23633,SET 10 CARDS WORLD CHILDREN 17067
2490,23634,SET 10 CARDS XMAS CHOIR 17068
2491,23635,SET 10 CARDS CHRISTMAS HOLLY  17259
2492,23636,SET 10 CARDS WISHING TREE 17116
2493,23637,SET 10 CARDS OUT OF ORDER 17216
2494,23638,SET 10 CARDS ROBIN WATERPUMP  17096
2495,23639,SET 10 CARDS MAGICAL TREE 17086
2496,23640,SET 10 CARDS SCOTTIE DOG 17211
2497,23643,SET 10 CARDS CHRISTMAS BAUBLE 16954
2498,23644,SET 10 CARDS CHRISTMAS TREE 16955
2499,23645,SET 10 CHRISTMAS CARDS HOHOHO 16956
2500,23646,SET 10 CARDS JINGLE BELLS 16957
2501,23649,SET 10 CARDS DECK THE HALLS 16960
2502,23650,SET 10 CARDS FILIGREE BAUBLE 16961
2503,23652,SET 10 CARD CHRISTMAS STAMPS 16963
2504,23654,SET 10 CARD SNOWMAN 16965
2505,23660,HENRIETTA HEN MUG
2506,23661,MILK MAIDS MUG
2507,23664,FLOWER SHOP DESIGN MUG
2508,23681,LUNCH BAG RED VINTAGE DOILY
2509,23691,WRAP KEEP CALM BIRTHDAY
2510,23692,WRAP A PRETTY THANK YOU
2511,23694,PAISLEY PARK CARD
2512,23695,DOILY THANK YOU CARD
2513,23697,A PRETTY THANK YOU CARD
2514,23702,High Resolution Image
2515,23843,"PAPER CRAFT , LITTLE BIRDIE"
2516,35001G,HAND OPEN SHAPE GOLD
2517,35001W,HAND OPEN SHAPE DECO.WHITE
2518,35004B,SET OF 3 BLACK FLYING DUCKS
2519,35004C,SET OF 3 COLOURED  FLYING DUCKS
2520,35004G,SET OF 3 GOLD FLYING DUCKS
2521,35004P,SET OF 3 PINK FLYING DUCKS
2522,35015,
2523,35095A,BLUE VICTORIAN FABRIC OVAL BOX
2524,35095B,RED VICTORIAN FABRIC OVAL BOX
2525,35241,ENAMEL BLUE RIM BISCUIT BIN
2526,35265,COLOURFUL FLOWER FRUIT BOWL
2527,35271S,GOLD PRINT PAPER BAG
2528,35400,WOODEN BOX ADVENT CALENDAR
2529,35443,RASTA IN BATH W SPLIFF ASHTRAY
2530,35471D,SET OF 3 BIRD LIGHT PINK FEATHER
2531,35591T,TURQUOISE CHRISTMAS TREE
2532,35592T,
2533,35594,
2534,35597A,DUSTY PINK CHRISTMAS TREE 30CM
2535,35597B,BLACKCHRISTMAS TREE 30CM
2536,35597D,PINK/WHITE CHRISTMAS TREE 30CM
2537,35598A,DUSTY PINK CHRISTMAS TREE 60CM
2538,35598B,BLACK CHRISTMAS TREE 60CM
2539,35598C,WHITE CHRISTMAS TREE 60CM
2540,35598D,PINK/WHITE CHRISTMAS TREE 60CM
2541,35599B,BLACK CHRISTMAS TREE 120CM
2542,35599D,PINK AND WHITE CHRISTMAS TREE 120CM
2543,35600A,Found by jackie
2545,35607A,PINK FLUFFY CHRISTMAS DECORATION
2546,35607B,BLACK FEATHER CHRISTMAS DECORATION
2547,35609A,PINK FEATHER CHRISTMAS DECORATION
2548,35610A,PINK CHRISTMAS FLOCK DROPLET
2549,35610B,BLACK CHRISTMAS FLOCK DROPLET
2550,35610C,WHITE CHRISTMAS FLOCK DROPLET
2551,35611B,thrown away
2552,35637A,IVORY STRING CURTAIN WITH POLE
2553,35637C,PINK STRING CURTAIN WITH POLE
2554,35638A,PINK AND BLACK STRING CURTAIN
2555,35638B,PINK/BLUE STRING CURTAIN
2556,35644,
2557,35645,VINTAGE BEAD PINK JEWEL BOX
2558,35646,VINTAGE BEAD PINK EVENING BAG
2559,35647,VINTAGE BEAD PINK SHADE
2560,35648,VINTAGE BEAD PINK PURSE
2561,35649,VINTAGE BEAD COSMETIC BAG
2562,35650,VINTAGE BEAD PINK JEWEL STAND
2563,35651,VINTAGE BEAD PINK SCARF
2564,35653,VINTAGE BEAD NOTEBOOK
2565,35809a,ENAMEL PINK TEA CONTAINER
2566,35809A,ENAMEL PINK TEA CONTAINER
2567,35809B,ENAMEL BLUE RIM TEA CONTAINER
2568,35810A,ENAMEL PINK COFFEE CONTAINER
2569,35810B,ENAMEL BLUE RIM COFFEE CONTAINER
2570,35815P,"ACRYLIC JEWEL SNOWFLAKE, PINK"
2571,35816P,"ACRYLIC JEWEL ANGEL,PINK"
2572,35817P,"ACRYLIC JEWEL SNOWFLAKE,PINK"
2573,35818B,"ACRYLIC JEWEL ICICLE, BLUE"
2574,35818P,"ACRYLIC JEWEL ICICLE, PINK"
2575,35819B,"ACRYLIC HANGING JEWEL,BLUE"
2576,35819P,"ACRYLIC HANGING JEWEL,PINK"
2577,35823P,
2578,35824B,
2579,35832,WOOLLY HAT SOCK GLOVE ADVENT STRING
2580,35833G,4 GOLD FLOCK CHRISTMAS BALLS
2581,35833P,4 PINK FLOCK CHRISTMAS BALLS
2582,35909A,RABBIT EASTER DECORATION
2583,35909B,PINK FLOWERS RABBIT EASTER
2584,35910A,MULTICOLOUR EASTER RABBIT
2585,35910B,PINK FLOWERS RABBIT EASTER
2586,35911A,MULTICOLOUR RABBIT EGG WARMER
2587,35911B,PINK/FLOWER RABBIT EGG WARMER
2588,35912B,WHITE/PINK CHICK DECORATION
2589,35913B,WHITE/PINK CHICK EASTER DECORATION
2590,35914,PINK CHICK EGG WARMER + EGG CUP
2591,35915B,BLUE KNITTED HEN
2592,35915C,PEACH KNITTED HEN
2593,35916A,YELLOW FELT HANGING HEART W FLOWER
2594,35916B,BLUE FELT HANGING HEART WITH FLOWER
2595,35916C,PINK FELT HANGING HEART W FLOWER
2596,35920,FOUR RABBIT EASTER DECORATIONS
2597,35921,EASTER BUNNY HANGING GARLAND
2598,35922,EASTER BUNNY WREATH
2599,35923,CANDY HEART HANGING DECORATION
2600,35924,HANGING FAIRY CAKE DECORATION
2601,35933,PINK STOCKING CHRISTMAS DECORATION
2602,35951,
2603,35953,FOLKART STAR CHRISTMAS DECORATIONS
2604,35954,SMALL FOLKART STAR CHRISTMAS DEC
2605,35957,SMALLFOLKART BAUBLE CHRISTMAS DEC
2606,35958,FOLKART ZINC STAR CHRISTMAS DEC
2607,35961,FOLKART ZINC HEART CHRISTMAS DEC
2608,35964,FOLKART CLIP ON STARS
2609,35965,FOLKART HEART NAPKIN RINGS
2610,35966,FOLKART CHRISTMAS TREE T-LIGHT HOLD
2611,35967,FOLK ART METAL STAR T-LIGHT HOLDER
2612,35968,FOLK ART METAL HEART T-LIGHT HOLDER
2613,35969,
2614,35970,ZINC FOLKART SLEIGH BELLS
2615,35971,ROSE FOLKART HEART DECORATIONS
2616,35972,DAISY FOLKART HEART DECORATION
2617,35991,
2618,37327,ASSTD MULTICOLOUR CIRCLES MUG
2619,37330,BIG POLKADOT MUG
2620,37333,"RETRO ""TEA FOR ONE"""
2621,37340,MULTICOLOUR SPRING FLOWER MUG
2622,37342,POLKADOT COFFEE CUP & SAUCER PINK
2623,37343,POLKADOT MUG PINK
2624,37351,ORANGE FLOWER MUG
2625,37370,RETRO COFFEE MUGS ASSORTED
2626,37379A,PINK CHERRY BLOSSOM CUP & SAUCER
2627,37413,ICON MUG REVOLUTIONARY
2628,37423,WHITE WITH BLACK CATS PLATE
69,16169M,WRAP DAISY CARPET
2629,37424,
2630,37444A,YELLOW BREAKFAST CUP AND SAUCER
2631,37444B,BLUE BREAKFAST CUP AND SAUCER
2632,37444C,PINK BREAKFAST CUP AND SAUCER
2633,37446,MINI CAKE STAND WITH HANGING CAKES
2634,37447,CERAMIC CAKE DESIGN SPOTTED PLATE
2635,37448,CERAMIC CAKE DESIGN SPOTTED MUG
2636,37449,CERAMIC CAKE STAND + HANGING CAKES
2637,37450,CERAMIC CAKE BOWL + HANGING CAKES
2638,37461,FUNKY MONKEY MUG
2639,37462E,"PET MUG, GOLDFISH"
2640,37464,ROBOT MUG IN DISPLAY BOX
2641,37467,PIG MUG IN TWO COLOUR DESIGNS
2642,37468,HARDMAN MUG 3 ASSORTED
2643,37471,MULTICOLOUR POLKADOT PLATE
2644,37474,SET/4 2 TONE EGG SHAPE MIXING BOWLS
2645,37475,SET/4 COLOURFUL MIXING BOWLS
2646,37476,CONDIMENT TRAY 4 BOWLS AND 4 SPOONS
2647,37477B,
2648,37477C,
2649,37477D,
2650,37479B,CUBIC MUG FLOCK BLUE ON BROWN
2651,37479P,CUBIC MUG FLOCK PINK ON BROWN
2652,37482P,CUBIC MUG PINK POLKADOT
2653,37487B,YELLOW/ORANGE FLOWER DESIGN PLATE
2654,37488A,YELLOW PINK FLOWER DESIGN BIG BOWL
2655,37489A,YELLOW/PINK FLOWER DESIGN BIG MUG
2656,37489B,BLUE/YELLOW FLOWER DESIGN BIG MUG
2657,37489C,GREEN/BLUE FLOWER DESIGN BIG MUG
2658,37489D,PINK/GREEN FLOWER DESIGN BIG MUG
2659,37491A,YELLOW/PINK CERAMIC CANDLE HOLDER
2660,37491B,BLUE/YELLOW CERAMIC CANDLE HOLDER
2661,37491C,GREEN/BLUE CERAMIC CANDLE HOLDER
2662,37491D,PURPLE/BLUE CERAMIC CANDLE HOLDER
2663,37495,FAIRY CAKE BIRTHDAY CANDLE SET
2664,37500,TEA TIME TEAPOT IN GIFT BOX
2665,37501,TEA TIME TEA SET IN GIFT BOX
2666,37503,TEA TIME CAKE STAND IN GIFT BOX
2667,37509,NEW ENGLAND MUG W GIFT BOX
2668,40001,WHITE BAMBOO RIBS LAMPSHADE
2669,40003,WHITE BAMBOO RIBS LAMPSHADE
2670,40005B,BLUE ORGANDY ROUND LAMPSHADE W BEA
2671,40016,CHINESE DRAGON PAPER LANTERNS
2672,40018F,
2673,40046A,RED DAISY PAPER LAMPSHADE
2674,44089A,PINK GAUZE BUTTERFLY LAMPSHADE
2675,44089C,LILAC GAUZE BUTTERFLY LAMPSHADE
2676,44091A,BLUE CRUSOE CHECK LAMPSHADE
2677,44092B,BLUE WHITE PLASTIC RINGS LAMPSHADE
2678,44092C,PURPLE/COPPER HANGING LAMPSHADE
2679,44228,CANNABIS LEAF BEAD CURTAIN
2680,44234,ASSORTED CIRCULAR MOBILE
2681,44235,ASSORTED COLOURED CIRCLE MOBILE
2682,44236,PINK/PURPLE CIRCLE CURTAIN
2683,44242A,LILAC FEATHERS CURTAIN
2684,44242B,PINK FEATHERS CURTAIN
2685,44265,M/COLOUR POM-POM CURTAIN
2686,45013,FOLDING SHOE TIDY
2687,46000M,POLYESTER FILLER PAD 45x45cm
2688,46000P,POLYESTER FILLER PAD 65CMx65CM
2689,46000R,POLYESTER FILLER PAD 45x30cm
2690,46000S,POLYESTER FILLER PAD 40x40cm
2691,46000U,POLYESTER FILLER PAD 30CMx30CM
2692,46037A,
2693,46115B,GREEN POP ART MAO CUSHION COVER
2694,46118,FUNKY MONKEY CUSHION COVER
2695,46126A,ELVIS WALLHANGING / CURTAIN
2696,46138B,BLUE CHENILLE SHAGGY CUSHION COVER
2697,46775D,SUNSET COLOUR CHUNKY KNITTED THROW
2698,46776a,WOVEN BUBBLE GUM CUSHION COVER
2699,46776A,WOVEN BUBBLE GUM CUSHION COVER
2700,46776b,WOVEN BERRIES CUSHION COVER
2701,46776B,WOVEN BERRIES CUSHION COVER
2702,46776C,WOVEN FROST CUSHION COVER
2703,46776D,WOVEN SUNSET CUSHION COVER
2704,46776e,WOVEN CANDY CUSHION COVER
2705,46776E,WOVEN CANDY CUSHION COVER
2706,46776f,WOVEN ROSE GARDEN CUSHION COVER
2707,46776F,WOVEN ROSE GARDEN CUSHION COVER
2708,47013A,WINE BOTTLE DRESSING LT.BLUE
2709,47013C,WINE BOTTLE DRESSING DARK BLUE
2710,47016,LIGHT DECORATION BATTERY OPERATED
2711,47021G,SET/6 BEAD COASTERS GAUZE BAG GOLD
2712,47310M,SMALL POP BOX FUNKY MONKEY
2713,47341A,FUSCHIA TABLE RUN FLOWER
2714,47341B,BLUE TABLE RUN FLOWER
2715,47343A,FUSCHIA FLOWER PURSE WITH BEADS
2716,47344B,BLUE FLOWER DES PURSE
2717,47348A,FUSCHIA VOILE POINTY SHOE DEC
2718,47351B,BLUE  VOILE LAMPSHADE
2719,47367B,PAIR PADDED HANGERS PINK CHECK
2720,47369A,PINK GREEN EMBROIDERY COSMETIC BAG
2721,47369B,BLUE GREEN EMBROIDERY COSMETIC BAG
2722,47420,ASSORTED COLOUR SUCTION CUP HOOK
2723,47421,ASSORTED COLOUR LIZARD SUCTION HOOK
2724,47422,ASSORTED MONKEY SUCTION CUP HOOK
2725,47469,ASSORTED SHAPES PHOTO CLIP SILVER
2726,47471,RAINBOW PEGS PHOTO CLIP STRING
2727,47480,HANGING PHOTO CLIP ROPE LADDER
2728,47481,50CM METAL STRING WITH  7 CLIPS
2729,47502,
2730,47503A,ASS FLORAL PRINT MULTI SCREWDRIVER
2731,47503H,ASS FLORAL PRINT SPIRIT LEVEL
2732,47503J,SET/3 FLORAL GARDEN TOOLS IN BAG
2733,47504H,ENGLISH ROSE SPIRIT LEVEL
2734,47504K,ENGLISH ROSE GARDEN SECATEURS
2735,47518f,ICON PLACEMAT POP ART ELVIS
2736,47518F,ICON PLACEMAT POP ART ELVIS
2737,47556B,TEA TIME TEA TOWELS
2738,47559b,TEA TIME OVEN GLOVE
2739,47559B,TEA TIME OVEN GLOVE
2740,47563A,RETRO LONGBOARD IRONING BOARD COVER
2741,47563B,
2742,47566,PARTY BUNTING
2743,47566b,TEA TIME PARTY BUNTING
2744,47566B,TEA TIME PARTY BUNTING
2745,47567B,TEA TIME KITCHEN APRON
2746,47570b,TEA TIME TABLE CLOTH
2747,47570B,TEA TIME TABLE CLOTH
2748,47574A,ENGLISH ROSE SCENTED HANGING FLOWER
2749,47574B,ENGLISH ROSE SCENTED HANGING HEART
2750,47578A,ENGLISH ROSE SMALL SCENTED FLOWER
2751,47579,TEA TIME BREAKFAST BASKET
2752,47580,TEA TIME DES TEA COSY
2753,47585A,PINK FAIRY CAKE CUSHION COVER
2754,47586A,PINK FAIRY CAKE CUSHION COVER
2755,47589,CONGRATULATIONS BUNTING
2756,47590A,BLUE HAPPY BIRTHDAY BUNTING
2757,47590b,PINK HAPPY BIRTHDAY BUNTING
2758,47590B,PINK HAPPY BIRTHDAY BUNTING
2759,47591A,
2760,47591b,SCOTTIES CHILDRENS APRON
2762,47591d,PINK FAIRY CAKE CHILDRENS APRON
2763,47591D,PINK FAIRY CAKE CHILDRENS APRON
2764,47593A,CAROUSEL PONIES BABY BIB
2765,47593b,SCOTTIE DOGS BABY BIB
2766,47593B,SCOTTIE DOGS BABY BIB
2767,47594A,CAROUSEL DESIGN WASHBAG
2768,47594B,SCOTTIES DESIGN WASHBAG
2769,47599A,PINK PARTY BAGS
2770,47599B,BLUE PARTY BAGS
2771,48111,DOORMAT 3 SMILEY CATS
2772,48116,DOORMAT MULTICOLOUR STRIPE
2773,48129,DOORMAT TOPIARY
2774,48138,DOORMAT UNION FLAG
2775,48173c,DOORMAT BLACK FLOCK
2776,48173C,DOORMAT BLACK FLOCK
2777,48184,DOORMAT ENGLISH ROSE
2778,48185,DOORMAT FAIRY CAKE
2779,48187,DOORMAT NEW ENGLAND
2780,48188,DOORMAT WELCOME PUPPIES
2781,48189,DOORMAT FRIENDSHIP
2782,48194,DOORMAT HEARTS
2783,51008,AFGHAN SLIPPER SOCK PAIR
2784,51014A,"FEATHER PEN,HOT PINK"
2785,51014c,"FEATHER PEN,COAL BLACK"
2786,51014C,"FEATHER PEN,COAL BLACK"
2787,51014L,"FEATHER PEN,LIGHT PINK"
2788,51020A,SUMMER FUN DESIGN SHOWER CAP
2789,51020B,STRIPY DESIGN SHOWER CAP
2790,62018,SOMBRERO
2791,62043B,BLUE CHECK BAG W HANDLE 34X20CM
2792,62074B,ELEPHANT CLIP W SUCTION CUP
2793,62086A,PINK RETRO BIG FLOWER BAG
2794,62094B,TURQ ICE CREAM BUM BAG
2795,62095B,
2796,62096A,PINK/YELLOW FLOWERS HANDBAG
2797,62096B,PURPLE/TURQ FLOWERS HANDBAG
2798,62097B,BLUE STRIPES SHOULDER BAG
2799,70006,LOVE HEART POCKET WARMER
2800,70007,HI TEC ALPINE HAND WARMER
2801,71038,WHITE HANGING BEADS CANDLE HOLDER
2802,71050,SMALL SINGLE FLAME CANDLE HOLDER
2803,71053,WHITE METAL LANTERN
2804,71101E,STANDING FAIRY POLE SUPPORT
2805,71143,SILVER BOOK MARK WITH BEADS
2806,71215,METAL BASE FOR CANDLES
2807,71270,PHOTO CLIP LINE
2808,71279,PINK GLASS CANDLEHOLDER
2809,71403,"PINK/WHITE ""KEEP CLEAN"" BULLET BIN"
2810,71406C,BLACK ORANGE SQUEEZER
2811,71459,HANGING JAM JAR T-LIGHT HOLDER
2812,71477,COLOUR GLASS. STAR T-LIGHT HOLDER
2813,71495A,CD WALL TIDY BLUE OFFICE
2814,71495B,CD WALL TIDY RED FLOWERS
2815,71496A,A4 WALL TIDY BLUE OFFICE
2816,71496B,A4 WALL TIDY RED FLOWERS
2817,71510,SQUARE METAL CANDLEHOLDER BASE
2818,72024U,LILAC VOTIVE CANDLE
2819,72038P,damages
2820,72051S,BAG OF SILVER STONES
2821,72122,COFFEE SCENT PILLAR CANDLE
2822,72127,COLUMBIAN CANDLE ROUND
2823,72128,COLUMBIAN CANDLE ROUND
2824,72130,COLUMBIAN CANDLE ROUND
2825,72131,COLUMBIAN CANDLE RECTANGLE
2826,72132,COLUMBIAN CUBE CANDLE
2827,72133,COLUMBIAN CANDLE RECTANGLE
2828,72134,COLUMBIAN  CUBE CANDLE
2829,72140E,BEST DAD CANDLE LETTERS
2830,72140F,throw away
2831,72225C,LAVENDER SCENT CAKE CANDLE
2832,72232,FENG SHUI PILLAR CANDLE
2833,72349b,SET/6 PURPLE BUTTERFLY T-LIGHTS
2834,72349B,SET/6 PURPLE BUTTERFLY T-LIGHTS
2835,72351a,SET/6 TURQUOISE BUTTERFLY T-LIGHTS
2836,72351A,SET/6 TURQUOISE BUTTERFLY T-LIGHTS
2837,72351B,SET/6 PINK  BUTTERFLY T-LIGHTS
2838,72369A,PINK CLEAR GLASS CANDLE PLATE
2839,72586,SET OF 6 HALLOWEEN GHOST T-LIGHTS
2840,72598,SET/12 TAPER CANDLES
2841,72709,IVORY SCULPTED RND CANDLE
2842,72732,thrown away-can't sell
2843,72741,GRAND CHOCOLATECANDLE
2844,72759,thrown away-can't sell.
2845,72760B,VINTAGE CREAM 3 BASKET CAKE STAND
2846,72780,BLACK SILOUETTE CANDLE PLATE
2847,72781,
2848,72783,BLACK SIL'T SQU CANDLE PLATE
2849,72789,
2850,72793,
2851,72798C,SET/4 GARDEN ROSE DINNER CANDLE
2852,72799C,PINK PILLAR CANDLE SILVER FLOCK
2853,72799E,IVORY PILLAR CANDLE SILVER FLOCK
2854,72799F,IVORY PILLAR CANDLE GOLD FLOCK
2855,72800B,4 PURPLE FLOCK DINNER CANDLES
2856,72800C,4 PINK DINNER CANDLE SILVER FLOCK
2857,72800D,4 BLUE DINNER CANDLES SILVER FLOCK
2858,72800E,4 IVORY DINNER CANDLES SILVER FLOCK
2859,72800F,
2860,72801c,4 ROSE PINK DINNER CANDLES
2861,72801C,4 ROSE PINK DINNER CANDLES
2862,72801d,4 SKY BLUE DINNER CANDLES
2863,72801D,4 SKY BLUE DINNER CANDLES
2864,72801G,4 BURGUNDY WINE DINNER CANDLES
2865,72802a,ROSE SCENT CANDLE IN JEWELLED BOX
2866,72802A,ROSE SCENT CANDLE IN JEWELLED BOX
2867,72802B,OCEAN SCENT CANDLE IN JEWELLED BOX
2868,72802c,VANILLA SCENT CANDLE JEWELLED BOX
2869,72802C,VANILLA SCENT CANDLE JEWELLED BOX
2870,72803A,ROSE SCENT CANDLE JEWELLED DRAWER
2871,72803b,OCEAN SCENT CANDLE JEWELLED DRAWER
2872,72803B,
2873,72807a,SET/3 ROSE CANDLE IN JEWELLED BOX
2874,72807A,SET/3 ROSE CANDLE IN JEWELLED BOX
2876,72807B,SET/3 OCEAN SCENT CANDLE JEWEL BOX
2877,72807c,SET/3 VANILLA SCENTED CANDLE IN BOX
2878,72807C,SET/3 VANILLA SCENTED CANDLE IN BOX
2879,72811,SMALL ZINC/GLASS CANDLEHOLDER
2880,72812,LARGE ZINC GLASS CANDLEHOLDER
2881,72814,
2882,72815,3 WICK CHRISTMAS BRIAR CANDLE
2883,72816,SET/3 CHRISTMAS DECOUPAGE CANDLES
2884,72817,SET OF 2 CHRISTMAS DECOUPAGE CANDLE
2885,72818,CHRISTMAS DECOUPAGE CANDLE
2886,72819,CUPID DESIGN SCENTED CANDLES
2887,72821,CUPID SCENTED CANDLE IN GLASS
2888,75011,BLUE DAISY MOBILE
2889,75013B,"STRING OF 8 BUTTERFLIES,PINK"
2890,75049L,LARGE CIRCULAR MIRROR MOBILE
2891,75131,METAL TUBE CHIME ON BAMBOO
2892,75172,PAINTED SEA SHELL METAL WINDCHIME
2893,75178,ASSTD COL BUTTERFLY/CRYSTAL W/CHIME
2894,77079,DOLPHIN WINDMILL
2895,77081,
2896,77101A,UNION FLAG WINDSOCK
2897,78027,
2898,78033,FLAG OF ST GEORGE CHAIR
2899,78034B,BLUE NETTING STORAGE HANGER
2900,78124,MAGAZINE RACK GEBRA ASSORTED
2901,79000,MOROCCAN TEA GLASS
2902,79026B,"S/4 ICON COASTER,ELVIS LIVES"
2903,79030D,TUMBLER BAROQUE
2904,79030G,TUMBLER NEW ENGLAND
2905,79051A,SMOKEY GREY COLOUR D.O.F. GLASS
2906,79062D,"RETRO TIN ASHTRAY,REVOLUTIONARY"
2907,79063C,"RETRO PILL BOX KEY CHAIN,THE KING"
2908,79063D,"RETRO PILL BOX , REVOLUTIONARY"
2909,79066k,RETRO MOD TRAY
2910,79066K,RETRO MOD TRAY
2911,79067,CORONA MEXICAN TRAY
2912,79071B,ENGLISH ROSE METAL WASTE BIN
2913,79144B,PAINTED LIGHTBULB STAR+ MOON
2914,79144C,PAINTED LIGHTBULB RAINBOW DESIGN
2915,79149B,SILICON STAR BULB  BLUE
2916,79151B,"SILICON CUBE 25W, BLUE"
2917,79157B,UBO-LIGHT TRIOBASE BLUE
2918,79157V,UBO-LIGHT TRIOBASE PURPLE
2919,79160,HEART SHAPE WIRELESS DOORBELL
2920,79161A,ST GEORGE SET OF 10 PARTY LIGHTS
2921,79163,BLACK CHAMPAGNE GLASS
2922,79164,BLACK WINE GLASS
2923,79172D,
2924,79190A,RETRO PLASTIC 70'S TRAY
2925,79190B,RETRO PLASTIC POLKA TRAY
2926,79190D,RETRO PLASTIC DAISY TRAY
2927,79191B,RETRO PLASTIC POLKA TRAY
2928,79191C,RETRO PLASTIC ELEPHANT TRAY
2929,79191D,RETRO PLASTIC DAISY TRAY
2930,79192A,RETRO PLASTIC 70'S TRAY
2931,79302M,"ART LIGHTS,FUNK MONKEY"
2932,79320,FLAMINGO LIGHTS
2933,79321,CHILLI LIGHTS
2934,79323B,BLACK CHERRY LIGHTS
2935,79323G,"Unsaleable, destroyed."
2936,79323GR,"Unsaleable, destroyed."
2937,79323LP,"Unsaleable, destroyed."
2938,79323P,PINK CHERRY LIGHTS
2939,79323S,"Unsaleable, destroyed."
2940,79323W,"Unsaleable, destroyed."
2941,79329,PINK FLOCK GLASS CANDLEHOLDER
2942,79331,PINK FLOCK GLASS CANDLEHOLDER
2943,79336,LIGHT PINK FLOCK GLASS CANDLEHOLDER
2944,79337,BLUE FLOCK GLASS CANDLEHOLDER
2945,79341,"Unsaleable, destroyed."
2946,79342B,"Unsaleable, destroyed."
2947,79403,FROSTED WHITE BASE
2948,79406,FROSTED WHITE BASE
2949,81950B,FLOWER BLUE CLOCK WITH SUCKER
2950,81950V,FLOWER PURPLE CLOCK WITH SUCKER
2951,81952B,ROUND BLUE CLOCK WITH SUCKER
2952,81952V,ROUND PURPLE CLOCK WITH SUCKER
2953,81953B,ROUND BLUE CLOCK WITH SUCKER
2954,81953P,ROUND ARTICULATED PINK CLOCK W/SUCK
2955,82001s,SILVER RECORD COVER FRAME
2956,82001S,VINYL RECORD FRAME SILVER
2957,82011A,"BATHROOM SCALES, TROPICAL BEACH"
2958,82011B,BATHROOM SCALES RUBBER DUCKS
2959,82011C,BATHROOM SCALES FOOTPRINTS IN SAND
2960,82095,HEART BUTTONS JEWELLERY BOX
2961,82482,WOODEN PICTURE FRAME WHITE FINISH
2962,82483,WOOD 2 DRAWER CABINET WHITE FINISH
2963,82484,WOOD BLACK BOARD ANT WHITE FINISH
2964,82486,WOOD S/3 CABINET ANT WHITE FINISH
2965,82494l,WOODEN FRAME ANTIQUE WHITE
2966,82494L,WOODEN FRAME ANTIQUE WHITE
2968,82551,LAUNDRY 15C METAL SIGN
2967,82545A,
2969,82552,WASHROOM METAL SIGN
2970,82567,"AIRLINE LOUNGE,METAL SIGN"
2971,82578,KITCHEN METAL SIGN
2972,82580,BATHROOM METAL SIGN
2973,82581,TOILET METAL SIGN
2974,82582,AREA PATROLLED METAL SIGN
2975,82583,HOT BATHS METAL SIGN
2976,82599,FANNY'S REST STOPMETAL SIGN
2977,82600,NO SINGING METAL SIGN
2978,82605,OLD DOC RUSSEL METAL SIGN
2979,82613a,"METAL SIGN,CUPCAKE SINGLE HOOK"
2980,82613A,"METAL SIGN,CUPCAKE SINGLE HOOK"
2981,82613b,"METAL SIGN,CUPCAKE SINGLE HOOK"
2982,82613B,"METAL SIGN,CUPCAKE SINGLE HOOK"
2983,82613c,"METAL SIGN,CUPCAKE SINGLE HOOK"
2984,82613C,"METAL SIGN,CUPCAKE SINGLE HOOK"
2985,82613D,METAL SIGN CUPCAKE SINGLE HOOK
2986,82615,PINK MARSHMALLOW SCARF KNITTING KIT
2987,82616B,FRAPPUCINO SCARF KNITTING KIT
2988,82616C,MIDNIGHT GLAMOUR SCARF KNITTING KIT
2990,84007,
2991,84012,MAGIC SHEEP WOOL GROWING FROM PAPER
2992,84016,FLAG OF ST GEORGE CAR FLAG
2993,84029E,RED WOOLLY HOTTIE WHITE HEART.
2994,84029G,KNITTED UNION FLAG HOT WATER BOTTLE
2995,84030e,ENGLISH ROSE HOT WATER BOTTLE
2996,84030E,ENGLISH ROSE HOT WATER BOTTLE
2997,84031a,CHARLIE+LOLA RED HOT WATER BOTTLE
2998,84031A,CHARLIE+LOLA RED HOT WATER BOTTLE
2999,84031b,CHARLIE LOLA BLUE HOT WATER BOTTLE
3000,84031B,CHARLIE LOLA BLUE HOT WATER BOTTLE
3001,84032A,CHARLIE+LOLA PINK HOT WATER BOTTLE
3002,84032B,CHARLIE + LOLA RED HOT WATER BOTTLE
3003,84033,FLAG OF ST GEORGE
3004,84050,PINK HEART SHAPE EGG FRYING PAN
3005,84051,ASS COLOUR GLOWING TIARAS
3006,84077,WORLD WAR 2 GLIDERS ASSTD DESIGNS
3007,84078A,SET/4 WHITE RETRO STORAGE CUBES
3008,84086B,YELLOW/BLUE RETRO RADIO
3009,84086C,PINK/PURPLE RETRO RADIO
3010,84192,ASSORTED COLOUR METAL CAT
3011,84199,GLOW IN DARK DOLPHINS
3012,84201B,HAPPY BIRTHDAY CARD STRIPEY TEDDY
3013,84201C,HAPPY BIRTHDAY CARD TEDDY/CAKE
3014,84206A,3 BLACK CATS W HEARTS BLANK CARD
3015,84206B,CAT WITH SUNGLASSES BLANK CARD
3016,84206C,CHAMPAGNE TRAY BLANK CARD
3017,84212,"ASSORTED FLOWER COLOUR ""LEIS"""
3018,84218,BOX/12 CHICK & EGG IN BASKET
3019,84226,HEN HOUSE W FAMILY IN BARN & NEST
3020,84227,HEN HOUSE W CHICK IN NEST
3021,84228,HEN HOUSE W CHICK STANDING
3022,84231,EASTER BUNNY WITH BASKET ON BACK
3023,84247C,
3024,84247E,PACK OF 12 CHRISTMAS FUN CARDS
3025,84247G,"DECOUPAGE,GREETING CARD,"
3026,84247K,"FOLK ART GREETING CARD,pack/12"
3027,84247L,FAWN AND MUSHROOM GREETING CARD
3028,84247N,PACK/12 BLUE FOLKART CARDS
3029,84249A,"GREETING CARD,SQUARE, DOUGHNUTS"
3030,84251B,"GREETING CARD, STICKY GORDON"
3031,84251C,"GREETING CARD, TWO SISTERS."
3032,84251F,
3033,84251G,"GREETING CARD, OVERCROWDED POOL."
3034,84251J,
3035,84270,ASSTD DESIGN BUBBLE GUM RING
3036,84279B,CHERRY BLOSSOM DECORATIVE FLASK
3037,84279P,CHERRY BLOSSOM  DECORATIVE FLASK
3038,84306,S/3 PINK SQUARE PLANTERS ROSES
3039,84313B,BLUE TV TRAY TABLE
3040,84313C,ORANGE TV TRAY TABLE
3041,84341B,SMALL PINK MAGIC CHRISTMAS TREE
3042,84347,ROTATING SILVER ANGELS T-LIGHT HLDR
3043,84352,SILVER CHRISTMAS TREE BAUBLE STAND
3044,84356,POMPOM CURTAIN
3045,84358,FLOOR LAMP SHADE WOOD BASE
3046,84360,TABLE LAMP WHITE SHADE WOOD BASE
3047,84375,SET OF 20 KIDS COOKIE CUTTERS
3048,84378,SET OF 3 HEART COOKIE CUTTERS
3049,84380,SET OF 3 BUTTERFLY COOKIE CUTTERS
3050,84387A,BIRD ON BRANCH CANVAS SCREEN
3051,84388,WISE MAN STAR SHAPE EGG PAN
3052,84402B,PURPLE DRESS JEWELLERY STAND
3053,84406B,CREAM CUPID HEARTS COAT HANGER
3054,84415A,PINK FLOCK SUEDE CUSHION COVER
3055,84415B,BLUE FLOCK CUSHION COVER
3056,84422,PINK/BLUE DISC/MIRROR STRING
3057,84424A,
3058,84429A,MEDIUM PINK BUDDHA HEAD
3059,84452,METAL RABBIT LADDER EASTER
3060,84455,
3061,84457,SET/3 RABBITS FLOWER SKIPPPING ROPE
3062,84459A,PINK METAL CHICKEN HEART
3063,84459B,YELLOW METAL CHICKEN HEART
3064,84461,12 PINK HEN+CHICKS IN BASKET
3065,84462,3 PINK HEN+CHICKS IN BASKET
3066,84465,15 PINK FLUFFY CHICKS IN BOX
3067,84466,TOP SECRET PEN SET
3068,84482,
3069,84497,BUTTONS AND STRIPES NOTEBOOK
3070,84499,BLACK FLOWER CANDLE PLATE
3071,84507B,STRIPES DESIGN MONKEY DOLL
3072,84507C,BLUE CIRCLES DESIGN MONKEY DOLL
3073,84508A,CAMOUFLAGE DESIGN TEDDY
3074,84508B,STRIPES DESIGN TEDDY
3075,84508C,BLUE CIRCLES DESIGN TEDDY
3076,84509a,SET OF 4 ENGLISH ROSE PLACEMATS
3077,84509A,SET OF 4 ENGLISH ROSE PLACEMATS
3078,84509b,SET OF 4 FAIRY CAKE PLACEMATS
3079,84509B,SET OF 4 FAIRY CAKE PLACEMATS
3080,84509c,SET OF 4 POLKADOT PLACEMATS
3081,84509C,SET OF 4 POLKADOT PLACEMATS
3082,84509E,SET OF 4 CAROUSEL PLACEMATS
3083,84509F,
3084,84509g,SET OF 4 FAIRY CAKE PLACEMATS
3085,84509G,SET OF 4 FAIRY CAKE PLACEMATS
3086,84510a,SET OF 4 ENGLISH ROSE COASTERS
3087,84510A,SET OF 4 ENGLISH ROSE COASTERS
3088,84510c,SET OF 4 POLKADOT COASTERS
3089,84510C,SET OF 4 POLKADOT COASTERS
3090,84510e,SET OF 4 GREEN CAROUSEL COASTERS
3091,84510E,SET OF 4 GREEN CAROUSEL COASTERS
3092,84519A,TOMATO CHARLIE+LOLA COASTER SET
3093,84519B,CARROT CHARLIE+LOLA COASTER SET
3094,84520B,PACK 20 ENGLISH ROSE PAPER NAPKINS
3095,84522,PINK PARTY SUNGLASSES
3096,84526,
3097,84527,FLAMES SUNGLASSES PINK LENSES
3098,84531A,PINK KNITTED EGG COSY
3099,84531B,BLUE KNITTED EGG COSY
3100,84534b,FAIRY CAKE NOTEBOOK A5 SIZE
3101,84534B,FAIRY CAKE NOTEBOOK A5 SIZE
3102,84535A,ENGLISH ROSE NOTEBOOK A6 SIZE
3103,84535B,FAIRY CAKES NOTEBOOK A6 SIZE
3104,84536a,ENGLISH ROSE NOTEBOOK A7 SIZE
3105,84536A,ENGLISH ROSE NOTEBOOK A7 SIZE
3106,84536b,FAIRY CAKES NOTEBOOK A7 SIZE
3107,84536B,FAIRY CAKES NOTEBOOK A7 SIZE
3108,84539,KNITTED RABBIT DOLL
3109,84546,
3110,84548,CROCHET BEAR RED/BLUE  KEYRING
3111,84549,CROCHET WHITE RABBIT KEYRING
3112,84550,CROCHET LILAC/RED BEAR KEYRING
3113,84551,CROCHET DOG KEYRING
3114,84558a,3D DOG PICTURE PLAYING CARDS
3115,84558A,3D DOG PICTURE PLAYING CARDS
3116,84559a,3D SHEET OF DOG STICKERS
3117,84559A,3D SHEET OF DOG STICKERS
3118,84559b,3D SHEET OF CAT STICKERS
3119,84559B,3D SHEET OF CAT STICKERS
3120,84559D,
3121,84562A,PINK/WHITE RIBBED MELAMINE JUG
3122,84563A,PINK & WHITE BREAKFAST TRAY
3123,84563B,BLUE & WHITE BREAKFAST TRAY
3124,84568,GIRLS ALPHABET IRON ON PATCHES
3125,84569A,PACK 3 IRON ON DOG PATCHES
3126,84569B,PACK 3 FIRE ENGINE/CAR PATCHES
3127,84569C,PACK 4 FLOWER/BUTTERFLY PATCHES
3128,84569D,PACK 6 HEART/ICE-CREAM PATCHES
3129,84575A,PINK DOG CANNISTER
3130,84576,BLUE CAT BISCUIT BARREL PINK HEART
3131,84580,MOUSE TOY WITH PINK T-SHIRT
3132,84581,DOG TOY WITH PINK CROCHET SKIRT
3133,84584,PINK GINGHAM CAT WITH SCARF
3134,84592,CROCHET ROSE PURSE WITH SUEDE BACK
3135,84593,CROCHET ROSE DES CLOTHES HANGER
3136,84595E,LARGE TORTILLA DESIGN RED BOWL
3137,84596b,SMALL DOLLY MIX DESIGN ORANGE BOWL
3138,84596B,SMALL DOLLY MIX DESIGN ORANGE BOWL
3139,84596e,SMALL LICORICE DES PINK BOWL
3140,84596E,SMALL LICORICE DES PINK BOWL
3141,84596f,SMALL MARSHMALLOWS PINK BOWL
3142,84596F,SMALL MARSHMALLOWS PINK BOWL
3143,84596g,SMALL CHOCOLATES PINK BOWL
3144,84596G,SMALL CHOCOLATES PINK BOWL
3145,84596J,MIXED NUTS LIGHT GREEN BOWL
3146,84596l,BISCUITS SMALL BOWL LIGHT BLUE
3147,84596L,BISCUITS SMALL BOWL LIGHT BLUE
3148,84597B,RETRO BROWN BALL ASHTRAY
3149,84597C,RETRO PINK BALL ASHTRAY
3150,84598,BOYS ALPHABET IRON ON PATCHES
3151,84600,NEW BAROQUE JEWELLERY BOX
3152,84609,TALL ROCOCO CANDLE HOLDER
3153,84611B,thrown away
3154,84612B,thrown away
3155,84613A,PINK NEW BAROQUE FLOCK CANDLESTICK
3156,84613C,BLUE NEW BAROQUE FLOCK CANDLESTICK
3157,84614A,PINK BAROQUE FLOCK CANDLE HOLDER
3158,84616,SILVER ROCCOCO CHANDELIER
3159,84617,NEW BAROQUE BLACK BOXES
3160,84620,BLUE GINGHAM ROSE CUSHION COVER
3161,84625A,PINK NEW BAROQUECANDLESTICK CANDLE
3162,84625C,BLUE NEW BAROQUE CANDLESTICK CANDLE
3163,84629,WHITE 3 FRAME BIRDS AND TREE
3164,84631,FRUIT TREE AND BIRDS WALL PLAQUE
3165,84632,DECORATIVE HANGING SHELVING UNIT
3166,84637,KITCHEN FLOWER POTS WALL PLAQUE
3167,84638,SMALL KITCHEN FLOWER POTS PLAQUE
3168,84658,WHITE STITCHED CUSHION COVER
3169,84659A,WHITE TRAVEL ALARM CLOCK
3170,84660a,WHITE STITCHED WALL CLOCK
3171,84660A,WHITE STITCHED WALL CLOCK
3172,84660b,BLACK STITCHED WALL CLOCK
3173,84660B,BLACK STITCHED WALL CLOCK
3174,84660c,PINK STITCHED WALL CLOCK
3175,84660C,PINK STITCHED WALL CLOCK
3176,84661a,WHITE SQUARE TABLE CLOCK
3177,84661A,WHITE SQUARE TABLE CLOCK
3178,84661b,BLACK SQUARE TABLE CLOCK
3179,84661B,BLACK SQUARE TABLE CLOCK
3180,84661C,PINK SQUARE TABLE CLOCK
3181,84663A,GRASS HOPPER WOODEN WALL CLOCK
3182,84664,
3183,84665,SQUARE CHERRY BLOSSOM CABINET
3184,84666,SQUARE CHERRY BLOSSOM CABINET
3185,84670,
3186,84673A,PINK FLY SWAT
3187,84673B,BLUE FLY SWAT
3188,84674,FLYING PIG WATERING CAN
3189,84675,FROG KING WATERING CAN
3190,84678,CLASSICAL ROSE SMALL VASE
3191,84679,CLASSICAL ROSE TABLE LAMP
3192,84683,CLASSICAL ROSE CANDLESTAND
3193,84685,BEACH HUT KEY CABINET
3194,84686,BEACH HUT MIRROR
3195,84687,BEACH HUT SHELF W 3 DRAWERS
3196,84688,BEACH HUT DESIGN BLACKBOARD
3197,84689,S/2 BEACH HUT TREASURE CHESTS
3198,84691,PACK 20 DOLLY PEGS
3199,84692,BOX OF 24 COCKTAIL PARASOLS
3200,84705C,PINK FLOCK PHOTO FRAME
3201,84706D,CHERRY BLOSSOM TABLE CLOCK
3202,84706F,RED PEONY TABLE CLOCK
3203,84707A,SILVER JEWELLED MIRROR TRINKET TRAY
3204,84707B,PINK JEWELLED MIRROR TRINKET TRAY
3205,84708B,PINK JEWELLED PHOTO FRAME
3206,84709B,PINK OVAL JEWELLED MIRROR
3207,84711A,SILVER OVAL SHAPE TRINKET BOX
3208,84711B,PINK OVAL SHAPE TRINKET BOX
3209,84712B,PINK JEWELLED PHOTO FRAME
3210,84715,SET OF 6 ICE CREAM SKITTLES
3211,84723,CHERRY BLOSSOM CANVAS ART PICTURE
3213,84726,
3214,84731,3 BIRDS CANVAS SCREEN
3215,84732B,CUTE BIRD CEATURE SCREEN
3216,84732D,CUTE RABBIT CEATURE SCREEN
3217,84741C,CITRUS GARLAND FELT FLOWERS
3218,84743C,damages
3219,84744,S/6 SEW ON CROCHET FLOWERS
3220,84745A,PINK HANGING GINGHAM EASTER HEN
3221,84745B,BLUE HANGING GINGHAM EASTER HEN
3222,84746,PINK EASTER HENS+FLOWER
3223,84748,FOLK FELT HANGING MULTICOL GARLAND
3224,84750A,PINK SMALL GLASS CAKE STAND
3225,84750B,BLACK SMALL GLASS CAKE STAND
3226,84751B,BLACK MEDIUM GLASS CAKE STAND
3227,84754,S/15 SILVER GLASS BAUBLES IN BAG
3228,84755,COLOUR GLASS T-LIGHT HOLDER HANGING
3229,84760S,SMALL HANGING GLASS+ZINC LANTERN
3230,84761,
3231,84763,ZINC FINISH 15CM PLANTER POTS
3232,84766,SILVER ROCOCO CANDLE STICK
3233,84773,RED ROSE AND LACE C/COVER
3234,84789,ENCHANTED BIRD PLANT CAGE
3235,84792,ENCHANTED BIRD COATHANGER 5 HOOK
3236,84795b,SUNSET CHECK HAMMOCK
3237,84795B,SUNSET CHECK HAMMOCK
3238,84795C,OCEAN STRIPE HAMMOCK
3239,84796a,PINK HAWAIIAN PICNIC HAMPER FOR 2
3240,84796A,PINK HAWAIIAN PICNIC HAMPER FOR 2
3241,84796B,BLUE SAVANNAH PICNIC HAMPER FOR 2
3242,84797B,
3243,84798A,PINK FOXGLOVE ARTIIFCIAL FLOWER
3244,84798B,PURPLE FOXGLOVE ARTIIFCIAL FLOWER
3245,84799,SPRIG LAVENDER ARTIFICIAL FLOWER
3246,84800L,LARGE WHITE/PINK ROSE ART FLOWER
3247,84800M,MEDIUM WHITE/PINK ROSE ART FLOWER
3248,84800S,SMALL WHITE/PINK ROSE ART FLOWER
3249,84801A,PINK HYDRANGEA ART FLOWER
3250,84801B,WHITE HYDRANGEA ART FLOWER
3251,84802A,WHITE ANEMONE ARTIFICIAL FLOWER
3252,84802B,PURPLE ANEMONE ARTIFICIAL FLOWER
3253,84803A,PINK ALLIUM  ARTIFICIAL FLOWER
3254,84803B,WHITE ALLIUM  ARTIFICIAL FLOWER
3255,84804A,CREAM DELPHINIUM ARTIFICIAL FLOWER
3256,84804B,BLUE DELPHINIUM ARTIFICIAL FLOWER
3257,84805A,CREAM CLIMBING HYDRANGA ART FLOWER
3258,84805B,BLUE CLIMBING HYDRANGA ART FLOWER
3259,84806A,PINK CANDYSTUFT ARTIFICIAL FLOWER
3260,84806B,WHITE CANDYSTUFT ARTIFICIAL FLOWER
3261,84809A,WHITE CHRYSANTHEMUMS ART FLOWER
3262,84809B,damaged
3263,84813,SET OF 4 DIAMOND NAPKIN RINGS
3264,84816,DANISH ROSE BEDSIDE CABINET
3265,84817,DANISH ROSE DECORATIVE PLATE
3266,84818,DANISH ROSE PHOTO FRAME
3267,84819,DANISH ROSE ROUND SEWING BOX
3268,84820,DANISH ROSE TRINKET TRAYS
3269,84821,DANISH ROSE DELUXE COASTER
3270,84823,DANISH ROSE FOLDING CHAIR
3271,84824,DANISH ROSE UMBRELLA STAND
3272,84826,ASSTD DESIGN 3D PAPER STICKERS
3273,84827,ASS DES PHONE SPONGE CRAFT STICKER
3274,84828,JUNGLE POPSICLES ICE LOLLY MOULDS
3275,84832,ZINC WILLIE WINKIE  CANDLE STICK
3276,84836,ZINC METAL HEART DECORATION
3277,84839,SWEETHEART KEY CABINET
3278,84840,SWEETHEART CARRY-ALL BASKET
3279,84842,HELLO SAILOR BATHROOM SET
3280,84843,WHITE SOAP RACK WITH 2 BOTTLES
3282,84846A,SCENTED CANDLE IN DIGITALIS TIN
3283,84847,FLORAL BATHROOM SET
3284,84849A,HELLO SAILOR BLUE SOAP HOLDER
3285,84849B,FAIRY SOAP SOAP HOLDER
3286,84849D,HOT BATHS SOAP HOLDER
3287,84854,GIRLY PINK TOOL SET
3288,84856L,LARGE TAHITI BEACH BAG
3289,84856S,SMALL TAHITI BEACH BAG
3290,84857A,
3291,84857B,BLUE MONTE CARLO HANDBAG
3292,84857C,PINK MONTE CARLO HANDBAG
3293,84858C,PINK RIVIERA HANDBAG
3294,84859A,SILVER DISCO HANDBAG
3295,84859B,BLUE DISCO HANDBAG
3296,84859C,PINK DISCO HANDBAG
3297,84864A,
3298,84865,NEW BAROQUE BLACK PHOTO ALBUM
3299,84870B,BLUE GEISHA GIRL
3300,84870C,GREEN GEISHA GIRL
3301,84872a,TEATIME FUNKY FLOWER BACKPACK FOR 2
3302,84872A,TEATIME FUNKY FLOWER BACKPACK FOR 2
3303,84873A,FUNKY FLOWER PICNIC BAG FOR 4
3304,84874B,BLUE TRAVEL FIRST AID KIT
3281,84845D,
3305,84875A,
3306,84875B,GREEN SQUARE COMPACT MIRROR
3307,84875D,BLUE SQUARE COMPACT MIRROR
3308,84876B,GREEN HEART COMPACT MIRROR
3309,84876C,
3310,84876D,BLUE HEART COMPACT MIRROR
3311,84877A,PINK ROUND COMPACT MIRROR
3312,84877B,GREEN ROUND COMPACT MIRROR
3313,84877D,BLUE ROUND COMPACT MIRROR
3314,84879,ASSORTED COLOUR BIRD ORNAMENT
3315,84880,WHITE WIRE EGG HOLDER
3316,84881,BLUE WIRE SPIRAL CANDLE HOLDER
3317,84882,GREEN WIRE STANDING CANDLE HOLDER
3318,84884a,ANT WHITE WIRE HEART SPIRAL
3319,84884A,ANT WHITE WIRE HEART SPIRAL
3320,84898F,YELLOW FLOWERS FELT HANDBAG KIT
3321,84899F,
3322,84905,PINK BUTTERFLY CUSHION COVER
3323,84906,PINK B'FLY C/COVER W BOBBLES
3324,84907,PINK YELLOW PATCH CUSHION COVER
3326,84912A,PINK ROSE WASHBAG
3327,84912B,GREEN ROSE WASHBAG
3328,84913A,SOFT PINK ROSE TOWEL
3329,84913B,MINT GREEN ROSE TOWEL
3330,84915,HAND TOWEL PINK FLOWER AND DAISY
3331,84916,HAND TOWEL PALE BLUE W FLOWERS
3332,84917,WHITE HAND TOWEL WITH BUTTERFLY
3333,84919,BLUE CUSHION COVER WITH FLOWER
3334,84920,PINK FLOWER FABRIC PONY
3335,84921,CREAM AND PINK FLOWERS PONY
3336,84922,PINK BUTTERFLY WASHBAG
3337,84923,PINK BUTTERFLY HANDBAG W BOBBLES
3338,84924A,WAKE UP COCKEREL CALENDAR SIGN
3339,84924F,PSYCHEDELIC METAL SIGN CALENDAR
3340,84925D,LA PALMIERA WALL THERMOMETER
3341,84925F,PSYCHEDELIC WALL THERMOMETER
3342,84926A,WAKE UP COCKEREL TILE COASTER
3343,84926D,LA PALMIERA TILE COASTER
3344,84926E,FLOWERS TILE COASTER
3345,84926F,PSYCHEDELIC TILE COASTER
3346,84927A,WAKE UP COCKEREL TILE HOOK
3347,84927D,LA PALMIERA TILE HOOK
3348,84927E,FLOWERS TILE HOOK
3349,84927F,PSYCHEDELIC TILE HOOK
3350,84929,ASSTD FRUIT+FLOWERS FRIDGE MAGNETS
3351,84931A,PINK SCOTTIE DOG W FLOWER PATTERN
3352,84931B,BLUE SCOTTIE DOG W FLOWER PATTERN
3353,84944,SET OF 6 KASHMIR FOLKART BAUBLES
3354,84945,MULTI COLOUR SILVER T-LIGHT HOLDER
3355,84946,ANTIQUE SILVER T-LIGHT GLASS
3356,84947,ANTIQUE SILVER TEA GLASS ENGRAVED
3357,84949,SILVER HANGING T-LIGHT HOLDER
3358,84950,ASSORTED COLOUR T-LIGHT HOLDER
3359,84951A,SET OF 4 PISTACHIO LOVEBIRD COASTER
3360,84951B,SET OF 4 BLACK LOVEBIRD COASTERS
3361,84952A,CLEAR LOVE BIRD T-LIGHT HOLDER
3362,84952B,BLACK LOVE BIRD T-LIGHT HOLDER
3363,84952C,MIRROR LOVE BIRD T-LIGHT HOLDER
3364,84963A,PINK PAINTED KASHMIRI CHAIR
3365,84963B,BLUE PAINTED KASHMIRI CHAIR
3366,84964B,
3367,84966A,
3368,84966B,
3369,84967A,
3370,84967B,
3371,84968a,SET OF 16 VINTAGE ROSE CUTLERY
3372,84968A,SET OF 16 VINTAGE ROSE CUTLERY
3373,84968B,SET OF 16 VINTAGE IVORY CUTLERY
3374,84968C,SET OF 16 VINTAGE PISTACHIO CUTLERY
3375,84968d,SET OF 16 VINTAGE RED CUTLERY
3376,84968D,SET OF 16 VINTAGE RED CUTLERY
3377,84968e,SET OF 16 VINTAGE BLACK CUTLERY
3378,84968E,SET OF 16 VINTAGE BLACK CUTLERY
3379,84968f,SET OF 16 VINTAGE SKY BLUE CUTLERY
3380,84968F,SET OF 16 VINTAGE SKY BLUE CUTLERY
3381,84969,BOX OF 6 ASSORTED COLOUR TEASPOONS
3382,84970l,SINGLE HEART ZINC T-LIGHT HOLDER
3383,84970L,SINGLE HEART ZINC T-LIGHT HOLDER
3384,84970s,HANGING HEART ZINC T-LIGHT HOLDER
3385,84970S,HANGING HEART ZINC T-LIGHT HOLDER
3386,84971l,LARGE HEART FLOWERS HOOK
3387,84971L,
3388,84971S,SMALL HEART FLOWERS HOOK
3389,84974,S/2 ZINC HEART DESIGN PLANTERS
3390,84975,HEART SHAPED MIRROR
3391,84976,RECTANGULAR SHAPED MIRROR
3392,84977,WIRE FLOWER T-LIGHT HOLDER
3393,84978,HANGING HEART JAR T-LIGHT HOLDER
3394,84984A,GREEN PEONY CUSHION COVER
3395,84984B,RED PEONY CUSHION COVER
3396,84984D,ORIENTAL RED CUSHION COVER
3397,84985A,SET OF 72 GREEN PAPER DOILIES
3398,84987,SET OF 36 TEATIME PAPER DOILIES
3399,84988,SET OF 72 PINK HEART PAPER DOILIES
3400,84989a,75 GREEN FAIRY CAKE CASES
3401,84989A,75 GREEN FAIRY CAKE CASES
3402,84990,60 GOLD AND SILVER FAIRY CAKE CASES
3403,84991,60 TEATIME FAIRY CAKE CASES
3404,84992,72 SWEETHEART FAIRY CAKE CASES
3405,84993a,75 GREEN PETIT FOUR CASES
3406,84993A,75 GREEN PETIT FOUR CASES
3407,84993B,75 BLACK PETIT FOUR CASES
3408,84997a,CHILDRENS CUTLERY POLKADOT GREEN
3409,84997A,CHILDRENS CUTLERY POLKADOT GREEN
3410,84997b,CHILDRENS CUTLERY RETROSPOT RED
3411,84997B,CHILDRENS CUTLERY RETROSPOT RED
3412,84997c,CHILDRENS CUTLERY POLKADOT BLUE
3413,84997C,CHILDRENS CUTLERY POLKADOT BLUE
3414,84997d,CHILDRENS CUTLERY POLKADOT PINK
3415,84997D,CHILDRENS CUTLERY POLKADOT PINK
3416,85006,SET 4 NURSERY DES ROUND BOXES
3417,85008,SET OF 3 CONEY ISLAND OVAL BOXES
3418,85014a,BLACK/BLUE POLKADOT UMBRELLA
3419,85014A,BLACK/BLUE POLKADOT UMBRELLA
3420,85014b,RED RETROSPOT UMBRELLA
3421,85014B,RED RETROSPOT UMBRELLA
3422,85015,SET OF 12  VINTAGE POSTCARD SET
3423,85016,SET OF 6 VINTAGE NOTELETS KIT
3424,85017A,ENVELOPE 50 ROMANTIC IMAGES
3425,85017B,ENVELOPE 50 BLOSSOM IMAGES
3426,85017C,ENVELOPE 50 CURIOUS IMAGES
3427,85018B,
3428,85018C,
3429,85018D,YULETIDE IMAGES S/6 PAPER BOXES
3430,85019A,ROMANTIC IMAGES NOTEBOOK SET
3431,85019B,BLOSSOM  IMAGES NOTEBOOK SET
3432,85019C,CURIOUS  IMAGES NOTEBOOK SET
3433,85020,ROUND PINK HEART MIRROR
3434,85023B,EAU DE NILE JEWELLED PHOTOFRAME
3435,85023C,PINK LARGE JEWELED PHOTOFRAME
3437,85024C,PINK SMALL JEWELLED PHOTOFRAME
3438,85025B,EAU DE NILE HEART SHAPE PHOTO FRAME
3439,85025C,PINK HEART SHAPE PHOTO FRAME
3440,85026B,EAU DE NILE JEWELLED T-LIGHT HOLDER
3441,85027L,FRENCH CHATEAU LARGE PLATTER
3442,85028L,FRENCH CHATEAU LARGE FRUIT BOWL
3443,85028S,FRENCH CHATEAU SMALL FRUITBOWL
3444,85030,FRENCH CHATEAU OVAL PLATTER
3445,85031A,ROMANTIC IMAGES SCRAP BOOK SET
3446,85031B,BLOSSOM IMAGES SCRAP BOOK SET
3447,85031C,CURIOUS IMAGES SCRAP BOOK SET
3448,85032A,ROMANTIC IMAGES GIFT WRAP SET
3449,85032B,BLOSSOM IMAGES GIFT WRAP SET
3450,85032C,CURIOUS IMAGES GIFT WRAP SET
3451,85032D,YULETIDE IMAGES GIFT WRAP SET
3452,85034a,3 GARDENIA MORRIS BOXED CANDLES
3453,85034A,3 GARDENIA MORRIS BOXED CANDLES
3454,85034b,3 WHITE CHOC MORRIS BOXED CANDLES
3455,85034B,3 WHITE CHOC MORRIS BOXED CANDLES
3456,85034C,3 ROSE MORRIS BOXED CANDLES
3457,85035a,GARDENIA 3 WICK MORRIS BOXED CANDLE
3458,85035A,GARDENIA 3 WICK MORRIS BOXED CANDLE
3459,85035b,CHOCOLATE 3 WICK MORRIS BOX CANDLE
3460,85035B,CHOCOLATE 3 WICK MORRIS BOX CANDLE
3461,85035c,ROSE 3 WICK MORRIS BOX CANDLE
3462,85035C,ROSE 3 WICK MORRIS BOX CANDLE
3463,85036a,GARDENIA 1 WICK MORRIS BOXED CANDLE
3464,85036A,GARDENIA 1 WICK MORRIS BOXED CANDLE
3465,85036b,CHOCOLATE 1 WICK MORRIS BOX CANDLE
3466,85036B,CHOCOLATE 1 WICK MORRIS BOX CANDLE
3467,85036C,ROSE 1 WICK MORRIS BOXED CANDLE
3468,85038,6 CHOCOLATE LOVE HEART T-LIGHTS
3469,85039a,SET/4 RED MINI ROSE CANDLE IN BOWL
3470,85039A,SET/4 RED MINI ROSE CANDLE IN BOWL
3471,85039B,S/4 IVORY MINI ROSE CANDLE IN BOWL
3472,85039C,S/4 BLACK MINI ROSE CANDLE IN BOWL
3473,85040a,S/4 PINK FLOWER CANDLES IN BOWL
3474,85040A,S/4 PINK FLOWER CANDLES IN BOWL
3475,85040B,SET/4 BLUE FLOWER CANDLES IN BOWL
3476,85042,ANTIQUE LILY FAIRY LIGHTS
3477,85044,
3478,85045,GREEN CHRISTMAS TREE STRING 20LIGHT
3479,85047,WHITE BEADED GARLAND STRING 20LIGHT
3480,85048,15CM CHRISTMAS GLASS BALL 20 LIGHTS
3481,85049a,TRADITIONAL CHRISTMAS RIBBONS
3482,85049A,TRADITIONAL CHRISTMAS RIBBONS
3483,85049b,LUSH GREENS RIBBONS
3484,85049B,LUSH GREENS RIBBONS
3485,85049c,ROMANTIC PINKS RIBBONS
3486,85049C,ROMANTIC PINKS RIBBONS
3487,85049d,BRIGHT BLUES RIBBONS
3488,85049D,BRIGHT BLUES RIBBONS
3489,85049e,SCANDINAVIAN REDS RIBBONS
3490,85049E,SCANDINAVIAN REDS RIBBONS
3491,85049F,BABY BOOM RIBBONS
3492,85049g,CHOCOLATE BOX RIBBONS
3493,85049G,CHOCOLATE BOX RIBBONS
3494,85049H,URBAN BLACK RIBBONS
3495,85053,FRENCH ENAMEL CANDLEHOLDER
3496,85054,FRENCH ENAMEL POT W LID
3497,85055,FRENCH ENAMEL UTENSIL HOLDER
3498,85059,FRENCH ENAMEL WATER BASIN
3500,85061W,WHITE JEWELLED HEART DECORATION
3501,85062,PEARL CRYSTAL PUMPKIN T-LIGHT HLDR
3502,85063,CREAM SWEETHEART MAGAZINE RACK
3503,85064,CREAM SWEETHEART LETTER RACK
3504,85065,CREAM SWEETHEART TRAYS
3505,85066,CREAM SWEETHEART MINI CHEST
3506,85067,CREAM SWEETHEART WALL CABINET
3507,85068,CREAM SWEETHEART SHELF + HOOKS
3508,85071A,BLUE CHARLIE+LOLA PERSONAL DOORSIGN
3509,85071B,RED CHARLIE+LOLA PERSONAL DOORSIGN
3510,85071C,"CHARLIE+LOLA""EXTREMELY BUSY"" SIGN"
3511,85071D,CHARLIE+LOLA MY ROOM DOOR SIGN
3512,85078,SCANDINAVIAN 3 HEARTS NAPKIN RING
3513,85084,HOLLY TOP CHRISTMAS STOCKING
3514,85086A,CANDY SPOT HEART DECORATION
3515,85087,CANDY SPOT CUSHION COVER
3516,85088,CANDY SPOT HAND BAG
3517,85089,CANDY SPOT BUNNY
3518,85092,CANDY SPOT TEA COSY
3519,85093,CANDY SPOT EGG WARMER HARE
3520,85094,CANDY SPOT EGG WARMER RABBIT
3521,85095,THREE CANVAS LUGGAGE TAGS
3522,85096,HILDA CANDY SPOT RABBIT
3523,85098B,BLUE FLYING SINGING CANARY
3524,85099B,JUMBO BAG RED RETROSPOT
3525,85099C,JUMBO  BAG BAROQUE BLACK WHITE
3499,85060,
3526,85099f,JUMBO BAG STRAWBERRY
3527,85099F,JUMBO BAG STRAWBERRY
3528,85103,SILVER T-LIGHT SETTING
3529,85104,SILVER GLASS T-LIGHT SET
3530,85106,CUT GLASS HEXAGON T-LIGHT HOLDER
3531,85107,CUT GLASS T-LIGHT HOLDER OCTAGON
3532,85109,PINK BOUDOIR T-LIGHT HOLDER
3533,85110,
3534,85111,SILVER GLITTER FLOWER VOTIVE HOLDER
3535,85114a,BLACK ENCHANTED FOREST PLACEMAT
3536,85114A,BLACK ENCHANTED FOREST PLACEMAT
3537,85114b,IVORY ENCHANTED FOREST PLACEMAT
3538,85114B,IVORY ENCHANTED FOREST PLACEMAT
3539,85114c,RED ENCHANTED FOREST PLACEMAT
3540,85114C,RED ENCHANTED FOREST PLACEMAT
3541,85115B,S/4 BLACK DISCO PARTITION PANEL
3542,85116,BLACK CANDELABRA T-LIGHT HOLDER
3543,85118,HEART T-LIGHT HOLDER
3544,85119,WATERING CAN SINGLE HOOK PISTACHIO
3545,85123a,WHITE HANGING HEART T-LIGHT HOLDER
3546,85123A,WHITE HANGING HEART T-LIGHT HOLDER
3547,85124B,BLUE JUICY FRUIT PHOTO FRAME
3548,85124C,GREEN JUICY FRUIT PHOTO FRAME
3549,85125,SMALL ROUND CUT GLASS CANDLESTICK
3550,85126,LARGE ROUND CUTGLASS CANDLESTICK
3551,85127,SMALL SQUARE CUT GLASS CANDLESTICK
3552,85129B,BEADED CRYSTAL HEART GREEN SMALL
3553,85129C,BEADED CRYSTAL HEART BLUE SMALL
3554,85129D,BEADED CRYSTAL HEART PINK SMALL
3555,85130A,BEADED PEARL HEART WHITE LARGE
3556,85130B,BEADED CRYSTAL HEART GREEN LARGE
3557,85130C,BEADED CRYSTAL HEART BLUE  LARGE
3558,85130D,BEADED CRYSTAL HEART PINK LARGE
3559,85131A,BEADED PEARL HEART WHITE ON STICK
3560,85131B,BEADED CRYSTAL HEART GREEN ON STICK
3561,85131C,BEADED CRYSTAL HEART BLUE ON STICK
3562,85131D,BEADED CRYSTAL HEART PINK ON STICK
3563,85132a,CHARLIE + LOLA BISCUITS TINS
3564,85132A,CHARLIE + LOLA BISCUITS TINS
3565,85132b,CHARLIE AND LOLA TABLE TINS
3566,85132B,CHARLIE AND LOLA TABLE TINS
3567,85132c,CHARLIE AND LOLA FIGURES TINS
3568,85132C,CHARLIE AND LOLA FIGURES TINS
3569,85135A,YELLOW DRAGONFLY HELICOPTER
3570,85135B,BLUE DRAGONFLY HELICOPTER
3571,85135C,RED DRAGONFLY HELICOPTER
3572,85136A,YELLOW SHARK HELICOPTER
3573,85136B,BLUE SHARK HELICOPTER
3574,85136C,RED SHARK HELICOPTER
3575,85141,JARDIN ETCHED GLASS FRUITBOWL
3576,85144,JARDIN ETCHED GLASS CHEESE DISH
3577,85145,JARDIN ETCHED GLASS LARGE BELL JAR
3578,85146,JARDIN ETCHED GLASS SMALL BELL JAR
3579,85150,LADIES & GENTLEMEN METAL SIGN
3580,85152,HAND OVER THE CHOCOLATE   SIGN
3581,85159A,"BLACK TEA,COFFEE,SUGAR JARS"
3582,85159B,"WHITE TEA,COFFEE,SUGAR JARS"
3583,85160a,WHITE BIRD GARDEN DESIGN MUG
3584,85160A,WHITE BIRD GARDEN DESIGN MUG
3585,85160B,BLACK BIRD GARDEN DESIGN MUG
3586,85161,ACRYLIC GEOMETRIC LAMP
3587,85163A,WHITE BAROQUE WALL CLOCK
3588,85163B,BLACK BAROQUE WALL CLOCK
3589,85167B,BLACK GRAND BAROQUE PHOTO FRAME
3590,85168B,BLACK BAROQUE CARRIAGE CLOCK
3591,85169A,IVORY LOVE BIRD CANDLE
3592,85169B,BLACK LOVE BIRD CANDLE
3593,85169C,EAU DE NIL LOVE BIRD CANDLE
3594,85169D,PINK LOVE BIRD CANDLE
3595,85170A,SET/6 IVORY BIRD T-LIGHT CANDLES
3596,85170B,SET/6 BLACK BIRD T-LIGHT CANDLES
3597,85170C,SET/6 EAU DE NIL BIRD T-LIGHTS
3598,85170D,SET/6 PINK BIRD T-LIGHT CANDLES
3599,85172,HYACINTH BULB T-LIGHT CANDLES
3600,85173,SET/6 FROG PRINCE T-LIGHT CANDLES
3601,85174,S/4 CACTI CANDLES
3602,85175,CACTI T-LIGHT CANDLES
3603,85176,SEWING SUSAN 21 NEEDLE SET
3604,85177,BASKET OF FLOWERS SEWING KIT
3605,85178,VICTORIAN SEWING KIT
3606,85179a,GREEN BITTY LIGHT CHAIN
3607,85179A,GREEN BITTY LIGHT CHAIN
3608,85179B,
3609,85179C,PINK BITTY LIGHT CHAIN
3610,85180A,RED HEARTS LIGHT CHAIN
3611,85180B,PINK HEARTS LIGHT CHAIN
3612,85183A,CHARLIE & LOLA WASTEPAPER BIN BLUE
3613,85183B,CHARLIE & LOLA WASTEPAPER BIN FLORA
3614,85184c,SET 4 VALENTINE DECOUPAGE HEART BOX
3615,85184C,S/4 VALENTINE DECOUPAGE HEART BOX
3616,85185B,PINK HORSE SOCK PUPPET
3617,85185D,FROG SOCK PUPPET
3618,85186A,EASTER BUNNY GARLAND OF FLOWERS
3619,85186C,BUNNY EGG GARLAND
3620,85187,S/12 MINI RABBIT EASTER
3621,85188A,GREEN METAL SWINGING BUNNY
3622,85188B,PINK METAL SWINGING BUNNY
3623,85189,HANGING BUTTERFLY  EGG
3624,85194L,HANGING SPRING FLOWER EGG LARGE
3625,85194S,HANGING SPRING FLOWER EGG SMALL
3626,85195,HANGING HEART BASKET
3627,85197,SET OF 12 MINI BUNNIES IN A BUCKET
3628,85198,ASSORTED FARMYARD ANIMALS IN BUCKET
3629,85199L,LARGE HANGING IVORY & RED WOOD BIRD
3630,85199S,SMALL HANGING IVORY/RED WOOD BIRD
3631,85200,BUNNY EGG BOX
3632,85202,HANGING WOOD AND FELT HEART
10,10080,GROOVY CACTUS INFLATABLE
70,16169N,WRAP BLUE RUSSIAN FOLKART
3633,85203,HANGING WOOD AND FELT BUTTERFLY
3634,85204,HANGING WOOD AND FELT FLOWER
3635,85205B,PINK FELT EASTER RABBIT GARLAND
3636,85206A,CREAM FELT EASTER EGG BASKET
3637,85206B,PINK FELT EASTER EGG BASKET
3638,85208,SET/12 FUNKY FELT FLOWER PEG IN BAG
3639,85211,S/4 GROOVY CAT MAGNETS
3640,85212,MINI PAINTED GARDEN DECORATION
3641,85213,MINI  ZINC GARDEN DECORATIONS
3642,85214,TUB 24 PINK FLOWER PEGS
3643,85215,ASSORTED CHEESE FRIDGE MAGNETS
3644,85216,ASSORTED CAKES FRIDGE MAGNETS
3645,85224,ASSORTED COLOUR SILK GLASSES CASE
3646,85225,BLING KEY RING STAND
3647,85226A,
3648,85226C,
3649,85227,SET OF 6 3D KIT CARDS FOR KIDS
3650,85230A,OPIUM SCENTED VOTIVE CANDLE
3651,85230B,CINNAMON SCENTED VOTIVE CANDLE
3652,85230E,STRAWBRY SCENTED VOTIVE CANDLE
3653,85230F,JASMINE VOTIVE CANDLE
3654,85230G,ORANGE VOTIVE CANDLE
3655,85231b,CINAMMON SET OF 9 T-LIGHTS
3656,85231B,CINAMMON SET OF 9 T-LIGHTS
3657,85231g,ORANGE SCENTED SET/9 T-LIGHTS
3658,85231G,ORANGE SCENTED SET/9 T-LIGHTS
3659,85232A,SET/3 POLKADOT STACKING TINS
3660,85232B,SET OF 3 BABUSHKA STACKING TINS
3661,85232D,SET/3 DECOUPAGE STACKING TINS
3662,90000A,RASPBERRY ANT COPPER FLOWER NECKLAC
3663,90000B,MIDNIGHT BLUE COPPER FLOWER NECKLAC
3664,90000C,
3665,90000D,COPPER/OLIVE GREEN FLOWER NECKLACE
3666,90001A,ANTIQUE RASPBERRY FLOWER EARRINGS
3667,90001B,ANTIQUE MID BLUE FLOWER EARRINGS
3668,90001C,ANTIQUE OPAL WHITE FLOWER EARRINGS
3669,90001D,ANTIQUE OLIVE GREEN FLOWER EARRINGS
3670,90002D,FLOWER BURST SILVER RING CRYSTAL
3671,90003B,ROSE COLOUR PAIR HEART HAIR SLIDES
3672,90003C,MIDNIGHT BLUE PAIR HEART HAIR SLIDE
3673,90003D,CRYSTAL PAIR HEART HAIR SLIDES
3674,90003E,GREEN PAIR HEART HAIR SLIDES
3675,90005A,JADE GREEN ENAMEL HAIR COMB
3676,90010A,MIDNIGHT BLUE GLASS/SILVER BRACELET
3677,90010B,BLACK/WHITE GLASS/SILVER BRACELET
3678,90010E,AMBER GLASS/SILVER BRACELET
3679,90011A,MIDNIGHT BLUE CRYSTAL DROP EARRINGS
3680,90011B,BLACK CRYSTAL DROP EARRINGS
3681,90011C,GREEN CRYSTAL DROP EARRINGS
3682,90011D,PURPLE CRYSTAL DROP EARRINGS
3683,90011E,AMBER CRYSTAL DROP EARRINGS
3684,90012A,MIDNIGHT BLUE DROP CRYSTAL NECKLACE
3685,90012B,BLACK DROP CRYSTAL NECKLACE
3686,90013A,MIDNIGHT BLUE VINTAGE EARRINGS
3687,90013B,BLACK VINTAGE EARRINGS
3688,90013C,GREEN VINTAGE EARRINGS
3689,90013D,PURPLE VINTAGE EARRINGS
3690,90014A,SILVER/MOP ORBIT NECKLACE
3691,90014B,GOLD M PEARL  ORBIT NECKLACE
3692,90014C,SILVER AND BLACK ORBIT NECKLACE
3693,90016A,SILVER/M.O.P PENDANT ORBIT NECKLACE
3694,90016B,GOLD/M.O.P PENDANT ORBIT NECKLACE
3695,90016C,SILVER/BLACK PENDANT ORBIT NECKLACE
3696,90018A,SILVER M.O.P ORBIT DROP EARRINGS
3697,90018B,GOLD M.O.P ORBIT DROP EARRINGS
3698,90018C,SILVER BLACK ORBIT DROP EARRINGS
3699,90019A,SILVER M.O.P ORBIT BRACELET
3700,90019B,GOLD M.O.P ORBIT BRACELET
3701,90019C,SILVER BLACK ORBIT BRACELET
3702,90020,FILIGREE DIAMANTE CHAIN
3703,90021,LASER CUT MULTI STRAND NECKLACE
3704,90022,EDWARDIAN DROP EARRINGS JET BLACK
3705,90023,FILIGREE DIAMANTE EARRINGS
3706,90024B,NEW BAROQUE B'FLY NECKLACE RED
3707,90024C,NEW BAROQUE B'FLY NECKLACE GREEN
3708,90024D,NEW BAROQUE B'FLY NECKLACE PINK
3709,90024E,NEW BAROQUE B'FLY NECKLACE MONTANA
3710,90024F,NEW BAROQUE B'FLY NECKLACE CRYSTAL
3711,90025A,BAROQUE BUTTERFLY EARRINGS BLACK
3712,90025B,BAROQUE BUTTERFLY EARRINGS RED
3713,90025D,BAROQUE BUTTERFLY EARRINGS PINK
3714,90025E,BAROQUE BUTTERFLY EARRINGS MONTANA
3715,90025F,BAROQUE BUTTERFLY EARRINGS CRYSTAL
3716,90026A,GLASS BEAD HOOP NECKLACE BLACK
3717,90026B,GLASS BEAD HOOP NECKLACE MONTANA
3718,90026C,GLASS BEAD HOOP NECKLACE GREEN
3719,90026D,GLASS BEAD HOOP NECKLACE AMETHYST
3720,90027A,GLASS BEAD HOOP EARRINGS BLACK
3721,90027B,GLASS BEAD HOOP EARRINGS MONTANA
3722,90027C,GLASS BEAD HOOP EARRINGS GREEN
3723,90027D,GLASS BEAD HOOP EARRINGS AMETHYST
3724,90028,NEW BAROQUE LARGE NECKLACE BLK/WHIT
3725,90029,NEW BAROQUE SMALL NECKLACE BLACK
3726,90030A,SPOTTED WHITE NATURAL SEED NECKLACE
3727,90030B,RED KUKUI COCONUT SEED NECKLACE
3728,90030C,BROWN KUKUI COCONUT SEED NECKLACE
3729,90031,BILI NUT AND WOOD NECKLACE
3730,90032,IVORY SHELL HEART NECKLACE
3731,90033,IVORY SHELL HEART EARRINGS
3732,90034,WHITE SILVER NECKLACE SHELL GLASS
3733,90035A,"PEARL & SHELL 42""NECKL. GREEN"
3734,90035C,"PEARL & SHELL 42""NECKL. IVORY"
3735,90036A,FLOWER GARLAND NECKLACE RED
3736,90036B,"FLOWER GLASS GARLAND NECKL.36""GREEN"
3737,90036C,"FLOWER GLASS GARLAND NECKL.36""BLUE"
3738,90036D,"FLOWER GLASS GARLAND NECKL.36""BLACK"
3739,90036E,"FLOWER GLASS GARLD NECKL36""AMETHYST"
3740,90036F,"FLOWER GLASS GARLD NECKL36""TURQUOIS"
3741,90037A,TINY CRYSTAL BRACELET RED
3742,90037B,TINY CRYSTAL BRACELET GREEN
3743,90037C,TINY CRYSTAL BRACELET BLUE
3744,90037D,
3745,90038A,GLASS AND PAINTED BEADS BRACELET TO
3746,90038B,GLASS AND PAINTED BEADS BRACELET OL
3747,90038C,GLASS AND BEADS BRACELET IVORY
3748,90039A,FIRE POLISHED GLASS BRACELET RED
3749,90039B,FIRE POLISHED GLASS BRACELET MONTAN
3750,90039C,FIRE POLISHED GLASS BRACELET BLACK
3751,90039D,FIRE POLISHED GLASS BRACELET GREEN
3752,90040A,MURANO STYLE GLASS BRACELET RED
3753,90040B,MURANO STYLE GLASS BRACELET BLACK
3754,90040C,MURANO STYLE GLASS BRACELET GOLD
3755,90041,PEARL AND CHERRY QUARTZ BRACLET
3756,90042A,FRESHWATER PEARL BRACELET GOLD
3757,90042B,
3758,90042C,FRESHWATER PEARL BRACELET IVORY
3759,90043,COPPER AND BRASS BAG CHARM
3760,90046,WHITE WITH METAL BAG CHARM
3761,90048,GREEN WITH METAL BAG CHARM
3762,90049,IVORY GOLD METAL BAG CHARM
3763,90050,CRACKED GLAZE NECKLACE IVORY
3764,90051,CRACKED GLAZE NECKLACE RED
3765,90052,CRACKED GLAZE NECKLACE BROWN
3766,90053,CRACKED GLAZE EARRINGS IVORY
3767,90054,CRACKED GLAZE EARRINGS RED
3768,90055,CRACKED GLAZE EARRINGS BROWN
3769,90056,CHUNKY CRACKED GLAZE NECKLACE IVORY
3770,90057,DIAMANTE RING ASSORTED IN BOX.
3771,90058A,CRYSTAL STUD EARRINGS CLEAR DISPLAY
3772,90058B,CRYSTAL STUD EARRINGS ASSORTED COL
3773,90059A,DIAMANTE HAIR GRIP PACK/2 CRYSTAL
3774,90059B,DIAMANTE HAIR GRIP PACK/2 BLACK DIA
3775,90059C,DIAMANTE HAIR GRIP PACK/2 MONTANA
3776,90059D,DIAMANTE HAIR GRIP PACK/2 PERIDOT
3777,90059E,DIAMANTE HAIR GRIP PACK/2 RUBY
3778,90059F,DIAMANTE HAIR GRIP PACK/2 LT ROSE
3779,90060B,FIRE POLISHED GLASS NECKL GOLD
3780,90060D,FIRE POLISHED GLASS NECKL BRONZE
3781,90060F,FIRE POLISHED GLASS NECKL GREEN
3782,90062,CARNIVAL BRACELET
3783,90063A,WHITE VINT ART DECO CRYSTAL NECKLAC
3784,90063B,BLACK VINT ART DEC CRYSTAL NECKLACE
3785,90064A,WHITE VINTAGE CRYSTAL EARRINGS
3786,90064B,BLACK VINTAGE  CRYSTAL EARRINGS
3787,90065A,WHITE VINTAGE CRYSTAL BRACELET
3788,90065B,BLACK VINT ART DEC CRYSTAL BRACELET
3789,90067A,PINK VINTAGE VICTORIAN EARRINGS
3790,90067B,BROWN VINTAGE VICTORIAN EARRINGS
3791,90068,"RUBY GLASS NECKLACE 42"""
3792,90069,RUBY GLASS CLUSTER NECKLACE
3793,90070,RUBY GLASS CLUSTER BRACELET
3794,90071,RUBY GLASS CLUSTER EARRINGS
3795,90072,RUBY DROP CHANDELIER EARRINGS
3796,90073,VINTAGE ENAMEL & CRYSTAL EARRINGS
3797,90074,BLACK DIAMOND CLUSTER NECKLACE
3798,90075,MONTANA DIAMOND CLUSTER NECKLACE
3799,90076,MONTANA DIAMOND CLUSTER EARRINGS
3800,90077,BLACK DIAMOND CLUSTER EARRINGS
3801,90078,PINK/WHITE GLASS DEMI CHOKER
3802,90079,VINTAGE ENAMEL & CRYSTAL NECKLACE
3803,90081A,LILY BROOCH AMETHYST COLOUR
3804,90081B,LILY BROOCH WHITE/SILVER COLOUR
3805,90081C,LILY BROOCH OLIVE COLOUR
3806,90082A,DIAMANTE BOW BROOCH GREEN COLOUR
3807,90082B,DIAMANTE BOW BROOCH RED COLOUR
3808,90082D,DIAMANTE BOW BROOCH BLACK COLOUR
3809,90083,CRYSTAL CZECH CROSS PHONE CHARM
3810,90084,PINK CRYSTAL GUITAR PHONE CHARM
3811,90085,CRYSTAL STILETTO PHONE CHARM
3812,90086,CRYSTAL FROG PHONE CHARM
3813,90087,CRYSTAL SEA HORSE PHONE CHARM
3814,90089,PINK CRYSTAL SKULL PHONE CHARM
3815,90091,
3816,90092,BLUE CRYSTAL BOOT PHONE CHARM
3817,90093,CLEAR CRYSTAL STAR PHONE CHARM
3818,90094,NECKLACE+BRACELET SET FRUIT SALAD
3819,90095,
3820,90096,NECKLACE+BRACELET SET BLUE BLOSSOM
3821,90098,NECKLACE+BRACELET PINK BUTTERFLY
3822,90099,NECKLACE+BRACELET SET BLUE HIBISCUS
3823,90100,NECKLACE+BRACELET SET PINK DAISY
3824,90101,WHITE FRANGIPANI NECKLACE
3825,90102,WHITE FRANGIPANI HAIR CLIP
3826,90103,PURPLE FRANGIPANI NECKLACE
3827,90104,PURPLE FRANGIPANI HAIRCLIP
3828,90108,BLUE BLOSSOM HAIR CLIP
3829,90112,PINK DOLLY HAIR CLIPS
3830,90114,SUMMER DAISIES BAG CHARM
3831,90115,SUMMER BUTTERFLIES BAG CHARM
3832,90116,FRUIT SALAD BAG CHARM
3833,90118,PINK DAISY BAG CHARM
3834,90119,METALIC LEAVES BAG CHARMS
3835,90120A,PINK MURANO TWIST BRACELET
3836,90120B,BLUE MURANO TWIST BRACELET
3837,90120C,GREEN MURANO TWIST BRACELET
3838,90120D,WHITE MURANO TWIST BRACELET
3839,90122A,PINK CRYSTAL+GLASS BRACELET
3840,90122B,JADE CRYSTAL+GLASS BRACELET
3841,90122C,TURQUOISE CRYSTAL+GLASS BRACELET
3842,90123A,PINK HEART OF GLASS BRACELET
3843,90123B,TURQUOISE HEART OF GLASS BRACELET
3844,90123C,GREEN HEART OF GLASS BRACELET
3845,90123D,WHITE HEART OF GLASS BRACELET
3846,90124A,PINK MURANO TWIST NECKLACE
3847,90124B,BLUE MURANO TWIST NECKLACE
3848,90124C,GREEN MURANO TWIST NECKLACE
3849,90125A,PINK BERTIE GLASS BEAD BAG CHARM
3850,90125B,AQUA BERTIE GLASS BEAD BAG CHARM
3851,90125C,TURQUOISE BERTIE GLASS BEAD CHARM
3852,90125D,PURPLE BERTIE GLASS BEAD BAG CHARM
3853,90125E,AMBER BERTIE GLASS BEAD BAG CHARM
3854,90126A,PINK BERTIE MOBILE PHONE CHARM
3855,90126C,AMBER BERTIE MOBILE PHONE CHARM
3856,90127A,PINK BEADS+HAND PHONE CHARM
3857,90128A,PINK LEAVES AND BEADS PHONE CHARM
3858,90128B,BLUE LEAVES AND BEADS PHONE CHARM
3859,90128C,GREEN LEAVES AND BEADS PHONE CHARM
3860,90128D,PURPLE LEAVES AND BEADS PHONE CHAR
3861,90129A,PINK GLASS TASSLE BAG CHARM
3862,90129B,TURQUOISE GLASS TASSLE BAG CHARM
3863,90129C,GREEN GLASS TASSLE BAG CHARM
3864,90129D,AMBER GLASS TASSLE BAG CHARM
3865,90129E,PURPLE GLASS TASSLE BAG CHARM
3866,90129F,RED GLASS TASSLE BAG CHARM
3867,90130A,WHITE STONE/CRYSTAL EARRINGS
3868,90130B,TURQ STONE/CRYSTAL EARRINGS
3869,90130C,GREEN STONE/CRYSTAL EARRINGS
3870,90130D,RED STONE/CRYSTAL EARRINGS
3871,90131,PINK/AMETHYST/GOLD NECKLACE
3872,90132,LIGHT TOPAZ TEAL/AQUA COL NECKLACE
3873,90133,TEAL/FUSCHIA COL BEAD NECKLACE
3874,90134,OLD ROSE COMBO BEAD NECKLACE
3875,90135,ORANGE/WHT/FUSCHIA STONES NECKLACE
3876,90135A,ORANGE/FUSCHIA STONES NECKLACE
3877,90136,PALE PINK/AMETHYST STONE NECKLACE
3878,90137,PINK COMBO MINI CRYSTALS NECKLACE
3879,90138,WHITE/PINK MINI CRYSTALS NECKLACE
3880,90140,PINK SWEETIE NECKLACE
3881,90141A,GREEN PENDANT TRIPLE SHELL NECKLACE
3882,90141B,IVORY PENDANT TRIPLE SHELL NECKLACE
3883,90141C,TURQ PENDANT TRIPLE SHELL NECKLACE
3884,90141D,ROSE PENDANT TRIPLE SHELL NECKLACE
3885,90141E,ORANGE PENDANT TRIPLE SHELL NECKLAC
3886,90142A,GREEN PENDANT SHELL NECKLACE
3887,90142D,MOP PENDANT SHELL NECKLACE
3888,90143,SILVER BRACELET W PASTEL FLOWER
3889,90144,SILVER DROP EARRINGS WITH FLOWER
3890,90145,SILVER HOOP EARRINGS WITH FLOWER
3891,90146,FINE SILVER NECKLACE W PASTEL FLOWE
3892,90147,CHUNKY SILVER NECKLACE PASTEL FLOWE
3893,90148,LONG SILVER NECKLACE PASTEL FLOWER
3894,90149,SILVER FLOWR PINK SHELL NECKLACE
3895,90151,SILVER/NATURAL SHELL NECKLACE
3896,90152A,SILVER/NAT SHELL NECKLACE W PENDANT
3897,90152B,BLUE/GREEN SHELL NECKLACE W PENDANT
3898,90152C,BLUE/NAT SHELL NECKLACE W PENDANT
3899,90154,LAZER CUT NECKLACE W PASTEL BEADS
3900,90155,RESIN NECKLACE W PASTEL BEADS
3901,90156,RESIN BRACELET W PASTEL BEADS
3902,90157,RIVIERA NECKLACE
3903,90158,ST TROPEZ NECKLACE
3904,90159,COTE D'AZURE NECKLACE
3905,90160A,PURPLE BOUDICCA LARGE BRACELET
3906,90160B,RED BOUDICCA LARGE BRACELET
3907,90160C,TURQ+RED BOUDICCA LARGE BRACELET
3908,90160D,PINK BOUDICCA LARGE BRACELET
3909,90161A,ANT COPPER RED BOUDICCA BRACELET
3910,90161B,ANT COPPER TURQ BOUDICCA BRACELET
3911,90161C,ANT COPPER LIME BOUDICCA BRACELET
3912,90161D,ANT COPPER PINK BOUDICCA BRACELET
3913,90162A,ANT SILVER TURQUOISE BOUDICCA RING
3914,90162B,ANT SILVER LIME GREEN BOUDICCA RING
3915,90162C,ANT SILVER FUSCHIA BOUDICCA RING
3916,90162D,ANT SILVER PURPLE BOUDICCA RING
3917,90163A,PINK ROSEBUD & PEARL NECKLACE
3918,90163B,WHITE ROSEBUD & PEARL NECKLACE
3919,90164A,PINK ROSEBUD PEARL BRACELET
3920,90164B,WHITE  ROSEBUD PEARL BRACELET
3921,90165A,PINK ROSEBUD PEARL EARRINGS
3922,90165B,WHITE ROSEBUD  PEARL EARRINGS
3923,90166,PINK & WHITE ROSEBUD RING
3924,90167,BEADED LOVE HEART JEWELLERY SET
3925,90168,2 DAISIES HAIR COMB
3926,90169,DAISY HAIR COMB
3927,90170,DAISY HAIR BAND
3928,90173,PAIR BUTTERFLY HAIR CLIPS
3929,90174,BUTTERFLY HAIR BAND
3930,90175A,WHITE GLASS CHUNKY CHARM BRACELET
3931,90175B,PINK GLASS CHUNKY CHARM BRACELET
3932,90175C,BLUE GLASS CHUNKY CHARM BRACELET
3933,90175D,TIGRIS EYE CHUNKY CHARM BRACELET
3934,90176A,CLASSIC DIAMANTE NECKLACE JET
3935,90176B,DIAMANTE NECKLACE BLACK
3936,90176C,DIAMANTE NECKLACE
3937,90176D,DIAMANTE NECKLACE PURPLE
3938,90176E,DIAMANTE NECKLACE GREEN
3939,90177A,CLASSIC DIAMANTE EARRINGS JET
3940,90177B,DROP DIAMANTE EARRINGS BLACK DIAMON
3941,90177C,DROP DIAMANTE EARRINGS CRYSTAL
3942,90177D,DROP DIAMANTE EARRINGS PURPLE
3943,90177E,DROP DIAMANTE EARRINGS GREEN
3944,90178A,AMBER CHUNKY GLASS+BEAD NECKLACE
3945,90178B,PURPLE CHUNKY GLASS+BEAD NECKLACE
3946,90179A,AMBER FINE BEAD NECKLACE W TASSEL
3947,90179B,PURPLE FINE BEAD NECKLACE W TASSEL
3948,90179C,BLACK FINE BEAD NECKLACE W TASSEL
3949,90180A,BLACK+WHITE NECKLACE W TASSEL
3950,90180B,PURPLE AMETHYST NECKLACE W TASSEL
3951,90181A,AMBER GLASS/SHELL/PEARL NECKLACE
3952,90181B,AMETHYST GLASS/SHELL/PEARL NECKLACE
3953,90181C,BLACK GLASS/SHELL/PEARL NECKLACE
3954,90182A,AMBER 3 BEAD DROP EARRINGS
3955,90182B,AMETHYST 3 BEAD DROP EARRINGS
3956,90182C,BLACK 3 BEAD DROP EARRINGS
3957,90183A,AMBER DROP EARRINGS W LONG BEADS
3958,90183B,AMETHYST DROP EARRINGS W LONG BEADS
3959,90183c,BLACK DROP EARRINGS W LONG BEADS
3960,90183C,BLACK DROP EARRINGS W LONG BEADS
3961,90184A,AMBER CHUNKY BEAD BRACELET W STRAP
3962,90184B,AMETHYST CHUNKY BEAD BRACELET W STR
3963,90184c,BLACK CHUNKY BEAD BRACELET W STRAP
3964,90184C,BLACK CHUNKY BEAD BRACELET W STRAP
3965,90185A,AMBER DIAMANTE EXPANDABLE RING
3966,90185B,AMETHYST DIAMANTE EXPANDABLE RING
3967,90185C,BLACK DIAMANTE EXPANDABLE RING
3968,90185D,CRYSTAL DIAMANTE EXPANDABLE RING
3969,90186A,AMETHYST HOOP EARRING FLORAL LEAF
3970,90186B,CRYSTAL HOOP EARRING FLORAL LEAF
3971,90187A,BLUE DROP EARRINGS W BEAD CLUSTER
3977,90190C,SILVER/AMETHYST DROP EARRINGS LEAF
3978,90191,SILVER LARIAT 40CM
3986,90198A,VINTAGE ROSE BEAD BRACELET RASPBERR
3987,90198B,VINTAGE ROSE BEAD BRACELET BLACK
3988,90199A,5 STRAND GLASS NECKLACE BLACK
3989,90199B,5 STRAND GLASS NECKLACE AMETHYST
3990,90199C,5 STRAND GLASS NECKLACE CRYSTAL
3991,90199D,5 STRAND GLASS NECKLACE AMBER
3992,90200A,PURPLE SWEETHEART BRACELET
3993,90200B,BLACK SWEETHEART BRACELET
3994,90200C,BLUE SWEETHEART BRACELET
3995,90200D,PINK SWEETHEART BRACELET
3996,90200E,GREEN SWEETHEART BRACELET
3997,90201A,PURPLE ENAMEL FLOWER RING
3998,90201B,BLACK ENAMEL FLOWER RING
3999,90201C,RED ENAMEL FLOWER RING
4000,90201D,GREEN ENAMEL FLOWER RING
4001,90202A,PURPLE ENAMEL FLOWER HAIR TIE
4002,90202B,WHITE ENAMEL FLOWER HAIR TIE
4003,90202C,GREEN ENAMEL FLOWER HAIR TIE
4004,90202D,PINK ENAMEL FLOWER HAIR TIE
4005,90204,PAIR OF ENAMEL BUTTERFLY HAIRCLIP
4006,90205A,LARGE MINT DIAMANTE HAIRSLIDE
4007,90205C,LARGE CRYSTAL DIAMANTE HAIRSLIDE
4008,90206A,GOLD DIAMANTE STAR BROOCH
4009,90206C,CRYSTAL DIAMANTE STAR BROOCH
4010,90208,PAIR OF PINK FLOWER CLUSTER SLIDE
4011,90209A,PURPLE ENAMEL+GLASS HAIR COMB
4012,90209B,GREEN ENAMEL+GLASS HAIR COMB
4013,90209C,PINK ENAMEL+GLASS HAIR COMB
4014,90210A,GREY ACRYLIC FACETED BANGLE
4015,90210B,CLEAR ACRYLIC FACETED BANGLE
4016,90210C,RED   ACRYLIC FACETED BANGLE
4017,90210D,PURPLE ACRYLIC FACETED BANGLE
4018,90211A,DIAMOND LAS VEGAS NECKLACE 45CM
4019,90211B,JET BLACK LAS VEGAS NECKLACE 45CM
4020,90212B,JET BLACK LAS VEGAS BRACELET ROUND
4021,90212C,PURPLE LAS VEGAS BRACELET ROUND
4022,90214A,"LETTER ""A"" BLING KEY RING"
4023,90214B,"LETTER ""B"" BLING KEY RING"
4024,90214C,"LETTER ""C"" BLING KEY RING"
4025,90214D,"LETTER ""D"" BLING KEY RING"
4026,90214E,"LETTER ""E"" BLING KEY RING"
4027,90214F,"LETTER ""F"" BLING KEY RING"
4028,90214G,"LETTER ""G"" BLING KEY RING"
4029,90214H,"LETTER ""H"" BLING KEY RING"
4030,90214I,"LETTER ""I"" BLING KEY RING"
4031,90214J,"LETTER ""J"" BLING KEY RING"
4032,90214K,"LETTER ""K"" BLING KEY RING"
4033,90214L,"LETTER ""L"" BLING KEY RING"
4034,90214M,"LETTER ""M"" BLING KEY RING"
4035,90214N,"LETTER ""N"" BLING KEY RING"
4036,90214O,"LETTER ""O"" BLING KEY RING"
4037,90214P,"LETTER ""P"" BLING KEY RING"
4038,90214R,"LETTER ""R"" BLING KEY RING"
4039,90214S,"LETTER ""S"" BLING KEY RING"
4040,90214T,"LETTER ""T"" BLING KEY RING"
4041,90214U,"LETTER ""U"" BLING KEY RING"
4042,90214V,"LETTER ""V"" BLING KEY RING"
4043,90214W,"LETTER ""W"" BLING KEY RING"
4044,90214Y,"LETTER ""Y"" BLING KEY RING"
4045,90214Z,"LETTER ""Z"" BLING KEY RING"
4046,AMAZONFEE,AMAZON FEE
4047,B,Adjust bad debt
4048,BANK CHARGES,Bank Charges
4049,C2,CARRIAGE
4050,CRUK,CRUK Commission
4051,D,Discount
4052,DCGS0003,BOXED GLASS ASHTRAY
4053,DCGS0004,HAYNES CAMPER SHOULDER BAG
4054,DCGS0055,
4055,DCGS0057,
4056,DCGS0066P,
4057,DCGS0067,ebay
4058,DCGS0068,ebay
4059,DCGS0069,ebay
4060,DCGS0070,CAMOUFLAGE DOG COLLAR
4061,DCGS0071,
4062,DCGS0072,
4063,DCGS0073,ebay
4064,DCGS0074,
4065,DCGS0076,SUNJAR LED NIGHT NIGHT LIGHT
4066,DCGSSBOY,BOYS PARTY BAG
4067,DCGSSGIRL,GIRLS PARTY BAG
4068,DOT,DOTCOM POSTAGE
4069,gift_0001_10,Dotcomgiftshop Gift Voucher £10.00
11,10120,DOGGY RUBBER
12,10123C,HEARTS WRAPPING TAPE
13,10123G,
14,10124A,SPOTS ON RED BOOKCOVER TAPE
15,10124G,ARMY CAMO BOOKCOVER TAPE
16,10125,MINI FUNKY DESIGN TAPES
17,10133,COLOURING PENCILS BROWN TUBE
18,10134,
19,10135,COLOURING PENCILS BROWN TUBE
20,11001,ASSTD DESIGN RACING CAR PEN
21,15030,FAN BLACK FRAME
22,15034,PAPER POCKET TRAVELING FAN
23,15036,ASSORTED COLOURS SILK FAN
24,15039,SANDALWOOD FAN
25,15044A,PINK PAPER PARASOL
26,15044B,BLUE PAPER PARASOL
27,15044C,PURPLE PAPER PARASOL
28,15044D,RED PAPER PARASOL
29,15056bl,EDWARDIAN PARASOL BLACK
30,15056BL,EDWARDIAN PARASOL BLACK
31,15056n,EDWARDIAN PARASOL NATURAL
32,15056N,EDWARDIAN PARASOL NATURAL
33,15056p,EDWARDIAN PARASOL PINK
34,15056P,EDWARDIAN PARASOL PINK
35,15058A,BLUE POLKADOT GARDEN PARASOL
36,15058B,PINK POLKADOT GARDEN PARASOL
37,15058C,ICE CREAM DESIGN GARDEN PARASOL
38,15060b,FAIRY CAKE DESIGN UMBRELLA
39,15060B,FAIRY CAKE DESIGN UMBRELLA
40,16008,SMALL FOLDING SCISSOR(POINTED EDGE)
41,16010,FOLDING CAMPING SCISSOR W/KNIF & S
42,16011,ANIMAL STICKERS
43,16012,FOOD/DRINK SPONGE STICKERS
44,16014,SMALL CHINESE STYLE SCISSOR
45,16015,MEDIUM CHINESE STYLE SCISSOR
46,16016,LARGE CHINESE STYLE SCISSOR
47,16020C,CLEAR STATIONERY BOX SET
48,16033,MINI HIGHLIGHTER PENS
49,16043,POP ART PUSH DOWN RUBBER
50,16045,POPART WOODEN PENCILS ASST
51,16046,TEATIME PEN CASE & PENS
52,16048,TEATIME ROUND PENCIL SHARPENER
53,16049,TEATIME GEL PENS ASST
54,16052,TEATIME PUSH DOWN RUBBER
55,16053,
56,16054,POPART RECT PENCIL SHARPENER ASST
57,16151A,FLOWERS HANDBAG blue and orange
58,16156L,WRAP CAROUSEL
59,16156S,WRAP PINK FAIRY CAKES
60,16161G,WRAP BAD HAIR DAY
61,16161M,WRAP  PINK FLOCK
4070,gift_0001_20,Dotcomgiftshop Gift Voucher £20.00
4071,gift_0001_30,Dotcomgiftshop Gift Voucher £30.00
4072,gift_0001_40,Dotcomgiftshop Gift Voucher £40.00
434,21172,PARTY METAL SIGN
531,21318,GLASS CHALICE BLUE SMALL
1005,22036,
1429,22500,SET OF 2 TINS JARDIN DE PROVENCE
1539,22616,PACK OF 12 LONDON TISSUES
2101,23199,JUMBO BAG APPLES
2449,23574,PACKING CHARGE
2544,35603B,
2761,47591B,SCOTTIES CHILDRENS APRON
2875,72807b,SET/3 OCEAN SCENT CANDLE JEWEL BOX
2989,84006,MAGIC TREE -PAPER FLOWERS
3212,84725,FREESTYLE CANVAS ART PICTURE
3325,84910A,PINK PAISLEY CUSHION COVER
3436,85024B,EAU DE NILE JEWELLED PHOTOFRAME
3972,90187B,GREEN DROP EARRINGS W BEAD CLUSTER
3973,90188,DROP EARRINGS W FLOWER & LEAF
3974,90189A,SILVER 2 STRAND NECKLACE-LEAF CHARM
3975,90190A,SILVER/CRYSTAL DROP EARRINGS W LEAF
3976,90190B,GOLD/AMBER DROP EARRINGS W LEAF
3979,90192,JADE DROP EARRINGS W FILIGREE
3980,90194,SILVER LARIAT BLACK STONE EARRINGS
3981,90195A,PURPLE GEMSTONE BRACELET
3982,90195B,BLACK GEMSTONE BRACELET
3983,90196A,PURPLE GEMSTONE NECKLACE 45CM
3984,90196B,BLACK GEMSTONE NECKLACE 45CM
3985,90197B,BLACK GLASS BRACELET W HEART CHARMS
4073,gift_0001_50,Dotcomgiftshop Gift Voucher £50.00
4074,m,Manual
4075,M,Manual
4076,PADS,PADS TO MATCH ALL CUSHIONS
8,POST,POSTAGE
4078,S,SAMPLES
