product_key,stock_code,description,units_sold,revenue,order_count,revenue_rank,quantity_rank,pct_of_total_revenue,is_non_merchandise
4068,DOT,DOTCOM POSTAGE,706,206248.77,706,1,1520,1.9356,True
1357,22423,REGENCY CAKESTAND 3 TIER,13879,174484.74,1988,2,40,1.6375,False
2515,23843,"PAPER CRAFT , LITTLE BIRDIE",80995,168469.6,1,3,1,1.581,False
3546,85123A,WHITE HANGING HEART T-LIGHT HOLDER,37660,104518.8,2198,4,6,0.9809,False
2742,47566,PARTY BUNTING,18295,99504.33,1685,5,22,0.9338,False
3524,85099B,JUMBO BAG RED RETROSPOT,48474,94340.05,2089,6,5,0.8854,False
2069,23166,MEDIUM CERAMIC TOP STORAGE JAR,78033,81700.92,247,7,2,0.7667,False
4075,M,Manual,7224,78110.27,289,8,150,0.733,True
8,POST,POSTAGE,3150,78101.88,1126,9,447,0.733,True
1991,23084,RABBIT NIGHT LIGHT,30788,66964.99,994,10,9,0.6284,False
1052,22086,PAPER CHAIN KIT 50'S CHRISTMAS,19355,64952.29,1160,11,20,0.6096,False
3314,84879,ASSORTED COLOUR BIRD ORNAMENT,36461,59094.93,1455,12,7,0.5546,False
2933,79321,CHILLI LIGHTS,10306,54117.76,661,13,84,0.5079,False
1431,22502,PICNIC BASKET WICKER SMALL,1940,51426.62,463,14,743,0.4826,False
1156,22197,POPCORN HOLDER,56921,51354.02,1392,15,3,0.4819,False
2188,23298,SPOTTY BUNTING,8473,43182.83,1146,16,118,0.4053,False
1326,22386,JUMBO BAG PINK POLKADOT,21465,42436.24,1218,17,17,0.3983,False
2105,23203,JUMBO BAG VINTAGE DOILY,20503,42067.78,1231,18,18,0.3948,False
413,21137,BLACK RECORD COVER FRAME,11656,40652.13,375,19,66,0.3815,False
2174,23284,DOORMAT KEEP CALM AND COME IN,5491,38166.64,728,20,224,0.3582,False
1640,22720,SET OF 3 CAKE TINS PANTRY DESIGN,7493,38158.39,1385,21,143,0.3581,False
1871,22960,JAM MAKING SET WITH JARS,8706,37128.88,1132,22,108,0.3484,False
189,20725,LUNCH BAG RED RETROSPOT,19553,36042.01,1565,23,19,0.3382,False
2963,82484,WOOD BLACK BOARD ANT WHITE FINISH,6020,36030.22,685,24,201,0.3381,False
1137,22178,VICTORIAN GLASS HANGING T-LIGHT,24304,33187.97,1037,25,13,0.3115,False
1080,22114,HOT WATER BOTTLE TEA AND SYMPATHY,5747,33002.59,643,26,219,0.3097,False
1822,22910,PAPER CHAIN KIT VINTAGE CHRISTMAS,10604,32873.34,820,27,73,0.3085,False
1078,22112,CHOCOLATE HOT WATER BOTTLE,6025,32866.18,858,28,199,0.3084,False
3527,85099F,JUMBO BAG STRAWBERRY,17273,32570.47,812,29,27,0.3057,False
1400,22469,HEART OF WICKER SMALL,17971,32107.8,1201,30,25,0.3013,False
2147,23245,SET OF 3 REGENCY CAKE TINS,6357,31177.95,873,31,183,0.2926,False
953,21931,JUMBO STORAGE BAG SUKI,13654,30770.12,1184,32,41,0.2888,False
1646,22727,ALARM CLOCK BAKELIKE RED,7815,30701.12,1051,33,138,0.2881,False
2101,23199,JUMBO BAG APPLES,14920,30475.65,978,34,34,0.286,False
1401,22470,HEART OF WICKER LARGE,9901,30139.41,925,35,88,0.2828,False
1299,22355,CHARLOTTE BAG SUKI DESIGN,18152,29277.95,882,36,24,0.2748,False
1619,22699,ROSES REGENCY TEACUP AND SAUCER,9877,29095.27,1065,37,89,0.2731,False
2245,23355,HOT WATER BOTTLE KEEP CALM,5841,28842.55,782,38,213,0.2707,False
1345,22411,JUMBO SHOPPER VINTAGE RED PAISLEY,12602,28634.95,1175,39,51,0.2687,False
1390,22457,NATURAL SLATE HEART CHALKBOARD,9172,28147.96,1249,40,98,0.2642,False
3525,85099C,JUMBO  BAG BAROQUE BLACK WHITE,13922,28092.2,933,41,38,0.2636,False
164,20685,DOORMAT RED RETROSPOT,4092,28082.54,696,42,323,0.2635,False
2103,23201,JUMBO BAG ALPHABET,13379,27890.17,906,43,43,0.2617,False
1645,22726,ALARM CLOCK BAKELIKE GREEN,6430,27196.53,980,44,180,0.2552,False
436,21175,GIN + TONIC DIET METAL SIGN,12225,27074.07,809,45,59,0.2541,False
3042,84347,ROTATING SILVER ANGELS T-LIGHT HLDR,9476,26463.83,449,46,95,0.2484,False
941,21915,RED  HARMONICA IN BOX,21933,26331.58,661,47,16,0.2471,False
1586,22666,RECIPE BOX PANTRY YELLOW DESIGN,8276,26240.6,1111,48,122,0.2463,False
3355,84946,ANTIQUE SILVER T-LIGHT GLASS,19246,25889.63,905,49,21,0.243,False
1552,22629,SPACEBOY LUNCH BOX,14260,25740.47,900,50,36,0.2416,False
1872,22961,JAM MAKING SET PRINTED,16412,25660.98,1162,51,29,0.2408,False
2774,48138,DOORMAT UNION FLAG,3762,25609.6,616,52,366,0.2403,False
438,21181,PLEASE ONE PERSON METAL SIGN,12305,25290.58,845,53,57,0.2373,False
2076,23173,REGENCY TEAPOT ROSES,2770,24918.93,416,54,508,0.2339,False
720,21621,VINTAGE UNION JACK BUNTING,2789,24542.83,475,55,504,0.2303,False
1077,22111,SCOTTIE DOG HOT WATER BOTTLE,4666,24509.84,771,56,280,0.23,False
1642,22722,SET OF 6 SPICE TINS PANTRY DESIGN,5978,24483.66,834,57,203,0.2298,False
1272,22326,ROUND SNACK BOXES SET OF4 WOODLAND,8560,24438.62,732,58,114,0.2293,False
2779,48187,DOORMAT NEW ENGLAND,3830,24292.84,600,59,356,0.228,False
1102,22138,BAKING SET 9 PIECE RETROSPOT,4948,24239.72,934,60,260,0.2275,False
810,21731,RED TOADSTOOL LED NIGHT LIGHT,14009,23932.98,849,61,37,0.2246,False
2778,48185,DOORMAT FAIRY CAKE,3617,23888.81,365,62,382,0.2242,False
2234,23344,JUMBO BAG 50'S CHRISTMAS,10306,23815.75,716,63,84,0.2235,False
2145,23243,SET OF TEA COFFEE SUGAR TINS PANTRY,4805,23514.17,470,64,270,0.2207,False
1148,22189,CREAM HEART CARD HOLDER,8291,23463.47,524,65,121,0.2202,False
811,21733,RED HANGING HEART T-LIGHT HOLDER,7882,23228.74,741,66,135,0.218,False
951,21929,JUMBO BAG PINK VINTAGE PAISLEY,11007,23181.14,865,67,69,0.2175,False
2961,82482,WOODEN PICTURE FRAME WHITE FINISH,9006,23113.26,1100,68,100,0.2169,False
182,20713,JUMBO BAG OWLS,11444,23030.96,657,69,68,0.2161,False
722,21623,VINTAGE UNION JACK MEMOBOARD,3272,23010.09,221,70,425,0.2159,False
1103,22139,RETROSPOT TEA SET CERAMIC 11 PC,4527,22912.81,962,71,285,0.215,False
1617,22697,GREEN REGENCY TEACUP AND SAUCER,7302,22826.3,1013,72,147,0.2142,False
1056,22090,PAPER BUNTING RETROSPOT,7564,22790.96,798,73,141,0.2139,False
3505,85066,CREAM SWEETHEART MINI CHEST,1793,22708.95,519,74,812,0.2131,False
1323,22383,LUNCH BAG SUKI DESIGN,12552,22542.44,1284,75,52,0.2116,False
191,20727,LUNCH BAG  BLACK SKULL.,12240,22421.21,1273,76,58,0.2104,False
32,15056N,EDWARDIAN PARASOL NATURAL,3954,22176.49,456,77,343,0.2081,False
2993,84029E,RED WOOLLY HOTTIE WHITE HEART.,4765,22144.98,429,78,274,0.2078,False
2782,48194,DOORMAT HEARTS,3419,22138.57,592,79,403,0.2078,False
181,20712,JUMBO BAG WOODLAND ANIMALS,9773,22092.42,863,80,91,0.2073,False
2104,23202,JUMBO BAG VINTAGE LEAF,10962,21852.81,879,81,71,0.2051,False
188,20724,RED RETROSPOT CHARLOTTE BAG,17765,21776.79,1032,82,26,0.2044,False
192,20728,LUNCH BAG CARS BLUE,11817,21750.63,1150,83,64,0.2041,False
1553,22630,DOLLY GIRL LUNCH BOX,11793,21635.14,850,84,65,0.203,False
672,21523,DOORMAT FANCY FONT HOME SWEET HOME,3246,21601.69,502,85,428,0.2027,False
2111,23209,LUNCH BAG VINTAGE DOILY,13189,21450.17,1098,86,48,0.2013,False
886,21843,RED RETROSPOT CAKE STAND,2013,21365.25,539,87,713,0.2005,False
463,21212,PACK OF 72 RETROSPOT CAKE CASES,36419,21259.1,1320,88,8,0.1995,False
950,21928,JUMBO BAG SCANDINAVIAN BLUE PAISLEY,10473,21154.55,806,89,78,0.1985,False
430,21166,COOK WITH WINE METAL SIGN,10364,20957.64,723,90,82,0.1967,False
2108,23206,LUNCH BAG APPLE DESIGN,12183,20911.98,1036,91,60,0.1963,False
1579,22659,LUNCH BOX I LOVE LONDON,11523,20818.7,707,92,67,0.1954,False
1647,22728,ALARM CLOCK BAKELIKE PINK,5364,20702.15,783,93,229,0.1943,False
2812,71477,COLOUR GLASS. STAR T-LIGHT HOLDER,6750,20658.56,316,94,166,0.1939,False
649,21479,WHITE SKULL HOT WATER BOTTLE,3918,20594.45,499,95,345,0.1933,False
3415,84997D,CHILDRENS CUTLERY POLKADOT PINK,5105,19736.5,473,96,245,0.1852,False
2966,82494L,WOODEN FRAME ANTIQUE WHITE,6749,19640.79,910,97,167,0.1843,False
1430,22501,PICNIC BASKET WICKER LARGE,1604,19322.16,445,98,892,0.1813,False
1274,22328,ROUND SNACK BOXES SET OF 4 FRUITS,6847,19130.37,581,99,160,0.1795,False
1398,22467,GUMBALL COAT RACK,7962,18890.47,681,100,132,0.1773,False
1880,22969,HOMEMADE JAM SCENTED CANDLES,12532,18788.55,646,101,53,0.1763,False
23,15036,ASSORTED COLOURS SILK FAN,23826,18569.84,518,102,14,0.1743,False
2964,82486,WOOD S/3 CABINET ANT WHITE FINISH,2150,18467.22,605,103,667,0.1733,False
291,20914,SET/5 RED RETROSPOT LID GLASS BOWLS,6372,18390.2,880,104,182,0.1726,False
190,20726,LUNCH BAG WOODLAND,9933,18323.38,1017,105,87,0.172,False
1322,22382,LUNCH BAG SPACEBOY DESIGN,10464,18092.36,1157,106,79,0.1698,False
390,21108,FAIRY CAKE FLANNEL ASSORTED COLOUR,10253,18069.28,262,107,86,0.1696,False
1751,22835,HOT WATER BOTTLE I AM SO POORLY,3474,18055.11,657,108,393,0.1694,False
1613,22693,GROW A FLYTRAP OR SUNFLOWER IN TIN,16244,17927.45,305,109,30,0.1682,False
1778,22865,HAND WARMER OWL DESIGN,8498,17910.03,654,110,116,0.1681,False
652,21485,RETROSPOT HEART HOT WATER BOTTLE,3533,17708.53,623,111,387,0.1662,False
1618,22698,PINK REGENCY TEACUP AND SAUCER,5824,17551.76,765,112,214,0.1647,False
1324,22384,LUNCH BAG PINK POLKADOT,10515,17435.19,1090,113,77,0.1636,False
1043,22077,6 RIBBONS RUSTIC CHARM,9183,17205.37,955,114,97,0.1615,False
1325,22385,JUMBO BAG SPACEBOY DESIGN,8671,17081.86,686,115,111,0.1603,False
825,21754,HOME BUILDING BLOCK WORD,2780,17049.92,777,116,506,0.16,False
2975,82583,HOT BATHS METAL SIGN,7306,17047.06,609,117,146,0.16,False
2142,23240,SET OF 4 KNICK KNACK TINS DOILY,4186,17037.52,536,118,313,0.1599,False
1421,22492,MINI PAINT SET VINTAGE,26633,16937.82,380,119,10,0.159,False
186,20719,WOODLAND CHARLOTTE BAG,13308,16759.75,833,120,46,0.1573,False
1547,22624,IVORY KITCHEN SCALES,1901,16528.31,711,121,768,0.1551,False
1904,22993,SET OF 4 PANTRY JELLY MOULDS,12672,16507.23,1073,122,50,0.1549,False
3393,84978,HANGING HEART JAR T-LIGHT HOLDER,12512,16477.53,728,123,54,0.1546,False
3007,84078A,SET/4 WHITE RETRO STORAGE CUBES,415,16363.3,155,124,1889,0.1536,False
2191,23301,GARDENERS KNEELING PAD KEEP CALM,8825,16357.05,913,125,105,0.1535,False
477,21232,STRAWBERRY CERAMIC TRINKET BOX,11854,16263.8,831,126,63,0.1526,False
2994,84029G,KNITTED UNION FLAG HOT WATER BOTTLE,3323,16164.04,459,127,416,0.1517,False
3411,84997B,CHILDRENS CUTLERY RETROSPOT RED,4214,16045.97,370,128,312,0.1506,False
3580,85152,HAND OVER THE CHOCOLATE   SIGN,8272,15983.33,677,129,123,0.15,False
2203,23313,VINTAGE CHRISTMAS BUNTING,2997,15833.31,401,130,472,0.1486,False
30,15056BL,EDWARDIAN PARASOL BLACK,2844,15828.84,321,131,492,0.1485,False
1319,22379,RECYCLING BAG RETROSPOT,6910,15636.99,748,132,157,0.1467,False
2962,82483,WOOD 2 DRAWER CABINET WHITE FINISH,2403,15240.07,543,133,595,0.143,False
1050,22084,PAPER CHAIN KIT EMPIRE,5189,15122.97,436,134,241,0.1419,False
1813,22900,SET 2 TEA TOWELS I LOVE LONDON,4919,14975.93,533,135,261,0.1405,False
3413,84997C,CHILDRENS CUTLERY POLKADOT BLUE,3784,14501.18,335,136,361,0.1361,False
1671,22752,SET 7 BABUSHKA NESTING BOXES,1790,14453.47,380,137,813,0.1356,False
1779,22866,HAND WARMER SCOTTY DOG DESIGN,6632,14410.62,548,138,173,0.1352,False
1762,22847,BREAD BIN DINER STYLE IVORY,905,14389.34,376,139,1327,0.135,False
2777,48184,DOORMAT ENGLISH ROSE,2038,14324.0,407,140,705,0.1344,False
2102,23200,JUMBO BAG PEARS,7071,14197.28,595,141,154,0.1332,False
1435,22507,MEMO BOARD RETROSPOT  DESIGN,2960,14193.35,459,142,474,0.1332,False
1049,22083,PAPER CHAIN KIT RETROSPOT,4658,14159.54,610,143,281,0.1329,False
1548,22625,RED KITCHEN SCALES,1627,14141.7,546,144,879,0.1327,False
1780,22867,HAND WARMER BIRD DESIGN,6441,14078.69,554,145,179,0.1321,False
952,21930,JUMBO STORAGE BAG SKULLS,6450,14031.16,705,146,178,0.1317,False
2233,23343,JUMBO BAG VINTAGE CHRISTMAS,6081,13978.95,476,147,194,0.1312,False
1545,22622,BOX OF VINTAGE ALPHABET BLOCKS,1342,13931.31,267,148,1018,0.1307,False
3006,84077,WORLD WAR 2 GLIDERS ASSTD DESIGNS,55047,13841.85,535,149,4,0.1299,False
311,20971,PINK BLUE FELT CRAFT TRINKET BOX,11001,13838.1,522,150,70,0.1299,False
1853,22941,CHRISTMAS LIGHTS 10 REINDEER,1672,13812.92,311,151,861,0.1296,False
4046,AMAZONFEE,AMAZON FEE,2,13761.09,2,152,3771,0.1291,True
1132,22171,3 HOOK PHOTO SHELF ANTIQUE WHITE,1811,13746.11,382,153,803,0.129,False
1984,23077,DOUGHNUT LIP GLOSS,10415,13720.77,344,154,81,0.1288,False
1477,22551,PLASTERS IN TIN SPACEBOY,8082,13615.31,673,155,128,0.1278,False
673,21524,DOORMAT SPOTTY HOME SWEET HOME,1757,13612.41,480,156,828,0.1277,False
2246,23356,LOVE HOT WATER BOTTLE,2386,13494.97,476,157,600,0.1266,False
2109,23207,LUNCH BAG ALPHABET DESIGN,7851,13360.2,740,158,137,0.1254,False
1483,22558,CLOTHES PEGS RETROSPOT PACK 24,8689,13346.04,772,159,110,0.1252,False
1479,22554,PLASTERS IN TIN WOODLAND ANIMALS,7813,13344.77,704,160,139,0.1252,False
2011,23108,SET OF 10 LED DOLLY LIGHTS,2221,13303.02,372,161,644,0.1248,False
2218,23328,SET 6 SCHOOL MILK BOTTLES IN CRATE,2845,13284.49,405,162,491,0.1247,False
1695,22776,SWEETHEART CAKESTAND 3 TIER,1245,13088.73,536,163,1076,0.1228,False
2977,82600,NO SINGING METAL SIGN,6014,12835.28,545,164,202,0.1205,False
1079,22113,GREY HEART HOT WATER BOTTLE,3231,12805.33,561,165,432,0.1202,False
1428,22499,WOODEN UNION JACK BUNTING,2091,12792.25,407,166,683,0.1201,False
1361,22427,ENAMEL FLOWER JUG CREAM,2110,12671.06,506,167,677,0.1189,False
200,20750,RED RETROSPOT MINI CASES,1748,12642.93,385,168,830,0.1187,False
199,20749,ASSORTED COLOUR MINI CASES,1770,12614.17,383,169,823,0.1184,False
826,21755,LOVE BUILDING BLOCK WORD,2034,12572.71,629,170,707,0.118,False
1531,22607,WOODEN ROUNDERS GARDEN SET,1331,12571.37,358,171,1025,0.118,False
187,20723,STRAWBERRY CHARLOTTE BAG,9798,12552.4,722,172,90,0.1178,False
846,21790,VINTAGE SNAP CARDS,14528,12515.96,926,173,35,0.1175,False
1147,22188,BLACK HEART CARD HOLDER,4871,12487.17,189,174,264,0.1172,False
1493,22568,FELTCRAFT CUSHION OWL,3380,12440.14,470,175,407,0.1167,False
1358,22424,ENAMEL BREAD BIN CREAM,875,12383.83,454,176,1349,0.1162,False
1112,22149,FELTCRAFT 6 FLOWER FRIENDS,6078,12373.88,547,177,195,0.1161,False
2077,23174,REGENCY SUGAR BOWL GREEN,3057,12350.73,322,178,459,0.1159,False
975,21977,PACK OF 60 PINK PAISLEY CAKE CASES,24854,12245.02,869,179,12,0.1149,False
2780,48188,DOORMAT WELCOME PUPPIES,2065,12114.97,287,180,694,0.1137,False
2758,47590B,PINK HAPPY BIRTHDAY BUNTING,2327,12071.92,393,181,621,0.1133,False
1221,22273,FELTCRAFT DOLL MOLLY,4514,12016.34,331,182,287,0.1128,False
1150,22191,IVORY DINER WALL CLOCK,1452,11971.15,415,183,956,0.1123,False
1121,22158,3 HEARTS HANGING DECORATION RUSTIC,3463,11944.88,303,184,396,0.1121,False
616,21430,SET/3 RED GINGHAM ROSE STORAGE BOX,3040,11928.45,477,185,464,0.1119,False
1053,22087,PAPER BUNTING WHITE LACE,4089,11893.23,326,186,324,0.1116,False
1152,22193,RED DINER WALL CLOCK,1403,11882.57,460,187,976,0.1115,False
2190,23300,GARDENERS KNEELING PAD CUP OF TEA,6827,11815.69,758,188,163,0.1109,False
958,21936,RED RETROSPOT PICNIC BAG,3987,11671.09,531,189,338,0.1095,False
2455,23581,JUMBO BAG PAISLEY PARK,5035,11613.03,338,190,253,0.109,False
1612,22692,DOORMAT WELCOME TO OUR HOME,1524,11555.56,443,191,925,0.1084,False
467,21217,RED RETROSPOT ROUND CAKE TINS,1089,11532.39,344,192,1179,0.1082,False
1649,22730,ALARM CLOCK BAKELIKE IVORY,2892,11479.65,570,193,482,0.1077,False
650,21481,FAWN BLUE HOT WATER BOTTLE,3313,11466.37,490,194,418,0.1076,False
1300,22356,CHARLOTTE BAG PINK POLKADOT,9719,11420.29,742,195,93,0.1072,False
466,21216,"SET 3 RETROSPOT TEA,COFFEE,SUGAR",2133,11407.56,430,196,672,0.1071,False
1010,22041,"RECORD FRAME 7"" SINGLE SIZE",4374,11354.56,361,197,302,0.1066,False
545,21340,CLASSIC METAL BIRDCAGE PLANT HOLDER,978,11338.27,290,198,1256,0.1064,False
375,21080,SET/20 RED RETROSPOT PAPER NAPKINS,13210,11319.36,986,199,47,0.1062,False
2744,47566B,TEA TIME PARTY BUNTING,2382,11290.12,365,200,603,0.106,False
1529,22605,WOODEN CROQUET GARDEN SET,782,11276.21,299,201,1454,0.1058,False
1495,22570,FELTCRAFT CUSHION RABBIT,3092,11227.47,386,202,455,0.1054,False
2073,23170,REGENCY TEA PLATE ROSES,6869,11117.05,445,203,159,0.1043,False
1347,22413,METAL SIGN TAKE IT OR LEAVE IT,3777,11104.79,412,204,363,0.1042,False
1582,22662,LUNCH BAG DOLLY GIRL DESIGN,6724,11090.58,682,205,168,0.1041,False
180,20711,JUMBO BAG TOYS,5007,11014.62,522,206,255,0.1034,False
3421,85014B,RED RETROSPOT UMBRELLA,1915,10981.95,350,207,758,0.1031,False
1899,22988,SOLDIERS EGG CUP,9137,10938.31,418,208,99,0.1027,False
3480,85048,15CM CHRISTMAS GLASS BALL 20 LIGHTS,1359,10910.61,261,209,1006,0.1024,False
2811,71459,HANGING JAM JAR T-LIGHT HOLDER,13605,10858.89,440,210,42,0.1019,False
1540,22617,BAKING SET SPACEBOY DESIGN,2209,10745.05,464,211,648,0.1008,False
1761,22846,BREAD BIN DINER STYLE RED,665,10676.62,278,212,1559,0.1002,False
1653,22734,SET OF 6 RIBBONS VINTAGE CHRISTMAS,3265,10621.6,422,213,426,0.0997,False
847,21791,VINTAGE HEADS AND TAILS CARD GAME,7889,10535.65,607,214,134,0.0989,False
919,21891,TRADITIONAL WOODEN SKIPPING ROPE,8145,10526.0,425,215,126,0.0988,False
3228,84755,COLOUR GLASS T-LIGHT HOLDER HANGING,16449,10518.25,621,216,28,0.0987,False
2756,47590A,BLUE HAPPY BIRTHDAY BUNTING,1992,10502.65,390,217,718,0.0986,False
2110,23208,LUNCH BAG VINTAGE LEAF DESIGN,6342,10498.01,668,218,186,0.0985,False
1903,22992,REVOLVER WOODEN RULER,5236,10379.84,348,219,237,0.0974,False
1130,22169,FAMILY ALBUM WHITE PICTURE FRAME,1198,10354.26,372,220,1106,0.0972,False
940,21914,BLUE HARMONICA IN BOX,7879,10343.56,603,221,136,0.0971,False
3356,84947,ANTIQUE SILVER TEA GLASS ENGRAVED,8706,10297.27,347,222,108,0.0966,False
2456,23582,VINTAGE DOILY JUMBO BAG RED,4815,10233.45,259,223,267,0.096,False
1881,22970,LONDON BUS COFFEE MUG,4367,10224.75,317,224,304,0.096,False
1494,22569,FELTCRAFT CUSHION BUTTERFLY,2765,10133.33,348,225,510,0.0951,False
468,21218,RED SPOTTY BISCUIT TIN,2433,10116.49,394,226,585,0.0949,False
1481,22556,PLASTERS IN TIN CIRCUS PARADE,6118,10070.11,571,227,193,0.0945,False
1556,22633,HAND WARMER UNION JACK,4867,10057.32,479,228,265,0.0944,False
1544,22621,TRADITIONAL KNITTING NANCY,6150,10056.95,609,229,191,0.0944,False
2074,23171,REGENCY TEA PLATE GREEN,6247,10051.99,381,230,187,0.0943,False
2776,48173C,DOORMAT BLACK FLOCK,1802,10025.11,188,231,806,0.0941,False
160,20679,EDWARDIAN PARASOL RED,1710,10021.42,326,232,848,0.094,False
1983,23076,ICE CREAM SUNDAE LIP GLOSS,8100,9965.76,277,233,127,0.0935,False
1708,22791,T-LIGHT GLASS FLUTED ANTIQUE,8027,9963.88,345,234,129,0.0935,False
1610,22690,DOORMAT HOME SWEET HOME BLUE,1621,9959.6,285,235,882,0.0935,False
3409,84997A,CHILDRENS CUTLERY POLKADOT GREEN,2573,9933.88,260,236,548,0.0932,False
1542,22619,SET OF 6 SOLDIER SKITTLES,2487,9921.29,443,237,566,0.0931,False
1576,22654,DELUXE SEWING KIT,1412,9898.95,328,238,971,0.0929,False
1480,22555,PLASTERS IN TIN STRONGMAN,6023,9863.28,515,239,200,0.0926,False
1685,22766,PHOTO FRAME CORNICE,3297,9843.59,504,240,420,0.0924,False
528,21314,SMALL GLASS HEART TRINKET POT,4252,9811.58,541,241,310,0.0921,False
1753,22838,3 TIER CAKE TIN RED AND CREAM,689,9765.11,168,242,1540,0.0916,False
1486,22561,WOODEN SCHOOL COLOURING SET,5888,9749.82,433,243,208,0.0915,False
690,21559,STRAWBERRY LUNCH BOX WITH CUTLERY,3938,9748.13,573,244,344,0.0915,False
1759,22844,VINTAGE CREAM DOG FOOD CONTAINER,1006,9686.82,416,245,1232,0.0909,False
1107,22144,CHRISTMAS CRAFT LITTLE FRIENDS,4082,9681.18,544,246,326,0.0909,False
1485,22560,TRADITIONAL MODELLING CLAY,8168,9602.32,389,247,125,0.0901,False
2078,23175,REGENCY MILK JUG PINK,3164,9600.15,329,248,443,0.0901,False
1889,22978,PANTRY ROLLING PIN,2465,9568.73,238,249,576,0.0898,False
1389,22456,NATURAL SLATE CHALKBOARD LARGE,1731,9554.47,476,250,837,0.0897,False
2614,35970,ZINC FOLKART SLEIGH BELLS,5070,9546.53,456,251,251,0.0896,False
1864,22952,60 CAKE CASES VINTAGE CHRISTMAS,16079,9524.72,619,252,31,0.0894,False
435,21174,POTTERING IN THE SHED METAL SIGN,4179,9413.82,538,253,315,0.0883,False
3047,84375,SET OF 20 KIDS COOKIE CUTTERS,4321,9404.15,517,254,306,0.0883,False
3579,85150,LADIES & GENTLEMEN METAL SIGN,4039,9388.53,478,255,330,0.0881,False
419,21155,RED RETROSPOT PEG BAG,3157,9301.4,485,256,444,0.0873,False
2209,23319,BOX OF 6 MINI 50'S CRACKERS,3739,9266.84,403,257,373,0.087,False
1668,22749,FELTCRAFT PRINCESS CHARLOTTE DOLL,2375,9264.91,449,258,605,0.0869,False
1877,22966,GINGERBREAD MAN COOKIE CUTTER,7448,9212.15,670,259,144,0.0865,False
3403,84991,60 TEATIME FAIRY CAKE CASES,18214,9183.72,828,260,23,0.0862,False
2208,23318,BOX OF 6 MINI VINTAGE CRACKERS,3811,9167.39,376,261,359,0.086,False
312,20972,PINK CREAM FELT CRAFT TRINKET BOX,7362,9159.31,616,262,145,0.086,False
1987,23080,RED METAL BOX TOP SECRET,1079,9158.87,257,263,1182,0.086,False
2772,48116,DOORMAT MULTICOLOUR STRIPE,1492,9088.63,201,264,935,0.0853,False
1648,22729,ALARM CLOCK BAKELIKE ORANGE,2326,9080.2,445,265,622,0.0852,False
1690,22771,CLEAR DRAWER KNOB ACRYLIC EDWARDIAN,6635,9050.44,441,266,171,0.0849,False
1678,22759,SET OF 3 NOTEBOOKS IN PARCEL,5445,9043.94,422,267,227,0.0849,False
1900,22989,SET 2 PANTRY DESIGN TEA TOWELS,2815,9012.27,372,268,498,0.0846,False
1555,22632,HAND WARMER RED RETROSPOT,4474,8995.43,392,269,293,0.0844,False
2320,23439,HAND WARMER RED LOVE HEART,4027,8941.61,397,270,333,0.0839,False
2212,23322,LARGE WHITE HEART OF WICKER,3085,8925.41,562,271,456,0.0838,False
2974,82582,AREA PATROLLED METAL SIGN,4367,8862.99,437,272,304,0.0832,False
917,21889,WOODEN BOX OF DOMINOES,6402,8862.29,587,273,181,0.0832,False
3354,84945,MULTI COLOUR SILVER T-LIGHT HOLDER,10557,8754.63,347,274,75,0.0822,False
1859,22947,WOODEN ADVENT CALENDAR RED,746,8714.24,137,275,1477,0.0818,False
2156,23256,CHILDRENS CUTLERY SPACEBOY,2115,8675.37,368,276,675,0.0814,False
1110,22147,FELTCRAFT BUTTERFLY HEARTS,6230,8626.94,481,277,189,0.081,False
1574,22652,TRAVEL SEWING KIT,5096,8620.32,467,278,246,0.0809,False
2412,23534,WALL ART STOP FOR TEA,1388,8614.85,260,279,987,0.0808,False
1711,22795,SWEETHEART RECIPE BOOK STAND,1212,8578.0,368,280,1097,0.0805,False
1989,23082,SET 6 PAPER TABLE LANTERN HEARTS,2333,8577.51,297,281,617,0.0805,False
1985,23078,ICE CREAM PEN LIP GLOSS,6831,8553.34,257,282,162,0.0803,False
349,21035,SET/2 RED RETROSPOT TEA TOWELS,2603,8549.85,394,283,543,0.0802,False
3048,84378,SET OF 3 HEART COOKIE CUTTERS,6350,8540.9,685,284,184,0.0802,False
651,21484,CHICK GREY HOT WATER BOTTLE,1881,8535.52,402,285,773,0.0801,False
2371,23493,VINTAGE DOILY TRAVEL SEWING KIT,3970,8509.68,415,286,340,0.0799,False
2211,23321,SMALL WHITE HEART OF WICKER,4737,8473.27,629,287,276,0.0795,False
2413,23535,WALL ART BICYCLE SAFETY,1329,8469.99,215,288,1028,0.0795,False
2803,71053,WHITE METAL LANTERN,1950,8441.82,333,289,738,0.0792,False
464,21213,PACK OF 72 SKULL CAKE CASES,15176,8418.44,663,290,32,0.079,False
461,21210,SET OF 72 RETROSPOT PAPER  DOILIES,5812,8374.19,453,291,215,0.0786,False
1687,22768,FAMILY PHOTO FRAME CORNICE,868,8268.54,260,292,1356,0.0776,False
2843,72741,GRAND CHOCOLATECANDLE,5978,8225.0,292,293,203,0.0772,False
1151,22192,BLUE DINER WALL CLOCK,954,8189.29,365,294,1278,0.0769,False
1644,22725,ALARM CLOCK BAKELIKE CHOCOLATE,1984,8168.6,428,295,721,0.0767,False
3049,84380,SET OF 3 BUTTERFLY COOKIE CUTTERS,5805,8161.46,688,296,216,0.0766,False
1720,22804,CANDLEHOLDER PINK HANGING HEART,3142,8135.4,474,297,448,0.0763,False
1577,22655,VINTAGE RED KITCHEN CABINET,60,8125.0,38,298,2904,0.0763,False
1587,22667,RECIPE BOX RETROSPOT,2901,8101.15,464,299,481,0.076,False
1821,22909,SET OF 20 VINTAGE CHRISTMAS NAPKINS,8987,8050.53,610,300,101,0.0756,False
400,21121,SET/10 RED POLKADOT PARTY CANDLES,6634,8033.85,379,301,172,0.0754,False
1539,22616,PACK OF 12 LONDON TISSUES,26135,7980.92,512,302,11,0.0749,False
1852,22940,FELTCRAFT CHRISTMAS FAIRY,1930,7954.0,321,303,754,0.0746,False
834,21770,OPEN CLOSED METAL SIGN,1641,7938.78,388,304,874,0.0745,False
1417,22487,WHITE WOOD GARDEN PLANT LADDER,785,7919.23,429,305,1451,0.0743,False
1296,22352,LUNCH BOX WITH CUTLERY RETROSPOT,3093,7873.72,482,306,454,0.0739,False
1879,22968,ROSE COTTAGE KEEPSAKE BOX,795,7861.93,189,307,1439,0.0738,False
412,21136,PAINTED METAL PEARS ASSORTED,4709,7830.32,370,308,278,0.0735,False
2140,23238,SET OF 4 KNICK KNACK TINS LONDON,1862,7825.56,274,309,782,0.0734,False
1482,22557,PLASTERS IN TIN VINTAGE PAISLEY,4721,7777.09,566,310,277,0.073,False
1133,22173,METAL 4 HOOK HANGER FRENCH CHATEAU,2446,7773.7,493,311,582,0.073,False
1918,23007,SPACEBOY BABY GIFT SET,499,7758.7,184,312,1766,0.0728,False
935,21908,CHOCOLATE THIS WAY METAL SIGN,3773,7756.42,468,313,365,0.0728,False
2106,23204,CHARLOTTE BAG APPLES DESIGN,7976,7741.94,583,314,131,0.0727,False
2771,48111,DOORMAT 3 SMILEY CATS,1175,7732.93,233,315,1120,0.0726,False
492,21258,VICTORIAN SEWING BOX LARGE,532,7674.8,163,316,1719,0.072,False
3385,84970S,HANGING HEART ZINC T-LIGHT HOLDER,8905,7672.41,537,317,102,0.072,False
3053,84406B,CREAM CUPID HEARTS COAT HANGER,2016,7657.32,284,318,712,0.0719,False
3357,84949,SILVER HANGING T-LIGHT HOLDER,4801,7642.44,290,319,271,0.0717,False
476,21231,SWEETHEART CERAMIC TRINKET BOX,6063,7628.53,509,320,197,0.0716,False
1902,22991,GIRAFFE WOODEN RULER,3889,7608.79,274,321,350,0.0714,False
968,21955,DOORMAT UNION JACK GUNS AND ROSES,1230,7597.02,206,322,1087,0.0713,False
1669,22750,FELTCRAFT PRINCESS LOLA DOLL,2020,7563.08,413,323,710,0.071,False
1510,22585,PACK OF 6 BIRDY GIFT TAGS,6232,7561.64,395,324,188,0.071,False
1550,22627,MINT KITCHEN SCALES,855,7547.39,357,325,1372,0.0708,False
759,21668,RED STRIPE CERAMIC DRAWER KNOB,5528,7527.66,437,326,223,0.0706,False
1311,22367,CHILDRENS APRON SPACEBOY DESIGN,3755,7520.28,550,327,367,0.0706,False
1321,22381,TOY TIDY PINK POLKADOT,3441,7437.94,469,328,398,0.0698,False
3276,84836,ZINC METAL HEART DECORATION,5944,7426.82,535,329,207,0.0697,False
1660,22741,FUNKY DIVA PEN,8547,7363.86,233,330,115,0.0691,False
2268,23382,BOX OF 6 CHRISTMAS CAKE DECORATIONS,1875,7356.18,220,331,776,0.069,False
432,21169,YOU'RE CONFUSING ME METAL SIGN,4424,7320.36,450,332,295,0.0687,False
1990,23083,SET 6 PAPER TABLE LANTERN STARS,1933,7254.65,246,333,750,0.0681,False
309,20969,RED FLORAL FELTCRAFT SHOULDER BAG,1962,7236.93,305,334,735,0.0679,False
1138,22179,SET 10 NIGHT OWL LIGHTS,967,7232.95,289,335,1269,0.0679,False
1554,22631,CIRCUS PARADE LUNCH BOX,3681,7207.37,396,336,376,0.0676,False
1557,22634,CHILDS BREAKFAST SET SPACEBOY,766,7191.15,222,337,1464,0.0675,False
1415,22485,SET OF 2 WOODEN MARKET CRATES,526,7190.35,208,338,1728,0.0675,False
1478,22553,PLASTERS IN TIN SKULLS,4269,7176.67,560,339,309,0.0674,False
1686,22767,TRIPLE PHOTO FRAME CORNICE,774,7173.55,218,340,1459,0.0673,False
843,21787,RAIN PONCHO RETROSPOT,8878,7163.65,243,341,104,0.0672,False
1750,22834,HAND WARMER BABUSHKA DESIGN,4970,7136.23,368,342,258,0.067,False
760,21669,BLUE STRIPE CERAMIC DRAWER KNOB,5285,7136.0,425,343,233,0.067,False
1862,22950,36 DOILIES VINTAGE CHRISTMAS,5210,7133.0,185,344,240,0.0669,False
1560,22637,PIGGY BANK RETROSPOT,2764,7121.38,329,345,511,0.0668,False
493,21259,VICTORIAN SEWING BOX SMALL,1184,7106.95,285,346,1112,0.0667,False
2138,23236,STORAGE TIN VINTAGE DOILY,2509,7106.21,327,347,562,0.0667,False
1434,22505,MEMO BOARD COTTAGE DESIGN,1461,7104.22,311,348,949,0.0667,False
2210,23320,GIANT 50'S CHRISTMAS CRACKER,2668,7072.16,333,349,531,0.0664,False
938,21912,VINTAGE SNAKES & LADDERS,1790,7062.7,396,350,813,0.0663,False
1583,22663,JUMBO BAG DOLLY GIRL DESIGN,3420,7053.28,450,351,402,0.0662,False
4049,C2,CARRIAGE,142,7051.0,141,352,2534,0.0662,True
1278,22333,RETROSPOT PARTY BAG + STICKER SET,4494,7047.24,317,353,291,0.0661,False
1858,22946,WOODEN ADVENT CALENDAR CREAM,454,7047.17,137,354,1835,0.0661,False
2117,23215,JINGLE BELL HEART ANTIQUE SILVER,3567,7044.64,210,355,385,0.0661,False
2421,23543,WALL ART KEEP CALM,1237,7019.01,103,356,1082,0.0659,False
1754,22839,3 TIER CAKE TIN GREEN AND CREAM,447,7011.57,201,357,1850,0.0658,False
2173,23283,DOORMAT VINTAGE LEAF,994,7003.38,233,358,1245,0.0657,False
2183,23293,SET OF 12 FAIRY CAKE BAKING CASES,8486,7001.99,552,359,117,0.0657,False
1131,22170,PICTURE FRAME WOOD TRIPLE PORTRAIT,1068,6977.6,265,360,1191,0.0655,False
945,21922,UNION STRIPE WITH FRINGE  HAMMOCK,899,6952.31,208,361,1331,0.0652,False
908,21877,HOME SWEET HOME MUG,5418,6942.33,349,362,228,0.0652,False
429,21165,BEWARE OF THE CAT METAL SIGN,4156,6939.08,449,363,318,0.0651,False
383,21094,SET/6 RED SPOTTY PAPER PLATES,8758,6933.26,527,364,107,0.0651,False
2154,23254,CHILDRENS CUTLERY DOLLY GIRL,1710,6932.16,299,365,848,0.0651,False
1075,22109,FULL ENGLISH BREAKFAST PLATE,1642,6928.65,296,366,872,0.065,False
1755,22840,ROUND CAKE TIN VINTAGE RED,916,6927.64,271,367,1319,0.065,False
491,21257,VICTORIAN SEWING BOX MEDIUM,689,6909.37,261,368,1540,0.0648,False
1241,22294,HEART FILIGREE DOVE  SMALL,5534,6901.33,299,369,222,0.0648,False
535,21326,AGED GLASS SILVER T-LIGHT HOLDER,10583,6890.47,340,370,74,0.0647,False
2012,23109,PACK OF SIX LED TEA LIGHTS,2401,6878.37,268,371,596,0.0646,False
1505,22580,ADVENT CALENDAR GINGHAM SACK,1313,6860.09,246,372,1037,0.0644,False
2007,23103,JINGLE BELL HEART DECORATION,4080,6859.36,365,373,327,0.0644,False
2890,75049L,LARGE CIRCULAR MIRROR MOBILE,7114,6827.98,205,374,153,0.0641,False
2419,23541,WALL ART CLASSIC PUDDINGS,872,6823.91,152,375,1352,0.064,False
763,21672,WHITE SPOT RED CERAMIC DRAWER KNOB,5022,6815.9,409,376,254,0.064,False
2187,23297,SET 40 HEART SHAPE PETIT FOUR CASES,4303,6792.23,161,377,308,0.0637,False
1543,22620,4 TRADITIONAL SPINNING TOPS,4894,6789.46,483,378,263,0.0637,False
1855,22943,CHRISTMAS LIGHTS 10 VINTAGE BAUBLES,1361,6785.17,209,379,1003,0.0637,False
1919,23008,DOLLY GIRL BABY GIFT SET,435,6753.51,133,380,1861,0.0634,False
2131,23229,VINTAGE DONKEY TAIL GAME,1869,6739.71,256,381,780,0.0633,False
2359,23480,MINI LIGHTS WOODLAND MUSHROOMS,1800,6726.64,215,382,807,0.0631,False
2148,23247,BISCUIT TIN 50'S CHRISTMAS,2206,6715.93,309,383,650,0.063,False
1588,22668,PINK BABY BUNTING,2190,6710.42,345,384,653,0.063,False
678,21533,RETROSPOT LARGE MILK JUG,1361,6701.22,339,385,1003,0.0629,False
3419,85014A,BLACK/BLUE POLKADOT UMBRELLA,1164,6684.67,278,386,1133,0.0627,False
902,21871,SAVE THE PLANET MUG,5454,6681.21,357,387,226,0.0627,False
3399,84988,SET OF 72 PINK HEART PAPER DOILIES,4312,6672.7,510,388,307,0.0626,False
2072,23169,CLASSIC GLASS COOKIE JAR,1558,6671.14,314,389,909,0.0626,False
916,21888,BINGO SET,1690,6667.04,378,390,856,0.0626,False
185,20718,RED RETROSPOT SHOPPER BAG,4776,6613.04,575,391,273,0.0621,False
3404,84992,72 SWEETHEART FAIRY CAKE CASES,13360,6555.33,615,392,44,0.0615,False
1436,22508,DOORSTOP RETROSPOT HEART,1599,6544.63,296,393,895,0.0614,False
401,21122,SET/10 PINK POLKADOT PARTY CANDLES,5331,6496.04,344,394,231,0.061,False
2201,23311,VINTAGE CHRISTMAS STOCKING,2390,6488.2,344,395,597,0.0609,False
1104,22141,CHRISTMAS CRAFT TREE TOP ANGEL,2796,6474.29,457,396,503,0.0608,False
2431,23553,LANDMARK FRAME CAMDEN TOWN,569,6457.15,68,397,1672,0.0606,False
2996,84030E,ENGLISH ROSE HOT WATER BOTTLE,1506,6452.94,334,398,932,0.0606,False
2091,23188,VINTAGE  2 METER FOLDING RULER,3473,6451.07,333,399,394,0.0605,False
157,20676,RED RETROSPOT BOWL,5076,6441.06,448,400,250,0.0604,False
2448,23571,TRADITIONAL NAUGHTS & CROSSES,2859,6436.61,257,401,488,0.0604,False
2037,23134,LARGE ZINC HEART WALL ORGANISER,1065,6431.11,38,402,1194,0.0604,False
1558,22635,CHILDS BREAKFAST SET DOLLY GIRL,682,6422.28,194,403,1548,0.0603,False
3383,84970L,SINGLE HEART ZINC T-LIGHT HOLDER,6065,6412.77,457,404,196,0.0602,False
1703,22784,LANTERN CREAM GAZEBO,1281,6405.54,299,405,1051,0.0601,False
1890,22979,PANTRY WASHING UP BRUSH,4097,6401.97,381,406,322,0.0601,False
2197,23307,SET OF 60 PANTRY DESIGN CAKE CASES,12063,6379.59,629,407,61,0.0599,False
2075,23172,REGENCY TEA PLATE PINK,3871,6360.91,305,408,353,0.0597,False
1249,22303,COFFEE MUG APPLES DESIGN,2822,6353.55,261,409,496,0.0596,False
1808,22895,SET OF 2 TEA TOWELS APPLE AND PEARS,2063,6349.95,284,410,696,0.0596,False
1114,22151,PLACE SETTING WHITE HEART,15150,6332.29,332,411,33,0.0594,False
418,21154,RED RETROSPOT OVEN GLOVE,4035,6321.76,451,412,331,0.0593,False
576,21380,WOODEN HAPPY BIRTHDAY GARLAND,2168,6316.36,290,413,660,0.0593,False
957,21935,SUKI  SHOULDER BAG,3393,6298.61,530,414,405,0.0591,False
1742,22826,LOVE SEAT ANTIQUE WHITE METAL,58,6210.0,41,415,2916,0.0583,False
2095,23192,BUNDLE OF 3 ALPHABET EXERCISE BOOKS,3533,6142.29,345,416,387,0.0576,False
761,21670,BLUE SPOT CERAMIC DRAWER KNOB,4370,6141.29,374,417,303,0.0576,False
973,21975,PACK OF 60 DINOSAUR CAKE CASES,12340,6117.91,601,418,56,0.0574,False
2021,23118,PARISIENNE JEWELLERY DRAWER,813,6102.18,258,419,1415,0.0573,False
420,21156,RETROSPOT CHILDRENS APRON,3171,6093.05,358,420,441,0.0572,False
762,21671,RED SPOT CERAMIC DRAWER KNOB,4421,6078.54,369,421,296,0.057,False
764,21673,WHITE SPOT BLUE CERAMIC DRAWER KNOB,4395,6071.75,365,422,299,0.057,False
2763,47591D,PINK FAIRY CAKE CHILDRENS APRON,3211,6060.25,439,423,436,0.0569,False
2737,47556B,TEA TIME TEA TOWELS,2600,6045.0,2,424,544,0.0567,False
92,17003,BROCADE RING PURSE,23056,6036.39,239,425,15,0.0566,False
1310,22366,DOORMAT AIRMAIL,800,6034.9,220,426,1433,0.0566,False
2404,23526,WALL ART DOG LICENCE,1012,6021.4,143,427,1227,0.0565,False
1134,22174,PHOTO CUBE,3239,6013.43,321,428,429,0.0564,False
680,21535,RED RETROSPOT SMALL MILK JUG,2497,6011.51,343,429,564,0.0564,False
2773,48129,DOORMAT TOPIARY,904,6009.84,205,430,1328,0.0564,False
2186,23296,SET OF 6 TEA TIME BAKING CASES,4981,5988.05,378,431,257,0.0562,False
2202,23312,VINTAGE CHRISTMAS GIFT SACK,1424,5968.3,214,432,965,0.056,False
1702,22783,SET 3 WICKER OVAL BASKETS W LIDS,463,5961.25,33,433,1819,0.0559,False
1509,22584,PACK OF 6 PANNETONE GIFT BOXES,2333,5954.61,196,434,617,0.0559,False
1961,23052,RECYCLED ACAPULCO MAT TURQUOISE,654,5949.34,278,435,1571,0.0558,False
1113,22150,3 STRIPEY MICE FELTCRAFT,3030,5925.39,468,436,466,0.0556,False
2057,23154,SET OF 4 JAM JAR MAGNETS,2732,5907.36,235,437,517,0.0554,False
2016,23113,PANTRY CHOPPING BOARD,1154,5868.5,57,438,1141,0.0551,False
1882,22971,QUEENS GUARD COFFEE MUG,2431,5849.29,272,439,586,0.0549,False
2364,23485,BOTANICAL GARDENS WALL CLOCK,262,5843.92,83,440,2183,0.0548,False
1165,22207,FRYING PAN UNION FLAG,1334,5837.84,208,441,1022,0.0548,False
1670,22751,FELTCRAFT PRINCESS OLIVIA DOLL,1566,5812.72,290,442,907,0.0546,False
1712,22796,PHOTO FRAME 3 CLASSIC HANGING,584,5807.35,232,443,1653,0.0545,False
1698,22779,WOODEN OWLS LIGHT GARLAND,1540,5802.6,149,444,918,0.0545,False
1659,22740,POLKADOT PEN,6842,5793.62,170,445,161,0.0544,False
1309,22365,DOORMAT RESPECTABLE HOUSE,790,5762.28,179,446,1447,0.0541,False
2956,82001S,VINYL RECORD FRAME SILVER,1582,5750.21,127,447,900,0.054,False
1519,22595,GINGHAM HEART DECORATION,6801,5731.26,467,448,164,0.0538,False
2107,23205,CHARLOTTE BAG VINTAGE ALPHABET,5859,5728.08,467,449,211,0.0538,False
2790,62018,SOMBRERO,4415,5716.85,61,450,298,0.0537,False
481,21242,RED RETROSPOT PLATE,3376,5704.78,304,451,409,0.0535,False
1569,22646,CERAMIC STRAWBERRY CAKE MONEY BANK,4168,5695.77,390,452,317,0.0535,False
1819,22907,PACK OF 20 NAPKINS PANTRY DESIGN,6587,5681.9,670,453,175,0.0533,False
1752,22837,HOT WATER BOTTLE BABUSHKA,1174,5662.58,178,454,1122,0.0531,False
1054,22088,PAPER BUNTING COLOURED LACE,1893,5661.05,238,455,769,0.0531,False
1397,22466,FAIRY TALE COTTAGE NIGHT LIGHT,3070,5607.74,209,456,458,0.0526,False
1352,22418,10 COLOUR SPACEBOY PEN,6564,5585.45,318,457,176,0.0524,False
1418,22488,NATURAL SLATE RECTANGLE CHALKBOARD,3196,5575.33,415,458,437,0.0523,False
689,21558,SKULL LUNCH BOX WITH CUTLERY,2138,5568.07,412,459,671,0.0523,False
1714,22798,ANTIQUE GLASS DRESSING TABLE POT,1799,5564.25,267,460,809,0.0522,False
2409,23531,WALL ART BIG LOVE,979,5559.11,112,461,1255,0.0522,False
2029,23126,FELTCRAFT GIRL AMELIE KIT,1114,5556.79,291,462,1164,0.0521,False
1363,22429,ENAMEL MEASURING JUG CREAM,1272,5549.68,376,463,1059,0.0521,False
2080,23177,TREASURE ISLAND BOOK BOX,2535,5528.04,267,464,556,0.0519,False
2036,23133,LARGE IVORY HEART WALL ORGANISER,782,5525.4,155,465,1454,0.0519,False
1395,22464,HANGING METAL HEART LANTERN,3423,5519.42,351,466,401,0.0518,False
2061,23158,SET OF 5 LUCKY CAT MAGNETS,2635,5517.99,255,467,537,0.0518,False
2457,23583,LUNCH BAG PAISLEY PARK,3395,5513.83,325,468,404,0.0517,False
1875,22964,3 PIECE SPACEBOY COOKIE CUTTER SET,2628,5481.09,378,469,540,0.0514,False
1816,22904,CALENDAR PAPER CUT DESIGN,1838,5479.06,271,470,795,0.0514,False
1244,22297,HEART IVORY TRELLIS SMALL,4171,5468.66,378,471,316,0.0513,False
2038,23135,SMALL ZINC HEART WALL ORGANISER,1541,5416.18,45,472,917,0.0508,False
1743,22827,RUSTIC  SEVENTEEN DRAWER SIDEBOARD,35,5415.0,26,473,3105,0.0508,False
1760,22845,VINTAGE CREAM CAT FOOD CONTAINER,803,5403.28,316,474,1428,0.0507,False
1293,22349,DOG BOWL CHASING BALL DESIGN,1368,5389.02,131,475,1000,0.0506,False
2372,23494,VINTAGE DOILY DELUXE SEWING KIT,813,5377.81,205,476,1415,0.0505,False
434,21172,PARTY METAL SIGN,3490,5345.88,467,477,391,0.0502,False
1909,22998,TRAVEL CARD WALLET KEEP CALM,12490,5314.9,534,478,55,0.0499,False
1086,22120,WELCOME  WOODEN BLOCK LETTERS,526,5276.94,188,479,1728,0.0495,False
1243,22296,HEART IVORY TRELLIS LARGE,3156,5274.12,318,480,445,0.0495,False
1546,22623,BOX OF VINTAGE JIGSAW BLOCKS,939,5248.21,235,481,1299,0.0493,False
1763,22848,BREAD BIN DINER STYLE PINK,324,5225.4,128,482,2047,0.049,False
2035,23132,SMALL IVORY HEART WALL ORGANISER,1034,5219.1,152,483,1210,0.049,False
1691,22772,PINK DRAWER KNOB ACRYLIC EDWARDIAN,3869,5211.7,254,484,354,0.0489,False
1700,22781,GUMBALL MAGAZINE RACK,622,5198.66,232,485,1608,0.0488,False
1585,22665,RECIPE BOX BLUE SKETCHBOOK DESIGN,1517,5195.03,356,486,928,0.0488,False
2157,23263,SET OF 3 WOODEN HEART DECORATIONS,3893,5184.69,445,487,348,0.0487,False
1609,22689,DOORMAT MERRY CHRISTMAS RED,673,5176.25,146,488,1553,0.0486,False
1811,22898,CHILDRENS APRON APPLES DESIGN,2426,5174.32,365,489,589,0.0486,False
887,21844,RED RETROSPOT MUG,1848,5170.64,156,490,788,0.0485,False
2060,23157,SET OF 6 NATIVITY MAGNETS,2570,5170.1,163,491,550,0.0485,False
614,21428,SET3 BOOK BOX GREEN GINGHAM FLOWER,1208,5167.88,262,492,1100,0.0485,False
428,21164,HOME SWEET HOME METAL SIGN,1768,5161.88,282,493,824,0.0484,False
2068,23165,LARGE CERAMIC TOP STORAGE JAR,3118,5147.66,280,494,451,0.0483,False
2065,23162,REGENCY TEA STRAINER,1412,5143.69,176,495,971,0.0483,False
1248,22302,COFFEE MUG PEARS  DESIGN,2330,5136.84,212,496,620,0.0482,False
2636,37449,CERAMIC CAKE STAND + HANGING CAKES,564,5127.24,154,497,1685,0.0481,False
2278,23397,FOOT STOOL HOME SWEET HOME,489,5097.65,217,498,1777,0.0478,False
386,21098,CHRISTMAS TOILET ROLL,3731,5093.76,248,499,375,0.0478,False
1312,22371,AIRLINE BAG VINTAGE TOKYO 78,1091,5093.57,392,500,1176,0.0478,False
827,21756,BATH BUILDING BLOCK WORD,823,5089.56,270,501,1403,0.0478,False
2136,23234,BISCUIT TIN VINTAGE CHRISTMAS,1725,5088.45,277,502,840,0.0478,False
2185,23295,SET OF 12 MINI LOAF BAKING CASES,6140,5078.43,444,503,192,0.0477,False
2100,23198,PANTRY MAGNETIC  SHOPPING LIST,3346,5068.4,475,504,412,0.0476,False
1764,22849,BREAD BIN DINER STYLE MINT,325,5061.63,129,505,2044,0.0475,False
1699,22780,LIGHT GARLAND BUTTERFILES PINK,1346,5044.34,132,506,1015,0.0473,False
2204,23314,VINTAGE CHRISTMAS TABLECLOTH,409,5037.96,117,507,1908,0.0473,False
1247,22301,COFFEE MUG CAT + BIRD DESIGN,2225,5031.83,252,508,642,0.0472,False
934,21907,I'M ON HOLIDAY METAL SIGN,2373,5031.38,367,509,606,0.0472,False
1869,22957,SET 3 PAPER VINTAGE CHICK PAPER EGG,1778,5023.5,214,510,820,0.0471,False
1219,22271,FELTCRAFT DOLL ROSIE,1706,5022.1,301,511,851,0.0471,False
1559,22636,CHILDS BREAKFAST SET CIRCUS PARADE,595,5009.56,198,512,1634,0.047,False
954,21932,SCANDINAVIAN PAISLEY PICNIC BAG,2724,5001.98,446,513,519,0.0469,False
2200,23310,BUBBLEGUM RING ASSORTED,12050,4997.28,245,514,62,0.0469,False
2434,23556,LANDMARK FRAME COVENT GARDEN,439,4974.51,53,515,1856,0.0467,False
955,21933,PINK VINTAGE PAISLEY PICNIC BAG,2676,4964.03,410,516,529,0.0466,False
1105,22142,CHRISTMAS CRAFT WHITE FAIRY,3250,4950.54,377,517,427,0.0465,False
2447,23570,TRADITIONAL PICK UP STICKS GAME,2782,4944.37,276,518,505,0.0464,False
3017,84212,"ASSORTED FLOWER COLOUR ""LEIS""",10315,4934.87,111,519,83,0.0463,False
1076,22110,BIRD HOUSE HOT WATER BOTTLE,1173,4914.69,279,520,1124,0.0461,False
959,21937,STRAWBERRY   PICNIC BAG,1708,4901.8,251,521,850,0.046,False
1667,22748,POPPY'S PLAYHOUSE KITCHEN,2125,4897.63,436,522,673,0.046,False
1921,23010,CIRCUS PARADE BABY GIFT SET,316,4896.55,111,523,2068,0.046,False
2241,23351,ROLL WRAP 50'S CHRISTMAS,3539,4880.65,354,524,386,0.0458,False
403,21124,SET/10 BLUE POLKADOT PARTY CANDLES,4015,4868.05,240,525,336,0.0457,False
2381,23503,PLAYING CARDS KEEP CALM & CARRY ON,3646,4864.3,335,526,379,0.0457,False
378,21086,SET/6 RED SPOTTY PAPER CUPS,7137,4861.9,428,527,152,0.0456,False
347,21033,JUMBO BAG CHARLIE AND LOLA TOYS,1933,4853.81,300,528,750,0.0456,False
583,21390,FILIGRIS HEART WITH BUTTERFLY,3906,4851.88,212,529,346,0.0455,False
907,21876,POTTERING MUG,3796,4834.51,333,530,360,0.0454,False
2432,23554,LANDMARK FRAME OXFORD STREET,424,4830.53,57,531,1873,0.0453,False
2433,23555,LANDMARK FRAME NOTTING HILL,424,4818.07,50,532,1873,0.0452,False
1475,22549,PICTURE DOMINOES,3189,4799.83,356,533,440,0.045,False
2270,23389,SPACEBOY MINI BACKPACK,1122,4780.54,237,534,1159,0.0449,False
2062,23159,SET OF 5 PANCAKE DAY MAGNETS,2321,4771.76,223,535,623,0.0448,False
2087,23184,BULL DOG BOTTLE OPENER,874,4764.5,264,536,1351,0.0447,False
3004,84050,PINK HEART SHAPE EGG FRYING PAN,3234,4761.78,256,537,430,0.0447,False
683,21539,RED RETROSPOT BUTTER DISH,972,4758.75,238,538,1265,0.0447,False
1192,22243,5 HOOK HANGER RED MAGIC TOADSTOOL,3099,4753.29,131,539,453,0.0446,False
2446,23569,TRADTIONAL ALPHABET STAMP SET,961,4752.31,192,540,1275,0.0446,False
158,20677,PINK POLKADOT BOWL,3676,4749.84,333,541,377,0.0446,False
2176,23286,BLUE VINTAGE SPOT BEAKER,5048,4747.62,222,542,252,0.0446,False
2436,23558,LANDMARK FRAME LONDON BRIDGE,418,4741.37,52,543,1885,0.0445,False
318,20979,36 PENCILS TUBE RED RETROSPOT,3739,4729.98,325,544,373,0.0444,False
1568,22645,CERAMIC HEART FAIRY CAKE MONEY BANK,2363,4721.73,351,545,610,0.0443,False
1048,22082,RIBBON REEL STRIPES DESIGN,2713,4716.33,409,546,522,0.0443,False
2143,23241,TREASURE TIN GYMKHANA DESIGN,2184,4709.07,363,547,655,0.0442,False
2079,23176,ABC TREASURE BOOK BOX,2167,4697.58,226,548,661,0.0441,False
2969,82552,WASHROOM METAL SIGN,3016,4680.63,364,549,468,0.0439,False
1641,22721,SET OF 3 CAKE TINS SKETCHBOOK,1022,4678.71,297,550,1219,0.0439,False
1664,22745,POPPY'S PLAYHOUSE BEDROOM,2029,4678.59,423,551,708,0.0439,False
1433,22504,CABIN BAG VINTAGE RETROSPOT,247,4674.62,68,552,2221,0.0439,False
1530,22606,WOODEN SKITTLES GARDEN SET,315,4670.36,142,553,2070,0.0438,False
2769,47599A,PINK PARTY BAGS,2456,4649.5,165,554,578,0.0436,False
1242,22295,HEART FILIGREE DOVE LARGE,2807,4643.67,250,555,501,0.0436,False
1729,22813,PACK 3 BOXES BIRD PANNETONE,2372,4640.78,218,556,607,0.0436,False
1551,22628,PICNIC BOXES SET OF 3 RETROSPOT,966,4625.86,190,557,1270,0.0434,False
1694,22775,PURPLE DRAWERKNOB ACRYLIC EDWARDIAN,3227,4621.87,237,558,434,0.0434,False
882,21833,CAMOUFLAGE LED TORCH,2726,4594.43,168,559,518,0.0431,False
2175,23285,PINK VINTAGE SPOT BEAKER,4807,4572.41,191,560,269,0.0429,False
1351,22417,PACK OF 60 SPACEBOY CAKE CASES,8426,4566.54,520,561,119,0.0429,False
2285,23404,HOME SWEET HOME BLACKBOARD,1011,4561.76,169,562,1228,0.0428,False
2071,23168,CLASSIC CAFE SUGAR DISPENSER,3292,4559.92,337,563,421,0.0428,False
2169,23275,SET OF 3 HANGING OWLS OLLIE BEAK,3749,4557.97,325,564,368,0.0428,False
2968,82551,LAUNDRY 15C METAL SIGN,2918,4542.89,351,565,479,0.0426,False
314,20974,12 PENCILS SMALL TUBE SKULL,6983,4531.98,355,566,155,0.0425,False
2199,23309,SET OF 60 I LOVE LONDON CAKE CASES,8332,4527.2,407,567,120,0.0425,False
2066,23163,REGENCY SUGAR TONGS,1832,4515.22,209,568,798,0.0424,False
2015,23112,PARISIENNE CURIO CABINET,547,4514.58,241,569,1707,0.0424,False
1850,22938,CUPCAKE LACE PAPER SET 6,2367,4488.63,186,570,608,0.0421,False
956,21934,SKULL SHOULDER BAG,2421,4480.28,411,571,590,0.042,False
2070,23167,SMALL CERAMIC TOP STORAGE JAR,5847,4476.01,231,572,212,0.042,False
3398,84987,SET OF 36 TEATIME PAPER DOILIES,3053,4474.07,334,573,461,0.042,False
933,21906,PHARMACIE FIRST AID TIN,581,4470.81,173,574,1660,0.042,False
1854,22942,CHRISTMAS LIGHTS 10 SANTAS,609,4469.04,152,575,1622,0.0419,False
2408,23530,WALL ART ONLY ONE PERSON,1062,4465.97,87,576,1197,0.0419,False
1055,22089,PAPER BUNTING VINTAGE PAISLEY,1424,4460.38,272,577,965,0.0419,False
2178,23288,GREEN VINTAGE SPOT BEAKER,4625,4444.23,185,578,282,0.0417,False
1549,22626,BLACK KITCHEN SCALES,520,4427.36,199,579,1736,0.0415,False
315,20975,12 PENCILS SMALL TUBE RED RETROSPOT,6640,4387.82,362,580,170,0.0412,False
34,15056P,EDWARDIAN PARASOL PINK,778,4366.82,144,581,1456,0.041,False
2239,23349,ROLL WRAP VINTAGE CHRISTMAS,3231,4355.1,337,582,432,0.0409,False
1273,22327,ROUND SNACK BOXES SET OF 4 SKULLS,1178,4336.7,287,583,1118,0.0407,False
44,16014,SMALL CHINESE STYLE SCISSOR,13328,4335.76,54,584,45,0.0407,False
3199,84692,BOX OF 24 COCKTAIL PARASOLS,7908,4329.48,583,585,133,0.0406,False
1812,22899,CHILDREN'S APRON DOLLY GIRL,2070,4328.53,313,586,692,0.0406,False
659,21498,RED RETROSPOT WRAP,10551,4322.42,336,587,76,0.0406,False
920,21892,TRADITIONAL WOODEN CATCH CUP GAME,3196,4322.16,412,588,437,0.0406,False
1959,23050,RECYCLED ACAPULCO MAT GREEN,497,4286.55,205,589,1769,0.0402,False
1643,22723,SET OF 6 HERB TINS SKETCHBOOK,1169,4282.57,295,590,1129,0.0402,False
2139,23237,SET OF 4 KNICK KNACK TINS LEAF,1054,4278.54,177,591,1200,0.0402,False
1614,22694,WICKER STAR,1846,4260.12,405,592,790,0.04,False
310,20970,PINK FLORAL FELTCRAFT SHOULDER BAG,1117,4235.88,262,593,1162,0.0398,False
1581,22661,CHARLOTTE BAG DOLLY GIRL DESIGN,5214,4231.95,415,594,239,0.0397,False
1027,22061,LARGE CAKE STAND  HANGING STRAWBERY,583,4228.01,146,595,1656,0.0397,False
1996,23089,GLASS BON BON JAR,2355,4217.73,225,596,611,0.0396,False
1717,22801,ANTIQUE GLASS PEDESTAL BOWL,1030,4215.14,220,597,1214,0.0396,False
1922,23012,GLASS APOTHECARY BOTTLE PERFUME,1074,4208.96,246,598,1189,0.0395,False
2047,23144,ZINC T-LIGHT HOLDER STARS SMALL,5089,4197.83,274,599,247,0.0394,False
1476,22550,HOLIDAY FUN LUDO,1162,4194.89,217,600,1134,0.0394,False
162,20682,RED RETROSPOT CHILDRENS UMBRELLA,1241,4190.83,237,601,1079,0.0393,False
2013,23110,PARISIENNE KEY CABINET,702,4158.68,255,602,1527,0.039,False
2845,72760B,VINTAGE CREAM 3 BASKET CAKE STAND,410,4155.34,153,603,1905,0.039,False
905,21874,GIN AND TONIC MUG,2981,4149.93,295,604,473,0.0389,False
1571,22649,STRAWBERRY FAIRY CAKE TEAPOT,798,4147.73,200,605,1435,0.0389,False
2365,23486,ANTIQUE HEART SHELF UNIT,275,4145.47,74,606,2149,0.0389,False
1520,22596,CHRISTMAS STAR WISH LIST CHALKBOARD,3502,4142.92,262,607,389,0.0389,False
2196,23306,SET OF 36 DOILIES PANTRY DESIGN,2808,4123.38,277,608,500,0.0387,False
1756,22841,ROUND CAKE TIN VINTAGE GREEN,530,4109.72,213,609,1723,0.0386,False
2155,23255,CHILDRENS CUTLERY CIRCUS PARADE,1015,4101.37,158,610,1224,0.0385,False
2096,23193,BUFFALO BILL TREASURE BOOK BOX,1930,4097.28,175,611,754,0.0385,False
2097,23194,GYMKHANA TREASURE BOOK BOX,1839,4086.37,214,612,794,0.0383,False
1920,23009,I LOVE LONDON BABY GIFT SET,263,4082.52,103,613,2180,0.0383,False
1502,22577,WOODEN HEART CHRISTMAS SCANDINAVIAN,10610,4075.94,538,614,72,0.0383,False
1419,22489,PACK OF 12 TRADITIONAL CRAYONS,9721,4072.97,443,615,92,0.0382,False
1809,22896,PEG BAG APPLES DESIGN,1592,4063.76,288,616,897,0.0381,False
2230,23340,VINTAGE CHRISTMAS CAKE FRILL,2512,4053.88,151,617,561,0.038,False
397,21116,OWL DOORSTOP,695,4051.79,251,618,1534,0.038,False
1988,23081,GREEN METAL BOX ARMY SUPPLIES,484,4046.5,139,619,1784,0.038,False
787,21704,BAG 250g SWIRLY MARBLES,5144,4039.28,248,620,244,0.0379,False
1176,22219,LOVEBIRD HANGING DECORATION WHITE,4138,4037.98,544,621,320,0.0379,False
2837,72351B,SET/6 PINK  BUTTERFLY T-LIGHTS,2098,4012.05,186,622,682,0.0377,False
1863,22951,60 CAKE CASES DOLLY GIRL DESIGN,7518,4010.55,437,623,142,0.0376,False
1365,22431,WATERING CAN BLUE ELEPHANT,2060,4002.61,334,624,697,0.0376,False
1803,22890,NOVELTY BISCUITS CAKE STAND 3 TIER,391,3999.57,165,625,1934,0.0375,False
2032,23129,HEART SHAPED HOLLY WREATH,950,3999.5,172,626,1283,0.0375,False
1868,22956,36 FOIL HEART CAKE CASES,2055,3992.58,198,627,701,0.0375,False
1422,22493,PAINT YOUR OWN CANVAS SET,2463,3989.94,220,628,577,0.0374,False
2033,23130,MISTLETOE HEART WREATH GREEN,962,3988.98,184,629,1274,0.0374,False
156,20675,BLUE POLKADOT BOWL,3121,3984.37,322,630,450,0.0374,False
3235,84792,ENCHANTED BIRD COATHANGER 5 HOOK,834,3978.97,241,631,1392,0.0373,False
1222,22274,FELTCRAFT DOLL EMILY,1347,3974.13,267,632,1014,0.0373,False
1095,22131,FOOD CONTAINER SET 3 LOVE HEART,2039,3952.19,291,633,704,0.0371,False
2435,23557,LANDMARK FRAME BAKER STREET,350,3930.27,32,634,1995,0.0369,False
1111,22148,EASTER CRAFT 4 CHICKS,1939,3929.15,186,635,745,0.0369,False
1891,22980,PANTRY SCRUBBING BRUSH,2366,3914.96,291,636,609,0.0367,False
798,21716,BOYS VINTAGE TIN SEASIDE BUCKET,1441,3913.72,244,637,960,0.0367,False
353,21041,RED RETROSPOT OVEN GLOVE DOUBLE,921,3909.63,255,638,1312,0.0367,False
1958,23049,RECYCLED ACAPULCO MAT RED,456,3896.84,186,639,1833,0.0366,False
1083,22117,METAL SIGN HER DINNER IS SERVED,1320,3896.45,95,640,1031,0.0366,False
2430,23552,BICYCLE PUNCTURE REPAIR KIT,1864,3883.99,116,641,781,0.0365,False
1179,22222,CAKE PLATE LOVEBIRD WHITE,1057,3880.2,222,642,1199,0.0364,False
1503,22578,WOODEN STAR CHRISTMAS SCANDINAVIAN,10462,3877.68,512,643,80,0.0364,False
823,21749,LARGE RED RETROSPOT WINDMILL,1963,3877.09,140,644,734,0.0364,False
1941,23032,DRAWER KNOB CRACKLE GLAZE IVORY,2342,3876.78,199,645,613,0.0364,False
1657,22738,RIBBON REEL SNOWY VILLAGE,2189,3856.07,275,646,654,0.0362,False
2153,23253,16 PIECE CUTLERY SET PANTRY DESIGN,258,3848.86,70,647,2190,0.0361,False
3482,85049A,TRADITIONAL CHRISTMAS RIBBONS,3005,3847.36,323,648,469,0.0361,False
2625,37370,RETRO COFFEE MUGS ASSORTED,2571,3844.81,159,649,549,0.0361,False
2034,23131,MISTLETOE HEART WREATH CREAM,943,3840.13,115,650,1292,0.036,False
2014,23111,PARISIENNE SEWING BOX,312,3839.24,138,651,2074,0.036,False
482,21243,PINK  POLKADOT PLATE,2285,3827.16,210,652,628,0.0359,False
1757,22842,BISCUIT TIN VINTAGE RED,589,3823.21,162,653,1645,0.0359,False
1725,22809,SET OF 6 T-LIGHTS SANTA,1254,3822.5,204,654,1071,0.0359,False
392,21110,LARGE CAKE TOWEL PINK SPOTS,1106,3822.45,134,655,1167,0.0359,False
1294,22350,ILLUSTRATED CAT BOWL,1410,3822.12,120,656,974,0.0359,False
2420,23542,WALL ART 70'S ALPHABET,506,3800.16,89,657,1753,0.0357,False
3490,85049E,SCANDINAVIAN REDS RIBBONS,2866,3791.11,409,658,487,0.0356,False
483,21244,BLUE POLKADOT PLATE,2282,3789.32,196,659,630,0.0356,False
2189,23299,FOOD COVER WITH BEADS SET 2,1015,3784.13,146,660,1224,0.0355,False
1999,23092,LARGE ANTIQUE WHITE PHOTO FRAME,525,3773.58,135,661,1730,0.0354,False
821,21746,SMALL RED RETROSPOT WINDMILL,3075,3766.93,226,662,457,0.0354,False
2030,23127,FELTCRAFT GIRL NICOLE KIT,737,3763.95,194,663,1488,0.0353,False
674,21527,RED RETROSPOT TRADITIONAL TEAPOT,481,3756.79,144,664,1786,0.0353,False
1154,22195,LARGE HEART MEASURING SPOONS,1979,3725.61,373,665,723,0.035,False
1998,23091,ZINC HERB GARDEN CONTAINER,591,3725.07,209,666,1641,0.035,False
494,21260,FIRST AID TIN,1161,3722.23,166,667,1136,0.0349,False
753,21658,GLASS  BEURRE DISH,881,3721.63,212,668,1343,0.0349,False
2085,23182,TOILET SIGN OCCUPIED OR VACANT,3777,3718.09,433,669,363,0.0349,False
1971,23064,CINDERELLA CHANDELIER,221,3717.56,23,670,2282,0.0349,False
1170,22212,FOUR HOOK  WHITE LOVEBIRDS,1615,3713.54,399,671,885,0.0349,False
1768,22854,CREAM SWEETHEART EGG HOLDER,767,3708.52,161,672,1462,0.0348,False
677,21531,RED RETROSPOT SUGAR JAM BOWL,1520,3692.37,246,673,926,0.0347,False
918,21890,S/6 WOODEN SKITTLES IN COTTON BAG,1152,3689.46,231,674,1143,0.0346,False
1578,22656,VINTAGE BLUE KITCHEN CABINET,26,3685.0,20,675,3210,0.0346,False
1923,23013,GLASS APOTHECARY BOTTLE TONIC,925,3678.11,223,676,1310,0.0345,False
1838,22926,IVORY GIANT GARDEN THERMOMETER,597,3674.7,195,677,1631,0.0345,False
3495,85053,FRENCH ENAMEL CANDLEHOLDER,1701,3666.29,317,678,854,0.0344,False
2375,23497,CLASSIC CHROME BICYCLE BELL,2561,3660.37,195,679,551,0.0344,False
2094,23191,BUNDLE OF 3 RETRO NOTE BOOKS,2218,3656.94,281,680,646,0.0343,False
1318,22378,WALL TIDY RETROSPOT,2288,3649.07,293,681,627,0.0342,False
1992,23085,ANTIQUE SILVER BAUBLE LAMP,381,3635.23,78,682,1945,0.0341,False
1399,22468,BABUSHKA LIGHTS STRING OF 10,517,3633.17,153,683,1740,0.0341,False
2184,23294,SET OF 6 SNACK LOAF BAKING CASES,4420,3631.05,354,684,297,0.0341,False
1189,22236,CAKE STAND 3 TIER MAGIC GARDEN,308,3624.6,88,685,2079,0.034,False
2112,23210,WHITE ROCKING HORSE HAND PAINTED,2902,3617.78,192,686,480,0.034,False
1728,22812,PACK 3 BOXES CHRISTMAS PANNETONE,1726,3610.25,185,687,838,0.0339,False
1022,22053,EMPIRE DESIGN ROSETTE,4244,3606.42,28,688,311,0.0338,False
3374,84968C,SET OF 16 VINTAGE PISTACHIO CUTLERY,317,3585.99,104,689,2067,0.0337,False
1658,22739,RIBBON REEL CHRISTMAS SOCK BAUBLE,1835,3585.02,318,690,796,0.0336,False
1292,22348,TEA BAG PLATE RED RETROSPOT,4086,3584.99,358,691,325,0.0336,False
656,21494,ROTATING LEAVES T-LIGHT HOLDER,1934,3578.83,313,692,748,0.0336,False
1820,22908,PACK OF 20 NAPKINS RED APPLES,4385,3573.83,375,693,301,0.0335,False
2222,23332,IVORY WICKER HEART LARGE,2076,3570.76,287,694,689,0.0335,False
1716,22800,ANTIQUE TALL SWIRLGLASS TRINKET POT,871,3564.49,203,695,1353,0.0335,False
184,20717,STRAWBERRY SHOPPER BAG,2857,3564.48,412,696,489,0.0335,False
3568,85132C,CHARLIE AND LOLA FIGURES TINS,1520,3562.32,211,697,926,0.0334,False
1139,22180,RETROSPOT LAMP,334,3561.34,155,698,2026,0.0334,False
1589,22669,RED BABY BUNTING,1128,3559.0,234,699,1157,0.0334,False
972,21974,SET OF 36 PAISLEY FLOWER DOILIES,2219,3545.6,360,700,645,0.0333,False
988,21992,VINTAGE PAISLEY STATIONERY SET,1913,3529.12,436,701,760,0.0331,False
786,21703,BAG 125g SWIRLY MARBLES,9390,3528.89,294,702,96,0.0331,False
1608,22688,DOORMAT PEACE ON EARTH BLUE,705,3519.66,32,703,1524,0.033,False
2243,23353,6 GIFT TAGS VINTAGE CHRISTMAS,4016,3517.52,327,704,335,0.033,False
2092,23189,SET OF 12 FORK CANDLES,1249,3507.51,141,705,1074,0.0329,False
797,21715,GIRLS VINTAGE TIN SEASIDE BUCKET,1330,3507.17,231,706,1026,0.0329,False
1679,22760,"TRAY, BREAKFAST IN BED",275,3491.86,80,707,2149,0.0328,False
478,21238,RED RETROSPOT CUP,3969,3488.44,387,708,341,0.0327,False
820,21745,GAOLERS KEYS DECORATIVE GARDEN,938,3486.98,214,709,1301,0.0327,False
2134,23232,WRAP VINTAGE LEAF DESIGN,8626,3478.92,238,710,112,0.0326,False
2972,82580,BATHROOM METAL SIGN,5883,3474.31,631,711,210,0.0326,False
1031,22065,CHRISTMAS PUDDING TRINKET POT,6751,3470.83,241,712,165,0.0326,False
1369,22435,SET OF 9 HEART SHAPED BALLOONS,2766,3456.75,266,713,509,0.0324,False
2240,23350,ROLL WRAP VINTAGE SPOT,2721,3456.33,305,714,520,0.0324,False
2745,47567B,TEA TIME KITCHEN APRON,609,3456.15,133,715,1622,0.0324,False
2307,23426,METAL SIGN DROP YOUR PANTS,1277,3450.21,206,716,1056,0.0324,False
704,21588,RETROSPOT GIANT TUBE MATCHES,1497,3450.15,132,717,933,0.0324,False
2269,23388,WOODLAND MINI BACKPACK,825,3448.69,154,718,1400,0.0324,False
3073,84508A,CAMOUFLAGE DESIGN TEDDY,1631,3448.05,36,719,877,0.0324,False
580,21385,IVORY HANGING DECORATION  HEART,3889,3447.55,317,720,350,0.0324,False
636,21463,MIRRORED DISCO BALL,651,3446.95,134,721,1575,0.0323,False
1246,22300,COFFEE MUG DOG + BALL DESIGN,1542,3444.91,196,722,916,0.0323,False
2414,23536,WALL ART VILLAGE SHOW,626,3442.13,85,723,1602,0.0323,False
1972,23065,LARGE DECO JEWELLERY STAND,274,3439.94,99,724,2153,0.0323,False
2059,23156,SET OF 5 MINI GROCERY MAGNETS,1672,3437.85,205,725,861,0.0323,False
2244,23354,6 GIFT TAGS 50'S CHRISTMAS,3743,3431.89,322,726,371,0.0322,False
658,21497,FANCY FONTS BIRTHDAY WRAP,8600,3430.0,230,727,113,0.0322,False
1924,23014,GLASS APOTHECARY BOTTLE ELIXIR,858,3427.48,209,728,1369,0.0322,False
1257,22311,OFFICE MUG WARMER BLACK+SILVER,1137,3418.51,142,729,1153,0.0321,False
3077,84509A,SET OF 4 ENGLISH ROSE PLACEMATS,896,3417.28,230,730,1333,0.0321,False
1701,22782,SET 3 WICKER STORAGE BASKETS,241,3399.95,74,731,2232,0.0319,False
2141,23239,SET OF 4 KNICK KNACK TINS POPPIES,853,3399.49,178,732,1375,0.0319,False
615,21429,RED GINGHAM ROSE JEWELLERY BOX,1744,3398.95,286,733,831,0.0319,False
998,22029,SPACEBOY BIRTHDAY CARD,8185,3397.65,527,734,124,0.0319,False
3001,84032A,CHARLIE+LOLA PINK HOT WATER BOTTLE,1005,3390.88,313,735,1233,0.0318,False
1575,22653,BUTTON BOX,1877,3380.45,250,736,774,0.0317,False
2901,79000,MOROCCAN TEA GLASS,4186,3377.74,125,737,313,0.0317,False
989,21993,FLORAL FOLK STATIONERY SET,1943,3363.34,425,738,741,0.0316,False
1488,22563,HAPPY STENCIL CRAFT,2831,3358.18,281,739,494,0.0315,False
1607,22687,DOORMAT CHRISTMAS VILLAGE,590,3354.22,52,740,1643,0.0315,False
1366,22432,WATERING CAN PINK BUNNY,1720,3350.62,277,741,843,0.0314,False
1045,22079,RIBBON REEL HEARTS DESIGN,1911,3348.39,323,742,761,0.0314,False
1126,22165,"DIAMANTE HEART SHAPED WALL MIRROR,",415,3328.2,146,743,1889,0.0312,False
2276,23395,BELLE JARDINIERE CUSHION COVER,761,3305.83,210,744,1467,0.031,False
1769,22855,FINE WICKER HEART,2644,3304.23,237,745,534,0.031,False
1873,22962,JAM JAR WITH PINK LID,3904,3294.91,342,746,347,0.0309,False
1393,22460,EMBOSSED GLASS TEALIGHT HOLDER,2559,3289.75,211,747,552,0.0309,False
1492,22567,20 DOLLY PEGS RETROSPOT,2470,3282.3,222,748,574,0.0308,False
1193,22244,3 HOOK HANGER MAGIC GARDEN,1705,3280.11,159,749,852,0.0308,False
2198,23308,SET OF 60 VINTAGE LEAF CAKE CASES,6151,3279.21,382,750,190,0.0308,False
1878,22967,SET 3 SONG BIRD PAPER EGGS ASSORTED,1173,3277.31,138,751,1124,0.0308,False
1364,22430,ENAMEL WATERING CAN CREAM,622,3266.09,195,752,1608,0.0307,False
1962,23053,RECYCLED ACAPULCO MAT PINK,365,3262.57,164,753,1969,0.0306,False
900,21868,POTTING SHED TEA MUG,2479,3262.25,302,754,569,0.0306,False
1146,22187,GREEN CHRISTMAS TREE CARD HOLDER,1266,3245.68,192,755,1060,0.0305,False
1665,22746,POPPY'S PLAYHOUSE LIVINGROOM,1451,3244.94,328,756,957,0.0305,False
2274,23393,HOME SWEET HOME CUSHION COVER,807,3230.41,229,757,1425,0.0303,False
2132,23230,WRAP ALPHABET DESIGN,8001,3228.42,235,758,130,0.0303,False
1944,23035,DRAWER KNOB CERAMIC IVORY,2209,3226.09,191,759,648,0.0303,False
1960,23051,RECYCLED ACAPULCO MAT BLUE,365,3223.49,162,760,1969,0.0303,False
313,20973,12 PENCIL SMALL TUBE WOODLAND,4506,3216.12,355,761,288,0.0302,False
1304,22360,GLASS JAR ENGLISH CONFECTIONERY,1016,3210.52,214,762,1223,0.0301,False
411,21135,VICTORIAN  METAL POSTCARD SPRING,2870,3207.69,177,763,485,0.0301,False
1420,22491,PACK OF 12 COLOURED PENCILS,3959,3193.83,219,764,342,0.03,False
2232,23342,MINT DINER WALL CLOCK,375,3193.41,163,765,1956,0.03,False
396,21115,ROSE CARAVAN DOORSTOP,566,3174.84,162,766,1679,0.0298,False
2213,23323,WHITE WICKER STAR,1473,3155.18,294,767,945,0.0296,False
1396,22465,HANGING METAL STAR LANTERN,2060,3153.09,198,768,697,0.0296,False
1697,22778,GLASS CLOCHE SMALL,808,3146.82,143,769,1424,0.0295,False
2878,72807C,SET/3 VANILLA SCENTED CANDLE IN BOX,721,3145.05,157,770,1499,0.0295,False
3372,84968A,SET OF 16 VINTAGE ROSE CUTLERY,267,3139.3,98,771,2169,0.0295,False
577,21381,MINI WOODEN HAPPY BIRTHDAY GARLAND,1815,3138.0,224,772,802,0.0294,False
691,21561,DINOSAUR LUNCH BOX WITH CUTLERY,1281,3127.38,213,773,1051,0.0293,False
2236,23346,SPACEBOY BEAKER,2632,3117.34,184,774,538,0.0293,False
480,21240,BLUE POLKADOT CUP,3573,3112.81,325,775,384,0.0292,False
203,20754,RETROSPOT RED WASHING UP GLOVES,1458,3090.96,304,776,952,0.029,False
2340,23461,SWEETHEART BIRD HOUSE,857,3082.71,94,777,1370,0.0289,False
248,20828,GLITTER BUTTERFLY CLIPS,1130,3079.88,241,778,1155,0.0289,False
1883,22972,CHILDREN'S SPACEBOY MUG,1798,3072.59,229,779,811,0.0288,False
1489,22564,ALPHABET STENCIL CRAFT,2702,3063.52,186,780,525,0.0288,False
2219,23329,DECORATIVE WICKER HEART LARGE,1778,3056.34,233,781,820,0.0287,False
3410,84997b,CHILDRENS CUTLERY RETROSPOT RED,364,3052.92,67,782,1973,0.0287,False
1726,22810,SET OF 6 T-LIGHTS SNOWMEN,952,3045.68,165,783,1280,0.0286,False
1528,22604,SET OF 4 NAPKIN CHARMS CUTLERY,1253,3044.76,125,784,1072,0.0286,False
2271,23390,DOLLY GIRL MINI BACKPACK,751,3042.19,163,785,1471,0.0286,False
2144,23242,TREASURE TIN BUFFALO BILL,1476,3037.11,214,786,941,0.0285,False
1805,22892,SET OF SALT AND PEPPER TOADSTOOLS,2478,3029.1,199,787,570,0.0284,False
1807,22894,TABLECLOTH RED APPLES DESIGN,305,3027.38,122,788,2086,0.0284,False
860,21810,CHRISTMAS HANGING STAR WITH BELL,5945,3022.79,252,789,206,0.0284,False
1516,22592,CARDHOLDER HOLLY WREATH METAL,658,3021.12,135,790,1567,0.0284,False
1857,22945,CHRISTMAS METAL TAGS ASSORTED,3003,3019.12,172,791,470,0.0283,False
796,21714,CITRONELLA CANDLE GARDEN POT,1657,3018.15,225,792,864,0.0283,False
2133,23231,WRAP DOILEY DESIGN,7277,3008.34,260,793,148,0.0282,False
1567,22644,CERAMIC CHERRY CAKE MONEY BANK,2223,3000.02,276,794,643,0.0282,False
3615,85184C,S/4 VALENTINE DECOUPAGE HEART BOX,1656,2997.64,193,795,866,0.0281,False
62,16161P,WRAP ENGLISH ROSE,7226,2990.92,248,796,149,0.0281,False
453,21201,TROPICAL  HONEYCOMB PAPER GARLAND,1240,2987.82,101,797,1080,0.028,False
599,21411,GINGHAM HEART  DOORSTOP RED,793,2982.03,241,798,1446,0.028,False
1276,22331,WOODLAND PARTY BAG + STICKER SET,1840,2975.14,183,799,793,0.0279,False
724,21625,VINTAGE UNION JACK APRON,411,2967.31,169,800,1901,0.0278,False
1818,22906,12 MESSAGE CARDS WITH ENVELOPES,1740,2959.42,251,801,833,0.0278,False
1696,22777,GLASS CLOCHE LARGE,352,2951.53,58,802,1991,0.0277,False
944,21918,SET 12 KIDS COLOUR  CHALK STICKS,7200,2950.67,369,803,151,0.0277,False
1044,22078,RIBBON REEL LACE DESIGN,1381,2948.41,192,804,989,0.0277,False
3601,85174,S/4 CACTI CANDLES,617,2946.88,157,805,1616,0.0277,False
1901,22990,COTTON APRON PANTRY DESIGN,638,2942.18,164,806,1594,0.0276,False
2518,35004B,SET OF 3 BLACK FLYING DUCKS,577,2934.81,111,807,1664,0.0275,False
2113,23211,RED ROCKING HORSE HAND PAINTED,2331,2933.07,160,808,619,0.0275,False
3124,84568,GIRLS ALPHABET IRON ON PATCHES,13882,2923.13,147,809,39,0.0274,False
1965,23056,FLOWERS CHANDELIER T-LIGHT HOLDER,966,2916.87,39,810,1270,0.0274,False
1876,22965,3 TRADITIONAl BISCUIT CUTTERS  SET,1373,2914.81,236,811,995,0.0274,False
1758,22843,BISCUIT TIN VINTAGE GREEN,451,2911.27,126,812,1841,0.0273,False
527,21313,GLASS HEART T-LIGHT HOLDER,3336,2906.52,214,813,413,0.0273,False
1693,22774,RED DRAWER KNOB ACRYLIC EDWARDIAN,2278,2901.75,140,814,631,0.0272,False
2180,23290,SPACEBOY CHILDRENS BOWL,2437,2899.1,214,815,584,0.0272,False
2235,23345,DOLLY GIRL BEAKER,2455,2891.25,174,816,580,0.0271,False
974,21976,PACK OF 60 MUSHROOM CAKE CASES,5230,2886.95,393,817,238,0.0271,False
394,21112,"SWISS ROLL TOWEL, PINK  SPOTS",1359,2885.13,82,818,1006,0.0271,False
986,21990,MODERN FLORAL STATIONERY SET,1679,2880.45,366,819,859,0.027,False
2308,23427,STOOL HOME SWEET HOME,238,2873.08,114,820,2238,0.027,False
2114,23212,HEART WREATH DECORATION WITH BELL,2300,2865.89,186,821,626,0.0269,False
1298,22354,RETROSPOT PADDED SEAT CUSHION,750,2860.98,83,822,1472,0.0268,False
1360,22426,ENAMEL WASH BOWL CREAM,743,2858.96,208,823,1480,0.0268,False
2382,23504,PLAYING CARDS JUBILEE UNION JACK,1934,2857.64,208,824,748,0.0268,False
1713,22797,CHEST OF DRAWERS GINGHAM HEART,163,2851.36,91,825,2460,0.0268,False
1842,22930,BAKING MOULD HEART MILK CHOCOLATE,1109,2849.35,189,826,1165,0.0267,False
2098,23196,VINTAGE LEAF MAGNETIC NOTEPAD,1876,2848.04,298,827,775,0.0267,False
1407,22476,EMPIRE UNION JACK TV DINNER TRAY,881,2844.16,125,828,1343,0.0267,False
1038,22072,RED RETROSPOT TEA CUP AND SAUCER,854,2831.17,162,829,1373,0.0266,False
1320,22380,TOY TIDY SPACEBOY,1316,2823.86,285,830,1034,0.0265,False
3605,85178,VICTORIAN SEWING KIT,2519,2823.83,140,831,559,0.0265,False
2770,47599B,BLUE PARTY BAGS,1480,2822.32,118,832,940,0.0265,False
660,21499,BLUE POLKADOT WRAP,6952,2819.84,217,833,156,0.0265,False
693,21563,RED HEART SHAPE LOVE BUCKET,1395,2803.13,159,834,981,0.0263,False
1681,22762,CUPBOARD 3 DRAWER MA CAMPAGNE,171,2786.03,112,835,2432,0.0261,False
1710,22794,SWEETHEART WIRE MAGAZINE RACK,326,2784.9,182,836,2042,0.0261,False
2277,23396,LE JARDIN BOTANIQUE CUSHION COVER,662,2780.53,196,837,1560,0.0261,False
1874,22963,JAM JAR WITH GREEN LID,3291,2778.84,307,838,422,0.0261,False
1181,22224,WHITE LOVEBIRD LANTERN,835,2767.01,164,839,1390,0.026,False
391,21109,LARGE CAKE TOWEL CHOCOLATE SPOTS,937,2765.15,112,840,1302,0.026,False
1837,22925,BLUE GIANT GARDEN THERMOMETER,450,2763.42,182,841,1846,0.0259,False
2093,23190,BUNDLE OF 3 SCHOOL EXERCISE BOOKS,1702,2761.9,202,842,853,0.0259,False
1155,22196,SMALL HEART MEASURING SPOONS,2853,2759.26,472,843,490,0.0259,False
2160,23266,SET OF 3 WOODEN STOCKING DECORATION,2064,2757.57,319,844,695,0.0259,False
2050,23147,SINGLE ANTIQUE ROSE HOOK IVORY,1870,2755.1,261,845,779,0.0259,False
1692,22773,GREEN DRAWER KNOB ACRYLIC EDWARDIAN,2087,2754.4,191,846,685,0.0258,False
2231,23341,PINK DINER WALL CLOCK,308,2749.85,121,847,2079,0.0258,False
1739,22823,CHEST NATURAL WOOD 20 DRAWERS,24,2745.0,13,848,3239,0.0258,False
1885,22974,CHILDRENS DOLLY GIRL MUG,1607,2744.54,204,849,890,0.0258,False
2004,23100,SILVER BELLS TABLE DECORATION,2169,2743.13,257,850,659,0.0257,False
1231,22283,6 EGG HOUSE PAINTED WOOD,301,2742.33,155,851,2097,0.0257,False
981,21985,PACK OF 12 HEARTS DESIGN TISSUES,8803,2737.63,427,852,106,0.0257,False
2288,23407,SET OF 2 TRAYS HOME SWEET HOME,267,2729.33,133,853,2169,0.0256,False
249,20829,GLITTER HANGING BUTTERFLY STRING,1315,2725.05,194,854,1035,0.0256,False
2223,23333,IVORY WICKER HEART MEDIUM,2110,2721.7,233,855,677,0.0255,False
2067,23164,REGENCY CAKE SLICE,578,2718.65,92,856,1663,0.0255,False
3275,84832,ZINC WILLIE WINKIE  CANDLE STICK,2934,2713.55,268,857,476,0.0255,False
1226,22278,OVERNIGHT BAG VINTAGE ROSE PAISLEY,406,2709.3,178,858,1912,0.0254,False
2367,23489,VINTAGE BELLS GARLAND,913,2709.23,159,859,1322,0.0254,False
479,21239,PINK  POLKADOT CUP,3018,2709.04,307,860,467,0.0254,False
1839,22927,GREEN GIANT GARDEN THERMOMETER,430,2704.71,148,861,1867,0.0254,False
2182,23292,SPACEBOY CHILDRENS CUP,2182,2704.58,222,862,656,0.0254,False
1656,22737,RIBBON REEL CHRISTMAS PRESENT,1389,2695.8,259,863,985,0.0253,False
2158,23264,SET OF 3 WOODEN SLEIGH DECORATIONS,1966,2694.56,299,864,732,0.0253,False
2869,72802C,VANILLA SCENT CANDLE JEWELLED BOX,1396,2692.44,105,865,980,0.0253,False
861,21811,HANGING HEART WITH BELL,4854,2687.4,245,866,266,0.0252,False
1611,22691,DOORMAT WELCOME SUNRISE,372,2686.72,120,867,1961,0.0252,False
1622,22702,BLACK AND WHITE CAT BOWL,1363,2684.65,49,868,1002,0.0252,False
1014,22045,SPACEBOY GIFT WRAP,6552,2683.84,208,869,177,0.0252,False
1580,22660,DOORMAT I LOVE LONDON,364,2678.96,102,870,1973,0.0251,False
839,21781,MA CAMPAGNE CUTLERY BOX,169,2676.75,101,871,2442,0.0251,False
1367,22433,WATERING CAN GREEN DINOSAUR,1394,2667.5,227,872,982,0.025,False
1094,22130,PARTY CONE CHRISTMAS DECORATION,2277,2664.63,110,873,632,0.025,False
1275,22329,ROUND CONTAINER SET OF 5 RETROSPOT,1604,2663.54,238,874,892,0.025,False
3414,84997d,CHILDRENS CUTLERY POLKADOT PINK,319,2657.79,73,875,2061,0.0249,False
2049,23146,TRIPLE HOOK ANTIQUE IVORY ROSE,801,2655.13,227,876,1430,0.0249,False
1814,22902,TOTE BAG I LOVE LONDON,1296,2650.08,136,877,1043,0.0249,False
1507,22582,PACK OF 6 SWEETIE GIFT BOXES,1061,2649.35,102,878,1198,0.0249,False
1709,22792,FLUTED ANTIQUE CANDLE HOLDER,2809,2643.33,206,879,499,0.0248,False
1190,22241,GARLAND WOODEN HAPPY EASTER,1978,2641.93,239,880,725,0.0248,False
2607,35961,FOLKART ZINC HEART CHRISTMAS DEC,2999,2640.86,244,881,471,0.0248,False
1963,23054,RECYCLED ACAPULCO MAT LAVENDER,297,2621.43,130,882,2106,0.0246,False
336,21012,ANTIQUE ALL GLASS CANDLESTICK,1171,2618.25,199,883,1127,0.0246,False
1746,22830,UTILTY CABINET WITH HOOKS,131,2610.29,6,884,2569,0.0245,False
1620,22700,BLACK AND WHITE DOG BOWL,1198,2608.08,52,885,1106,0.0245,False
1749,22833,HALL CABINET WITH 3 DRAWERS,76,2603.53,5,886,2810,0.0244,False
1135,22175,PINK OWL SOFT TOY,879,2600.13,171,887,1347,0.0244,False
1305,22361,GLASS JAR DAISY FRESH COTTON WOOL,729,2598.23,268,888,1495,0.0244,False
1721,22805,BLUE DRAWER KNOB ACRYLIC EDWARDIAN,1904,2593.53,195,889,765,0.0243,False
661,21500,PINK POLKADOT WRAP,6350,2593.0,213,890,184,0.0243,False
1738,22822,CREAM WALL PLANTER HEART SHAPED,434,2588.7,158,891,1862,0.0243,False
2739,47559B,TEA TIME OVEN GLOVE,2080,2588.65,287,892,688,0.0243,False
1845,22933,BAKING MOULD EASTER EGG MILK CHOC,940,2585.92,122,893,1296,0.0243,False
1534,22610,PENS ASSORTED FUNNY FACE,9608,2578.24,216,894,94,0.0242,False
812,21735,TWO DOOR CURIO CABINET,212,2577.45,83,895,2308,0.0242,False
3138,84596B,SMALL DOLLY MIX DESIGN ORANGE BOWL,5078,2570.52,522,896,249,0.0241,False
1849,22937,BAKING MOULD CHOCOLATE CUPCAKES,974,2568.34,160,897,1264,0.0241,False
1302,22358,KINGS CHOICE TEA CADDY,700,2557.12,255,898,1528,0.024,False
1030,22064,PINK DOUGHNUT TRINKET POT,1734,2556.2,241,899,834,0.024,False
626,21452,TOADSTOOL MONEY BOX,817,2549.11,184,900,1410,0.0239,False
374,21078,SET/20 STRAWBERRY PAPER NAPKINS,2780,2540.39,313,901,506,0.0238,False
2305,23424,GINGHAM RECIPE BOOK BOX,466,2529.42,135,902,1815,0.0237,False
2836,72351A,SET/6 TURQUOISE BUTTERFLY T-LIGHTS,1278,2528.15,153,903,1054,0.0237,False
2508,23681,LUNCH BAG RED VINTAGE DOILY,1577,2526.69,132,904,902,0.0237,False
809,21730,GLASS STAR FROSTED T-LIGHT HOLDER,518,2519.38,131,905,1738,0.0236,False
1590,22670,FRENCH WC SIGN BLUE METAL,1883,2518.0,301,906,772,0.0236,False
687,21556,CERAMIC STRAWBERRY MONEY BOX,977,2515.52,114,907,1259,0.0236,False
2206,23316,RED REFECTORY CLOCK,251,2511.59,110,908,2209,0.0236,False
1592,22672,FRENCH BATHROOM SIGN BLUE METAL,1476,2511.22,219,909,941,0.0236,False
1041,22075,6 RIBBONS ELEGANT CHRISTMAS,1800,2503.34,200,910,807,0.0235,False
389,21107,CREAM SLICE FLANNEL PINK SPOT,904,2501.56,97,911,1328,0.0235,False
2253,23367,SET 12 COLOUR PENCILS SPACEBOY,3285,2495.75,282,912,423,0.0234,False
930,21903,MAN FLU METAL SIGN,1162,2494.33,180,913,1134,0.0234,False
1172,22215,CAKE STAND WHITE TWO TIER LACE,343,2471.39,101,914,2011,0.0232,False
2242,23352,ROLL WRAP 50'S RED CHRISTMAS,1803,2462.95,212,915,805,0.0231,False
3501,85062,PEARL CRYSTAL PUMPKIN T-LIGHT HLDR,1474,2449.3,159,916,943,0.023,False
1314,22374,AIRLINE BAG VINTAGE JET SET RED,549,2440.27,223,917,1700,0.0229,False
3002,84032B,CHARLIE + LOLA RED HOT WATER BOTTLE,939,2430.44,255,918,1299,0.0228,False
906,21875,KINGS CHOICE MUG,2055,2429.38,148,919,701,0.0228,False
2287,23406,HOME SWEET HOME KEY HOLDER,457,2428.91,111,920,1831,0.0228,False
1723,22807,SET OF 6 T-LIGHTS TOADSTOOLS,825,2428.18,195,921,1400,0.0228,False
1498,22573,STAR WOODEN CHRISTMAS DECORATION,2689,2427.25,221,922,526,0.0228,False
2159,23265,SET OF 3 WOODEN TREE DECORATIONS,1784,2423.54,293,923,819,0.0227,False
1662,22743,MAKE YOUR OWN FLOWERPOWER CARD KIT,934,2420.34,206,924,1305,0.0227,False
1727,22811,SET OF 6 T-LIGHTS CACTI,881,2419.29,108,925,1343,0.0227,False
1371,22437,SET OF 9 BLACK SKULL BALLOONS,2830,2418.94,226,926,495,0.0227,False
537,21328,BALLOONS  WRITING SET,1342,2418.68,346,927,1018,0.0227,False
2281,23400,SHELF WITH 4 HOOKS HOME SWEET HOME,461,2409.34,107,928,1824,0.0226,False
1851,22939,APRON APPLE DELIGHT,472,2407.52,125,929,1805,0.0226,False
1128,22167,OVAL WALL MIRROR DIAMANTE,237,2401.07,156,930,2241,0.0225,False
317,20978,36 PENCILS TUBE SKULLS,1799,2400.05,263,931,809,0.0225,False
3241,84796B,BLUE SAVANNAH PICNIC HAMPER FOR 2,256,2393.59,124,932,2193,0.0225,False
3381,84969,BOX OF 6 ASSORTED COLOUR TEASPOONS,558,2389.52,210,933,1689,0.0224,False
20,11001,ASSTD DESIGN RACING CAR PEN,1615,2389.44,113,934,885,0.0224,False
1938,23028,DRAWER KNOB CRACKLE GLAZE BLUE,1375,2387.03,137,935,993,0.0224,False
1374,22440,BALLOON WATER BOMB PACK OF 35,6034,2385.12,154,936,198,0.0224,False
1957,23048,SET OF 10 LANTERNS FAIRY LIGHT STAR,581,2384.97,99,937,1660,0.0224,False
322,20983,12 PENCILS TALL TUBE RED RETROSPOT,2746,2382.46,268,938,515,0.0224,False
1230,22282,12 EGG HOUSE PAINTED WOOD,149,2378.52,99,939,2506,0.0223,False
2376,23498,CLASSIC BICYCLE CLIPS,1644,2378.48,99,940,871,0.0223,False
1765,22851,SET 20 NAPKINS FAIRY CAKES DESIGN,2749,2375.44,350,941,513,0.0223,False
3412,84997c,CHILDRENS CUTLERY POLKADOT BLUE,284,2374.44,62,942,2138,0.0223,False
2318,23437,50'S CHRISTMAS GIFT BAG LARGE,1939,2373.63,131,943,745,0.0223,False
2317,23436,VINTAGE CHRISTMAS GIFT BAG LARGE,1979,2367.39,114,944,723,0.0222,False
2664,37500,TEA TIME TEAPOT IN GIFT BOX,380,2360.68,113,945,1946,0.0222,False
1036,22070,SMALL RED RETROSPOT MUG IN BOX,949,2358.15,116,946,1285,0.0221,False
657,21495,SKULLS AND CROSSBONES WRAP,5800,2356.0,165,947,217,0.0221,False
2282,23401,RUSTIC MIRROR WITH LACE HEART,459,2354.87,83,948,1827,0.0221,False
2293,23412,HEART MIRROR ANTIQUE WHITE,358,2354.8,76,949,1983,0.0221,False
1474,22548,HEADS AND TAILS SPORTING FUN,1977,2351.44,209,950,726,0.0221,False
1359,22425,ENAMEL COLANDER CREAM,460,2346.12,166,951,1826,0.022,False
785,21700,BIG DOUGHNUT FRIDGE MAGNETS,1726,2334.94,198,952,838,0.0219,False
316,20977,36 PENCILS TUBE WOODLAND,1741,2331.14,185,953,832,0.0219,False
59,16156S,WRAP PINK FAIRY CAKES,5800,2331.0,167,954,217,0.0219,False
2099,23197,SKETCHBOOK MAGNETIC SHOPPING LIST,1492,2323.8,249,955,935,0.0218,False
1745,22829,SWEETHEART WIRE WALL TIDY,229,2315.33,109,956,2255,0.0217,False
1655,22736,RIBBON REEL MAKING SNOWMEN,1233,2315.25,223,957,1085,0.0217,False
1414,22483,RED GINGHAM TEDDY BEAR,774,2314.74,169,958,1459,0.0217,False
2257,23371,SET 36 COLOUR PENCILS SPACEBOY,1712,2313.53,185,959,847,0.0217,False
3358,84950,ASSORTED COLOUR T-LIGHT HOLDER,3631,2304.83,120,960,380,0.0216,False
978,21982,PACK OF 12 SUKI TISSUES,7612,2304.14,359,961,140,0.0216,False
1939,23029,DRAWER KNOB CRACKLE GLAZE GREEN,1352,2303.92,156,962,1010,0.0216,False
1375,22441,GROW YOUR OWN BASIL IN ENAMEL MUG,1051,2301.31,219,963,1202,0.0216,False
2220,23330,DECORATIVE WICKER HEART MEDIUM,1804,2299.47,216,964,804,0.0216,False
2250,23360,SET 8 CANDLES VINTAGE DOILY,1187,2296.15,114,965,1111,0.0215,False
3602,85175,CACTI T-LIGHT CANDLES,5353,2292.34,143,966,230,0.0215,False
1144,22185,SLATE TILE NATURAL HANGING,1510,2291.44,162,967,930,0.0215,False
2031,23128,FELTCRAFT BOY JEAN-PAUL KIT,453,2283.41,139,968,1836,0.0214,False
863,21813,GARLAND WITH STARS AND BELLS,549,2280.47,112,969,1700,0.0214,False
923,21896,POTTING SHED TWINE,983,2279.09,110,970,1253,0.0214,False
2152,23252,VINTAGE RED ENAMEL TRIM JUG,607,2276.61,138,971,1624,0.0214,False
1826,22914,BLUE COAT RACK PARIS FASHION,468,2266.16,154,972,1811,0.0213,False
1894,22983,CARD BILLBOARD FONT,5302,2261.6,443,973,232,0.0212,False
2690,46000S,POLYESTER FILLER PAD 40x40cm,1556,2256.2,185,974,910,0.0212,False
371,21069,VINTAGE BILLBOARD TEA MUG,1950,2251.77,86,975,738,0.0211,False
999,22030,SWALLOWS GREETING CARD,5551,2247.97,274,976,221,0.0211,False
2000,23093,SMALL PARISIENNE HEART PHOTO FRAME,941,2244.22,142,977,1294,0.0211,False
1986,23079,TOADSTOOL BEDSIDE LIGHT,253,2243.35,106,978,2200,0.0211,False
2216,23326,HANGING MINI COLOURED BOTTLES,3443,2237.71,76,979,397,0.021,False
985,21989,PACK OF 20 SKULL PAPER NAPKINS,2412,2235.65,335,980,592,0.021,False
644,21471,STRAWBERRY RAFFIA FOOD COVER,641,2228.09,163,981,1589,0.0209,False
2319,23438,RED SPOT GIFT BAG LARGE,1823,2227.42,109,982,800,0.0209,False
1525,22601,CHRISTMAS RETROSPOT ANGEL WOOD,2482,2222.38,200,983,567,0.0209,False
2379,23501,KEY RING BASEBALL BOOT UNION JACK,1823,2220.37,112,984,800,0.0208,False
1409,22478,BIRDHOUSE GARDEN MARKER,1543,2218.12,140,985,914,0.0208,False
2635,37448,CERAMIC CAKE DESIGN SPOTTED MUG,1456,2214.08,187,986,953,0.0208,False
850,21794,CLASSIC FRENCH STYLE BASKET NATURAL,522,2213.42,106,987,1735,0.0208,False
2965,82494l,WOODEN FRAME ANTIQUE WHITE,264,2211.6,61,988,2176,0.0208,False
2284,23403,LETTER HOLDER HOME SWEET HOME,626,2207.86,134,989,1602,0.0207,False
19,10135,COLOURING PENCILS BROWN TUBE,2231,2207.39,175,990,641,0.0207,False
354,21042,RED RETROSPOT APRON,335,2205.47,131,991,2022,0.0207,False
1499,22574,HEART WOODEN CHRISTMAS DECORATION,2336,2202.14,222,992,616,0.0207,False
927,21900,"KEY FOB , SHED",3234,2201.07,372,993,430,0.0207,False
2192,23302,KNEELING MAT HOUSEWORK  DESIGN,1544,2194.62,230,994,913,0.0206,False
1930,23020,GLASS  SONGBIRD STORAGE JAR,180,2191.84,76,995,2402,0.0206,False
1496,22571,ROCKING HORSE RED CHRISTMAS,2441,2191.43,254,996,583,0.0206,False
1682,22763,KEY CABINET MA CAMPAGNE,207,2186.27,108,997,2319,0.0205,False
1940,23031,DRAWER KNOB CRACKLE GLAZE PINK,1296,2182.0,155,998,1043,0.0205,False
3468,85038,6 CHOCOLATE LOVE HEART T-LIGHTS,1065,2179.66,142,999,1194,0.0205,False
2325,23445,ICE CREAM BUBBLES,2688,2177.84,101,1000,527,0.0204,False
1301,22357,KINGS CHOICE BISCUIT TIN,468,2175.04,180,1001,1811,0.0204,False
909,21878,PACK OF 6 SANDCASTLE FLAGS ASSORTED,2524,2173.05,224,1002,557,0.0204,False
1317,22377,BOTTLE BAG RETROSPOT,1330,2171.53,207,1003,1026,0.0204,False
1624,22704,WRAP RED APPLES,5278,2168.76,174,1004,234,0.0204,False
1087,22121,NOEL WOODEN BLOCK LETTERS,353,2165.65,133,1005,1989,0.0203,False
707,21592,RETROSPOT CIGAR BOX MATCHES,2162,2164.46,216,1006,664,0.0203,False
1651,22732,3D VINTAGE CHRISTMAS STICKERS,1645,2162.75,188,1007,870,0.0203,False
487,21249,WOODLAND  HEIGHT CHART STICKERS,724,2160.0,119,1008,1498,0.0203,False
1073,22107,PIZZA PLATE IN BOX,594,2158.06,179,1009,1636,0.0203,False
2256,23370,SET 36 COLOURING PENCILS DOILY,1555,2157.85,151,1010,911,0.0203,False
1832,22920,HERB MARKER BASIL,3427,2155.94,242,1011,399,0.0202,False
2973,82581,TOILET METAL SIGN,3883,2155.89,405,1012,352,0.0202,False
1513,22588,CARD HOLDER GINGHAM HEART,687,2149.31,175,1013,1543,0.0202,False
1916,23005,TRAVEL CARD WALLET I LOVE LONDON,4783,2147.55,241,1014,272,0.0202,False
1884,22973,CHILDREN'S CIRCUS PARADE MUG,1261,2145.91,144,1015,1064,0.0201,False
2064,23161,REGENCY CAKE FORK,1715,2145.3,98,1016,845,0.0201,False
2115,23213,STAR WREATH DECORATION WITH BELL,1683,2139.67,152,1017,858,0.0201,False
1973,23066,SMALL DECO JEWELLERY STAND,259,2137.81,85,1018,2188,0.0201,False
2671,40016,CHINESE DRAGON PAPER LANTERNS,5556,2136.34,97,1019,220,0.02,False
1437,22509,SEWING BOX RETROSPOT DESIGN,211,2132.44,86,1020,2310,0.02,False
1092,22128,PARTY CONES CANDY ASSORTED,1762,2127.53,76,1021,827,0.02,False
2637,37450,CERAMIC CAKE BOWL + HANGING CAKES,717,2126.39,134,1022,1506,0.02,False
1804,22891,TEA FOR ONE POLKADOT,424,2125.18,168,1023,1873,0.0199,False
3044,84356,POMPOM CURTAIN,424,2124.15,82,1024,1873,0.0199,False
1427,22498,WOODEN REGATTA BUNTING,334,2121.99,150,1025,2026,0.0199,False
976,21980,PACK OF 12 RED RETROSPOT TISSUES,6687,2121.76,297,1026,169,0.0199,False
1119,22156,HEART DECORATION WITH PEARLS,2198,2114.83,256,1027,651,0.0198,False
800,21718,RED METAL BEACH SPADE,1494,2114.64,229,1028,934,0.0198,False
1955,23046,PAPER LANTERN 9 POINT DELUXE STAR,349,2111.49,36,1029,1997,0.0198,False
201,20751,FUNKY WASHING UP GLOVES ASSORTED,1003,2108.72,198,1030,1234,0.0198,False
2151,23251,VINTAGE RED ENAMEL TRIM MUG,1713,2107.0,120,1031,846,0.0198,False
2135,23233,WRAP POPPIES  DESIGN,5175,2105.5,158,1032,242,0.0198,False
664,21506,"FANCY FONT BIRTHDAY CARD,",4958,2101.01,323,1033,259,0.0197,False
1907,22996,TRAVEL CARD WALLET VINTAGE TICKET,4813,2099.97,408,1034,268,0.0197,False
2055,23152,IVORY SWEETHEART WIRE LETTER RACK,558,2095.65,159,1035,1689,0.0197,False
1652,22733,3D TRADITIONAL CHRISTMAS STICKERS,1583,2095.08,197,1036,899,0.0197,False
1025,22059,CERAMIC STRAWBERRY DESIGN MUG,1790,2094.24,173,1037,813,0.0197,False
2205,23315,IVORY REFECTORY CLOCK,213,2094.24,86,1037,2305,0.0197,False
1663,22744,MAKE YOUR OWN MONSOON CARD KIT,870,2091.54,172,1039,1355,0.0196,False
710,21609,SET 12 LAVENDER  BOTANICAL T-LIGHTS,764,2089.64,76,1040,1466,0.0196,False
1517,22593,CHRISTMAS GINGHAM STAR,2265,2087.34,198,1041,634,0.0196,False
1666,22747,POPPY'S PLAYHOUSE BATHROOM,957,2087.15,227,1042,1277,0.0196,False
1023,22055,MINI CAKE STAND  HANGING STRAWBERY,1377,2086.49,220,1043,992,0.0196,False
1777,22863,SOAP DISH BROCANTE,721,2076.63,110,1044,1499,0.0195,False
1747,22831,WHITE BROCANTE SOAP DISH,706,2070.9,121,1045,1520,0.0194,False
1867,22955,36 FOIL STAR CAKE CASES,1048,2070.15,134,1046,1203,0.0194,False
2129,23227,FILIGREE HEART BUTTERFLY WHITE,1642,2070.06,117,1047,872,0.0194,False
1847,22935,BAKING MOULD ROSE MILK CHOCOLATE,690,2066.82,65,1048,1538,0.0194,False
2181,23291,DOLLY GIRL CHILDRENS CUP,1635,2060.28,195,1049,876,0.0193,False
2368,23490,T-LIGHT HOLDER HANGING LOVE BIRD,548,2055.27,101,1050,1705,0.0193,False
1067,22101,MIRROR MOSAIC VOTIVE HOLDER,1438,2053.17,69,1051,961,0.0193,False
2734,47504K,ENGLISH ROSE GARDEN SECATEURS,2019,2049.45,212,1052,711,0.0192,False
2378,23500,KEY RING BASEBALL BOOT ASSORTED,1631,2044.58,98,1053,877,0.0192,False
896,21864,UNION JACK FLAG PASSPORT COVER,829,2043.79,184,1054,1396,0.0192,False
1348,22414,DOORMAT NEIGHBOURHOOD WITCH,279,2038.39,95,1055,2143,0.0191,False
1719,22803,IVORY EMBROIDERED QUILT,54,2038.09,31,1056,2941,0.0191,False
155,20674,GREEN POLKADOT BOWL,1576,2032.48,205,1057,903,0.0191,False
1046,22080,RIBBON REEL POLKADOTS,1221,2028.23,155,1058,1093,0.019,False
3315,84880,WHITE WIRE EGG HOLDER,314,2027.74,76,1059,2072,0.019,False
1706,22788,BROCANTE COAT RACK,220,2025.96,60,1060,2283,0.019,False
1526,22602,RETROSPOT WOODEN HEART DECORATION,2217,2025.57,273,1061,647,0.019,False
1081,22115,METAL SIGN EMPIRE TEA,1549,2020.91,228,1062,912,0.019,False
2162,23268,SET OF 2 CERAMIC CHRISTMAS REINDEER,1448,2019.59,89,1063,958,0.019,False
2784,51014A,"FEATHER PEN,HOT PINK",3890,2018.78,239,1064,349,0.0189,False
1810,22897,OVEN MITT APPLES DESIGN,1352,2016.0,211,1065,1010,0.0189,False
1870,22959,WRAP CHRISTMAS VILLAGE,4901,2014.42,142,1066,262,0.0189,False
2179,23289,DOLLY GIRL CHILDRENS BOWL,1622,2013.7,191,1067,880,0.0189,False
1773,22859,EASTER TIN BUNNY BOUQUET,1209,2012.97,158,1068,1099,0.0189,False
721,21622,VINTAGE UNION JACK CUSHION COVER,386,2012.34,104,1069,1940,0.0189,False
2248,23358,HOT STUFF HOT WATER BOTTLE,595,2012.13,89,1070,1634,0.0189,False
2407,23529,WALL ART DOLLY GIRL,637,2011.99,37,1071,1595,0.0189,False
1308,22364,GLASS JAR DIGESTIVE BISCUITS,619,2010.17,164,1072,1613,0.0189,False
1432,22503,CABIN BAG VINTAGE PAISLEY,99,2010.12,34,1073,2685,0.0189,False
2168,23274,STAR T-LIGHT HOLDER WILLIE WINKIE,1183,2009.95,119,1074,1113,0.0189,False
3493,85049G,CHOCOLATE BOX RIBBONS,1615,2007.94,258,1075,885,0.0188,False
706,21591,COSY HOUR CIGAR BOX MATCHES,1378,2001.14,146,1076,991,0.0188,False
1844,22932,BAKING MOULD TOFFEE CUP CHOCOLATE,884,2000.88,72,1077,1339,0.0188,False
1145,22186,RED STAR CARD HOLDER,848,1997.48,149,1078,1379,0.0187,False
1840,22928,YELLOW GIANT GARDEN THERMOMETER,288,1993.75,115,1079,2125,0.0187,False
2247,23357,HOT WATER BOTTLE SEX BOMB,453,1993.6,102,1080,1836,0.0187,False
2867,72802B,OCEAN SCENT CANDLE IN JEWELLED BOX,1028,1993.48,82,1081,1216,0.0187,False
1504,22579,WOODEN TREE CHRISTMAS SCANDINAVIAN,5170,1988.89,338,1082,243,0.0187,False
2633,37446,MINI CAKE STAND WITH HANGING CAKES,1361,1986.24,183,1083,1003,0.0186,False
1982,23075,PARLOUR CERAMIC WALL HOOK,477,1981.05,80,1084,1797,0.0186,False
1408,22477,WATERING CAN GARDEN MARKER,1374,1980.4,127,1085,994,0.0186,False
24,15039,SANDALWOOD FAN,2091,1979.49,145,1086,683,0.0186,False
2048,23145,ZINC T-LIGHT HOLDER STAR LARGE,2084,1979.48,169,1087,686,0.0186,False
1975,23068,ALUMINIUM STAMPED HEART,813,1976.89,136,1088,1415,0.0186,False
942,21916,SET 12 RETRO WHITE CHALK STICKS,4600,1973.91,359,1089,283,0.0185,False
1843,22931,BAKING MOULD HEART WHITE CHOCOLATE,815,1968.4,129,1090,1413,0.0185,False
326,20992,JAZZ HEARTS PURSE NOTEBOOK,4451,1965.81,277,1091,294,0.0184,False
2260,23374,RED SPOT PAPER GIFT BAG,2456,1962.83,131,1092,578,0.0184,False
1258,22312,OFFICE MUG WARMER POLKADOT,649,1962.29,131,1093,1579,0.0184,False
2998,84031A,CHARLIE+LOLA RED HOT WATER BOTTLE,431,1961.16,165,1094,1864,0.0184,False
2130,23228,FILIGREE HEART BIRD WHITE,1492,1960.0,125,1095,935,0.0184,False
2137,23235,STORAGE TIN VINTAGE LEAF,739,1957.69,105,1096,1485,0.0184,False
3545,85123a,WHITE HANGING HEART T-LIGHT HOLDER,292,1952.48,67,1097,2115,0.0183,False
3142,84596F,SMALL MARSHMALLOWS PINK BOWL,3748,1952.0,435,1098,370,0.0183,False
1238,22291,HANGING CHICK CREAM DECORATION,1317,1946.62,120,1099,1033,0.0183,False
1740,22824,3 TIER SWEETHEART GARDEN SHELF,55,1938.25,43,1100,2934,0.0182,False
1346,22412,METAL SIGN NEIGHBOURHOOD WITCH,914,1938.15,147,1101,1320,0.0182,False
1562,22639,SET OF 4 NAPKIN CHARMS HEARTS,806,1937.71,148,1102,1426,0.0182,False
1158,22199,FRYING PAN RED RETROSPOT,468,1927.84,167,1103,1811,0.0181,False
445,21192,WHITE BELL HONEYCOMB PAPER,1093,1924.94,88,1104,1175,0.0181,False
2001,23094,LE GRAND TRAY CHIC SET,152,1924.92,79,1105,2496,0.0181,False
1142,22183,CAKE STAND VICTORIAN FILIGREE MED,322,1916.01,129,1106,2057,0.018,False
2058,23155,KNICKERBOCKERGLORY MAGNET ASSORTED,2233,1914.73,135,1107,640,0.018,False
305,20963,APPLE BATH SPONGE,1338,1913.67,229,1108,1021,0.018,False
679,21534,DAIRY MAID LARGE MILK JUG,376,1908.88,155,1109,1954,0.0179,False
1518,22594,CHRISTMAS GINGHAM TREE,2006,1905.77,196,1110,716,0.0179,False
3380,84968F,SET OF 16 VINTAGE SKY BLUE CUTLERY,177,1905.68,65,1111,2413,0.0179,False
2369,23491,VINTAGE JINGLE BELLS HEART,228,1897.76,78,1112,2256,0.0178,False
3500,85061W,WHITE JEWELLED HEART DECORATION,2164,1897.45,162,1113,663,0.0178,False
67,16169E,WRAP 50'S  CHRISTMAS,4563,1892.46,149,1114,284,0.0178,False
2315,23434,3 RAFFIA RIBBONS 50'S CHRISTMAS,2105,1892.07,199,1115,679,0.0178,False
370,21068,VINTAGE BILLBOARD LOVE/HATE MUG,1638,1890.33,198,1116,875,0.0177,False
2275,23394,POSTE FRANCE CUSHION COVER,438,1888.9,150,1117,1859,0.0177,False
2519,35004C,SET OF 3 COLOURED  FLYING DUCKS,394,1888.1,39,1118,1931,0.0177,False
36,15058B,PINK POLKADOT GARDEN PARASOL,228,1885.27,97,1119,2256,0.0177,False
321,20982,12 PENCILS TALL TUBE SKULLS,2156,1884.92,256,1120,665,0.0177,False
996,22027,TEA PARTY BIRTHDAY CARD,4392,1883.79,362,1121,300,0.0177,False
2249,23359,SET OF 12 T-LIGHTS VINTAGE DOILY,993,1872.31,79,1122,1248,0.0176,False
1461,22534,MAGIC DRAWING SLATE SPACEBOY,4496,1871.12,261,1123,290,0.0176,False
1157,22198,LARGE POPCORN HOLDER,1025,1870.91,86,1124,1218,0.0176,False
1997,23090,VINTAGE GLASS T-LIGHT HOLDER,2238,1870.86,149,1125,639,0.0176,False
2403,23525,WALL ART BUFFALO BILL,583,1867.57,53,1126,1656,0.0175,False
1772,22858,EASTER TIN KEEPSAKE,1129,1865.73,136,1127,1156,0.0175,False
2799,70006,LOVE HEART POCKET WARMER,2703,1865.63,120,1128,524,0.0175,False
984,21988,PACK OF 6 SKULL PAPER PLATES,2321,1862.75,193,1129,623,0.0175,False
901,21870,I CAN ONLY PLEASE ONE PERSON MUG,1415,1861.46,163,1130,970,0.0175,False
1177,22220,CAKE STAND LOVEBIRD 2 TIER WHITE,232,1859.2,86,1131,2250,0.0174,False
1362,22428,ENAMEL FIRE BUCKET CREAM,246,1854.76,114,1132,2224,0.0174,False
2874,72807A,SET/3 ROSE CANDLE IN JEWELLED BOX,394,1849.82,107,1133,1931,0.0174,False
1856,22944,CHRISTMAS METAL POSTCARD WITH BELLS,3375,1843.64,111,1134,410,0.0173,False
688,21557,SET OF 6 FUNKY BEAKERS,551,1843.61,162,1135,1698,0.0173,False
2264,23378,PACK OF 12 50'S CHRISTMAS TISSUES,4003,1842.42,176,1136,337,0.0173,False
1632,22712,CARD DOLLY GIRL,4483,1842.36,312,1137,292,0.0173,False
348,21034,REX CASH+CARRY JUMBO SHOPPER,1939,1842.05,871,1138,745,0.0173,False
904,21873,IF YOU CAN'T STAND THE HEAT MUG,1621,1838.05,116,1139,882,0.0172,False
1573,22651,GENTLEMAN SHIRT REPAIR KIT,2166,1837.47,170,1140,662,0.0172,False
795,21713,CITRONELLA CANDLE FLOWERPOT,795,1836.64,157,1141,1439,0.0172,False
694,21564,PINK  HEART SHAPE LOVE BUCKET,1042,1831.62,123,1142,1206,0.0172,False
1386,22452,MEASURING TAPE BABUSHKA PINK,746,1831.11,144,1143,1477,0.0172,False
2876,72807B,SET/3 OCEAN SCENT CANDLE JEWEL BOX,397,1830.71,110,1144,1929,0.0172,False
28,15044D,RED PAPER PARASOL,645,1822.71,84,1145,1581,0.0171,False
1180,22223,CAKE PLATE LOVEBIRD PINK,441,1821.61,78,1146,1853,0.0171,False
2051,23148,MINIATURE ANTIQUE ROSE HOOK IVORY,2144,1820.46,247,1147,669,0.0171,False
2063,23160,REGENCY TEA SPOON,1462,1809.48,76,1148,948,0.017,False
1159,22200,FRYING PAN PINK POLKADOT,398,1809.48,140,1148,1927,0.017,False
395,21114,LAVENDER SCENTED FABRIC HEART,1366,1809.33,138,1150,1001,0.017,False
39,15060B,FAIRY CAKE DESIGN UMBRELLA,451,1807.55,131,1151,1841,0.017,False
1463,22536,MAGIC DRAWING SLATE PURDEY,4755,1805.21,156,1152,275,0.0169,False
3456,85034C,3 ROSE MORRIS BOXED CANDLES,1133,1805.0,158,1153,1154,0.0169,False
881,21832,CHOCOLATE CALCULATOR,960,1800.0,198,1154,1276,0.0169,False
484,21245,GREEN POLKADOT PLATE,1078,1792.27,128,1155,1184,0.0168,False
2207,23317,BLUE REFECTORY CLOCK,174,1787.41,82,1156,2423,0.0168,False
1966,23057,BEADED CHANDELIER T-LIGHT HOLDER,776,1783.52,45,1157,1458,0.0167,False
358,21055,TOOL BOX SOFT TOY,180,1782.54,105,1158,2402,0.0167,False
1748,22832,BROCANTE SHELF WITH HOOKS,162,1781.82,76,1159,2464,0.0167,False
3462,85035C,ROSE 3 WICK MORRIS BOX CANDLE,1152,1779.41,130,1160,1143,0.0167,False
1630,22710,WRAP I LOVE LONDON,4501,1774.42,104,1161,289,0.0167,False
1487,22562,MONSTERS STENCIL CRAFT,1421,1773.37,211,1162,968,0.0166,False
619,21439,BASKET OF TOADSTOOLS,1430,1767.15,130,1163,964,0.0166,False
1085,22119,PEACE WOODEN BLOCK LETTERS,351,1766.57,106,1164,1993,0.0166,False
359,21056,DOCTOR'S BAG SOFT TOY,184,1765.4,72,1165,2389,0.0166,False
1260,22314,OFFICE MUG WARMER CHOC+BLUE,571,1762.07,133,1166,1671,0.0165,False
926,21899,GARAGE KEY FOB,2684,1761.22,278,1167,528,0.0165,False
2002,23096,PETIT TRAY CHIC,1047,1759.79,146,1168,1205,0.0165,False
1766,22852,DOG BOWL VINTAGE CREAM,390,1757.88,125,1169,1935,0.0165,False
701,21584,RETROSPOT SMALL TUBE MATCHES,1066,1754.9,146,1170,1193,0.0165,False
2258,23372,SET 36 COLOUR PENCILS DOLLY GIRL,1391,1752.79,147,1171,984,0.0164,False
2280,23399,HOME SWEET HOME HANGING HEART,1922,1752.35,225,1172,756,0.0164,False
862,21812,GARLAND WITH HEARTS AND BELLS,394,1751.22,100,1173,1931,0.0164,False
304,20961,STRAWBERRY BATH SPONGE,1235,1749.18,228,1174,1084,0.0164,False
2005,23101,SILVER STARS TABLE DECORATION,2037,1744.61,213,1175,706,0.0164,False
320,20981,12 PENCILS TALL TUBE WOODLAND,1976,1742.27,249,1176,728,0.0164,False
2146,23244,ROUND STORAGE TIN VINTAGE LEAF,936,1733.98,112,1177,1303,0.0163,False
2084,23181,BULL DOG BOTTLE TOP WALL CLOCK,201,1733.57,82,1178,2330,0.0163,False
538,21329,DINOSAURS  WRITING SET,944,1728.64,287,1179,1290,0.0162,False
2025,23122,PARTY CHARMS 50 PIECES,2253,1727.75,133,1180,636,0.0162,False
2747,47570B,TEA TIME TABLE CLOTH,185,1727.23,31,1181,2383,0.0162,False
702,21586,KINGS CHOICE GIANT TUBE MATCHES,743,1721.85,67,1182,1480,0.0162,False
888,21845,DAIRY MAID STRIPE MUG,1907,1721.09,82,1183,764,0.0162,False
1454,22526,WHEELBARROW FOR CHILDREN,125,1720.26,79,1184,2590,0.0161,False
3422,85015,SET OF 12  VINTAGE POSTCARD SET,2182,1719.84,143,1185,656,0.0161,False
1980,23073,GEORGIAN TRINKET BOX,144,1719.0,61,1186,2521,0.0161,False
1470,22544,MINI JIGSAW SPACEBOY,4521,1716.18,175,1187,286,0.0161,False
1006,22037,ROBOT BIRTHDAY CARD,3977,1715.48,354,1188,339,0.0161,False
1897,22986,WRAP GINGHAM ROSE,4105,1712.1,155,1189,321,0.0161,False
1182,22227,HANGING HEART MIRROR DECORATION,2341,1708.07,289,1190,614,0.016,False
1846,22934,BAKING MOULD EASTER EGG WHITE CHOC,589,1707.47,78,1191,1645,0.016,False
1732,22816,CARD MOTORBIKE SANTA,4023,1706.88,266,1192,334,0.016,False
2116,23214,JINGLE BELL HEART ANTIQUE GOLD,794,1705.44,103,1193,1443,0.016,False
943,21917,SET 12 KIDS  WHITE CHALK STICKS,4156,1704.03,225,1194,318,0.016,False
1594,22674,FRENCH TOILET SIGN BLUE METAL,1350,1697.72,187,1195,1013,0.0159,False
2621,37340,MULTICOLOUR SPRING FLOWER MUG,2544,1695.86,135,1196,555,0.0159,False
2783,51008,AFGHAN SLIPPER SOCK PAIR,519,1690.55,22,1197,1737,0.0159,False
684,21544,SKULLS  WATER TRANSFER TATTOOS,1975,1690.23,174,1198,729,0.0159,False
1707,22789,T-LIGHT HOLDER SWEETHEART HANGING,860,1688.22,138,1199,1365,0.0158,False
63,16161U,WRAP SUKI AND FRIENDS,4075,1687.5,134,1200,328,0.0158,False
458,21207,SKULL AND CROSSBONES  GARLAND,1068,1686.5,132,1201,1191,0.0158,False
2254,23368,SET 12 COLOUR PENCILS DOLLY GIRL,2382,1681.5,232,1202,603,0.0158,False
1277,22332,SKULLS PARTY BAG + STICKER SET,1033,1679.65,148,1203,1211,0.0158,False
1353,22419,LIPSTICK PEN RED,3347,1676.88,272,1204,411,0.0157,False
1825,22913,RED COAT RACK PARIS FASHION,352,1673.15,112,1205,1991,0.0157,False
1280,22335,HEART DECORATION PAINTED ZINC,2386,1672.79,225,1206,600,0.0157,False
2252,23366,SET 12 COLOURING PENCILS DOILY,2253,1670.55,195,1207,636,0.0157,False
1042,22076,6 RIBBONS EMPIRE,1260,1669.53,225,1208,1065,0.0157,False
35,15058A,BLUE POLKADOT GARDEN PARASOL,200,1668.49,89,1209,2335,0.0157,False
696,21577,SAVE THE PLANET COTTON TOTE BAG,720,1664.9,175,1210,1502,0.0156,False
697,21578,WOODLAND DESIGN  COTTON TOTE BAG,749,1664.51,127,1211,1475,0.0156,False
3376,84968D,SET OF 16 VINTAGE RED CUTLERY,157,1661.47,55,1212,2486,0.0156,False
2383,23505,PLAYING CARDS I LOVE LONDON,1207,1660.04,115,1213,1101,0.0156,False
2164,23270,SET OF 2 CERAMIC PAINTED HEARTS,1183,1659.37,125,1214,1113,0.0156,False
1410,22479,DAISY GARDEN MARKER,1139,1658.57,98,1215,1151,0.0156,False
1767,22853,CAT BOWL VINTAGE CREAM,472,1655.96,116,1216,1805,0.0155,False
977,21981,PACK OF 12 WOODLAND TISSUES,5482,1655.36,271,1217,225,0.0155,False
393,21111,"SWISS ROLL TOWEL, CHOCOLATE  SPOTS",901,1652.27,94,1218,1330,0.0155,False
2362,23483,HANGING  BUTTERFLY T-LIGHT HOLDER,1340,1651.36,73,1219,1020,0.0155,False
2743,47566b,TEA TIME PARTY BUNTING,199,1651.15,102,1220,2339,0.0155,False
2167,23273,HEART T-LIGHT HOLDER WILLIE WINKIE,969,1649.05,112,1221,1266,0.0155,False
1122,22161,HEART DECORATION RUSTIC HANGING,5088,1647.16,340,1222,248,0.0155,False
2238,23348,CHILDRENS TOY COOKING UTENSIL SET,750,1642.13,168,1223,1472,0.0154,False
1232,22284,HEN HOUSE DECORATION,954,1641.62,131,1224,1278,0.0154,False
1315,22375,AIRLINE BAG VINTAGE JET SET BROWN,349,1639.29,167,1225,1997,0.0154,False
1117,22154,ANGEL DECORATION 3 BUTTONS,3749,1638.35,162,1226,368,0.0154,False
3087,84510A,SET OF 4 ENGLISH ROSE COASTERS,1201,1636.57,239,1227,1104,0.0154,False
1405,22474,SPACEBOY TV DINNER TRAY,303,1636.27,132,1228,2094,0.0154,False
2603,35953,FOLKART STAR CHRISTMAS DECORATIONS,3582,1634.92,131,1229,383,0.0153,False
3455,85034B,3 WHITE CHOC MORRIS BOXED CANDLES,949,1633.78,120,1230,1285,0.0153,False
2272,23391,I LOVE LONDON MINI BACKPACK,390,1632.32,87,1231,1935,0.0153,False
1715,22799,SWEETHEART WIRE FRUIT BOWL,208,1631.58,89,1232,2316,0.0153,False
1379,22445,PENCIL CASE LIFE IS BEAUTIFUL,537,1624.76,130,1233,1715,0.0152,False
1886,22975,SPACEBOY CHILDRENS EGG CUP,1204,1624.63,186,1234,1102,0.0152,False
1404,22473,TV DINNER TRAY VINTAGE PAISLEY,503,1623.04,112,1235,1761,0.0152,False
2663,37495,FAIRY CAKE BIRTHDAY CANDLE SET,440,1622.24,92,1236,1854,0.0152,False
789,21706,FOLDING UMBRELLA RED/WHITE POLKADOT,347,1621.76,120,1237,2004,0.0152,False
2170,23280,FOLDING BUTTERFLY MIRROR HOT PINK,2024,1614.99,157,1238,709,0.0152,False
1127,22166,WALL MIRROR RECTANGLE DIAMANTE PINK,207,1614.4,87,1239,2319,0.0152,False
2119,23217,LAUREL HEART ANTIQUE SILVER,1309,1613.82,97,1240,1039,0.0151,False
2177,23287,RED VINTAGE SPOT BEAKER,1891,1613.59,198,1241,770,0.0151,False
457,21206,STRAWBERRY HONEYCOMB  GARLAND,1290,1610.92,109,1242,1048,0.0151,False
3474,85040A,S/4 PINK FLOWER CANDLES IN BOWL,890,1610.62,164,1243,1337,0.0151,False
1061,22095,LADS ONLY TISSUE BOX,1650,1610.41,143,1244,869,0.0151,False
1591,22671,FRENCH LAUNDRY SIGN BLUE METAL,963,1610.35,144,1245,1273,0.0151,False
1239,22292,HANGING CHICK  YELLOW DECORATION,1139,1608.86,112,1246,1151,0.0151,False
2341,23462,ROCOCO WALL MIRROR WHITE,80,1607.04,46,1247,2777,0.0151,False
1406,22475,SKULL DESIGN TV DINNER TRAY,316,1605.67,138,1248,2068,0.0151,False
1860,22948,METAL DECORATION NAUGHTY CHILDREN,1601,1604.99,136,1249,894,0.0151,False
1251,22305,COFFEE MUG PINK PAISLEY DESIGN,693,1604.58,51,1250,1535,0.0151,False
587,21394,RED POLKADOT BEAKER,3865,1603.77,131,1251,355,0.0151,False
128,18097C,WHITE TALL PORCELAIN T-LIGHT HOLDER,699,1601.21,69,1252,1530,0.015,False
2128,23226,FILIGREE HEART DAISY WHITE,1247,1596.67,98,1253,1075,0.015,False
1334,22398,MAGNETS PACK OF 4 SWALLOWS,2576,1589.51,248,1254,547,0.0149,False
1383,22449,SILK PURSE BABUSHKA PINK,492,1587.3,143,1255,1774,0.0149,False
725,21626,VINTAGE UNION JACK PENNANT,795,1586.75,99,1256,1439,0.0149,False
31,15056n,EDWARDIAN PARASOL NATURAL,127,1585.28,84,1257,2582,0.0149,False
969,21967,PACK OF 12 SKULL TISSUES,5275,1583.41,232,1258,235,0.0149,False
2687,46000M,POLYESTER FILLER PAD 45x45cm,1021,1582.55,137,1259,1221,0.0149,False
2255,23369,SET 36 COLOUR PENCILS LOVE LONDON,1105,1581.06,126,1260,1168,0.0148,False
1596,22676,FRENCH BLUE METAL DOOR SIGN 1,1157,1580.89,199,1261,1138,0.0148,False
1368,22434,BALLOON PUMP WITH 10 BALLOONS,798,1580.16,124,1262,1435,0.0148,False
675,21528,DAIRY MAID TRADITIONAL TEAPOT,218,1578.42,111,1263,2291,0.0148,False
3037,84279P,CHERRY BLOSSOM  DECORATIVE FLASK,380,1576.96,126,1264,1946,0.0148,False
1166,22208,WOOD STAMP SET THANK YOU,1515,1576.47,280,1265,929,0.0148,False
1423,22494,EMERGENCY FIRST AID TIN,1089,1573.52,245,1266,1179,0.0148,False
1508,22583,PACK OF 6 HANDBAG GIFT BOXES,574,1572.95,111,1267,1667,0.0148,False
667,21509,COWBOYS AND INDIANS BIRTHDAY CARD,3741,1572.28,274,1268,372,0.0148,False
3636,85206A,CREAM FELT EASTER EGG BASKET,976,1572.23,114,1269,1261,0.0148,False
1051,22085,PAPER CHAIN KIT SKULLS,548,1566.99,97,1270,1705,0.0147,False
939,21913,VINTAGE SEASIDE JIGSAW PUZZLES,398,1565.83,148,1271,1927,0.0147,False
3564,85132A,CHARLIE + LOLA BISCUITS TINS,547,1565.67,110,1272,1707,0.0147,False
1259,22313,OFFICE MUG WARMER PINK,565,1564.83,65,1273,1682,0.0147,False
819,21744,SNOWFLAKE PORTABLE TABLE LIGHT,531,1563.55,127,1274,1720,0.0147,False
3388,84971S,SMALL HEART FLOWERS HOOK,1786,1561.7,172,1275,818,0.0147,False
1734,22818,CARD CHRISTMAS VILLAGE,3657,1560.48,244,1276,378,0.0146,False
1595,22675,FRENCH KITCHEN SIGN BLUE METAL,1243,1558.91,164,1277,1078,0.0146,False
2402,23524,WALL ART HORSE & PONY,481,1557.63,63,1278,1786,0.0146,False
148,20665,RED RETROSPOT PURSE,461,1546.27,156,1279,1824,0.0145,False
324,20985,HEART CALCULATOR,1183,1545.59,131,1280,1113,0.0145,False
1893,22982,PANTRY PASTRY BRUSH,1155,1545.02,212,1281,1140,0.0145,False
1524,22600,CHRISTMAS RETROSPOT STAR WOOD,1700,1544.93,193,1282,855,0.0145,False
17,10133,COLOURING PENCILS BROWN TUBE,2867,1544.22,196,1283,486,0.0145,False
1264,22318,FIVE HEART HANGING DECORATION,462,1541.62,142,1284,1821,0.0145,False
3274,84828,JUNGLE POPSICLES ICE LOLLY MOULDS,1103,1541.36,182,1285,1170,0.0145,False
925,21898,POTTING SHED ROSE CANDLE,493,1541.11,25,1286,1773,0.0145,False
1136,22176,BLUE OWL SOFT TOY,513,1539.83,115,1287,1744,0.0145,False
1403,22472,TV DINNER TRAY DOLLY GIRL,322,1536.91,107,1288,2057,0.0144,False
1650,22731,3D CHRISTMAS STAMPS STICKERS,1172,1536.24,143,1289,1126,0.0144,False
2161,23267,SET OF 4 SANTA PLACE SETTINGS,1202,1531.95,108,1290,1103,0.0144,False
452,21200,MULTICOLOUR HONEYCOMB PAPER GARLAND,1119,1531.14,75,1291,1161,0.0144,False
2150,23250,VINTAGE RED TRIM ENAMEL BOWL,1179,1531.03,110,1292,1117,0.0144,False
1744,22828,REGENCY MIRROR WITH SHUTTERS,10,1530.0,7,1293,3492,0.0144,False
3378,84968E,SET OF 16 VINTAGE BLACK CUTLERY,132,1522.53,44,1294,2565,0.0143,False
3486,85049C,ROMANTIC PINKS RIBBONS,1217,1518.19,224,1295,1096,0.0142,False
1457,22530,MAGIC DRAWING SLATE DOLLY GIRL,3631,1517.72,233,1296,380,0.0142,False
1689,22770,MIRROR CORNICE,94,1515.68,62,1297,2715,0.0142,False
151,20668,DISCO BALL CHRISTMAS DECORATION,12979,1512.92,215,1298,49,0.0142,False
550,21352,EUCALYPTUS & PINECONE  WREATH,378,1511.26,77,1299,1951,0.0142,False
1515,22591,CARDHOLDER GINGHAM CHRISTMAS TREE,413,1509.41,86,1300,1895,0.0142,False
1402,22471,TV DINNER TRAY AIR HOSTESS,420,1506.97,105,1301,1884,0.0141,False
558,21361,LOVE LARGE WOOD LETTERS,106,1505.96,69,1302,2653,0.0141,False
1817,22905,CALENDAR IN SEASON DESIGN,582,1505.24,110,1303,1658,0.0141,False
2406,23528,WALL ART SPACEBOY,479,1504.49,50,1304,1790,0.0141,False
1896,22985,WRAP BILLBOARD FONTS DESIGN,3782,1500.44,99,1305,362,0.0141,False
2165,23271,CHRISTMAS TABLE SILVER CANDLE SPIKE,1734,1499.38,104,1306,834,0.0141,False
848,21792,CLASSIC FRENCH STYLE BASKET GREEN,344,1497.72,76,1307,2009,0.0141,False
1233,22285,HANGING HEN ON NEST DECORATION,871,1494.9,120,1308,1353,0.014,False
1718,22802,FAUX FUR CHOCOLATE THROW,88,1494.69,49,1309,2740,0.014,False
2224,23334,IVORY WICKER HEART SMALL,2271,1491.75,130,1310,633,0.014,False
2834,72349B,SET/6 PURPLE BUTTERFLY T-LIGHTS,731,1490.89,114,1311,1492,0.014,False
2622,37342,POLKADOT COFFEE CUP & SAUCER PINK,1570,1489.01,109,1312,906,0.014,False
2437,23559,WOODLAND BUNNIES LOLLY MAKERS,652,1488.65,124,1313,1574,0.014,False
3131,84580,MOUSE TOY WITH PINK T-SHIRT,390,1486.18,165,1314,1935,0.0139,False
2273,23392,SPACEBOY ROCKET LOLLY MAKERS,667,1485.43,113,1315,1557,0.0139,False
2600,35924,HANGING FAIRY CAKE DECORATION,820,1484.3,72,1316,1407,0.0139,False
536,21327,SKULLS WRITING SET,864,1484.13,252,1317,1363,0.0139,False
879,21829,DINOSAUR KEYRINGS ASSORTED,6873,1483.42,177,1318,158,0.0139,False
1162,22203,MILK PAN RED RETROSPOT,403,1483.13,145,1319,1919,0.0139,False
718,21619,4 VANILLA BOTANICAL CANDLES,978,1481.4,164,1320,1256,0.0139,False
624,21447,12 IVORY ROSE PEG PLACE SETTINGS,969,1478.1,148,1321,1266,0.0139,False
643,21470,FLOWER VINE RAFFIA FOOD COVER,383,1477.82,140,1322,1944,0.0139,False
1584,22664,TOY TIDY DOLLY GIRL DESIGN,713,1472.85,162,1323,1511,0.0138,False
1943,23034,DRAWER KNOB CERAMIC BLACK,991,1466.07,88,1324,1251,0.0138,False
2251,23365,SET 12 COLOUR PENCILS LOVE LONDON,1859,1464.38,169,1325,784,0.0137,False
1633,22713,CARD I LOVE LONDON,3501,1462.56,217,1326,390,0.0137,False
788,21705,BAG 500g SWIRLY MARBLES,1459,1462.17,141,1327,951,0.0137,False
3266,84818,DANISH ROSE PHOTO FRAME,1424,1461.6,99,1328,965,0.0137,False
2349,23470,CARD HOLDER LOVE BIRD LARGE,232,1460.5,84,1329,2250,0.0137,False
903,21872,GLAMOROUS  MUG,1296,1459.98,142,1330,1043,0.0137,False
25,15044A,PINK PAPER PARASOL,464,1456.72,102,1331,1816,0.0137,False
1616,22696,WICKER WREATH LARGE,731,1456.45,151,1332,1492,0.0137,False
1993,23086,ZINC  STAR T-LIGHT HOLDER,1228,1455.18,47,1333,1089,0.0137,False
1394,22461,SAVOY ART DECO CLOCK,239,1453.58,53,1334,2235,0.0136,False
719,21620,SET OF 4 ROSE BOTANICAL CANDLES,897,1451.99,165,1335,1332,0.0136,False
444,21191,LARGE WHITE HONEYCOMB PAPER BELL,562,1451.82,95,1336,1688,0.0136,False
2149,23249,VINTAGE RED ENAMEL TRIM PLATE,854,1445.9,81,1337,1373,0.0136,False
3000,84031B,CHARLIE LOLA BLUE HOT WATER BOTTLE,304,1440.37,143,1338,2089,0.0135,False
3496,85054,FRENCH ENAMEL POT W LID,589,1436.53,115,1339,1645,0.0135,False
1861,22949,36 DOILIES DOLLY GIRL,968,1434.95,105,1340,1268,0.0135,False
2405,23527,WALL ART ANIMALS AND NATURE,421,1432.31,48,1341,1880,0.0134,False
1141,22182,CAKE STAND VICTORIAN FILIGREE SMALL,374,1430.48,122,1342,1957,0.0134,False
37,15058C,ICE CREAM DESIGN GARDEN PARASOL,240,1429.82,72,1343,2233,0.0134,False
1252,22306,SILVER MUG BONE CHINA TREE OF LIFE,1174,1428.57,111,1344,1122,0.0134,False
665,21507,"ELEPHANT, BIRTHDAY CARD,",3332,1425.28,262,1345,415,0.0134,False
1834,22922,FRIDGE MAGNETS US DINER ASSORTED,1587,1422.9,102,1346,898,0.0134,False
1391,22458,CAST IRON HOOK GARDEN FORK,523,1421.83,23,1347,1733,0.0133,False
596,21407,BROWN CHECK CAT DOORSTOP,290,1421.11,138,1348,2119,0.0133,False
1887,22976,CIRCUS PARADE CHILDRENS EGG CUP,1091,1420.26,143,1349,1176,0.0133,False
1634,22714,CARD BIRTHDAY COWBOY,3487,1415.73,225,1350,392,0.0133,False
1501,22576,SWALLOW WOODEN CHRISTMAS DECORATION,1539,1415.31,173,1351,919,0.0133,False
2786,51014C,"FEATHER PEN,COAL BLACK",2711,1415.09,174,1352,523,0.0133,False
559,21363,HOME SMALL WOOD LETTERS,245,1413.84,125,1353,2225,0.0133,False
1458,22531,MAGIC DRAWING SLATE CIRCUS PARADE,3384,1413.25,200,1354,406,0.0133,False
2970,82567,"AIRLINE LOUNGE,METAL SIGN",713,1412.27,291,1355,1511,0.0133,False
1370,22436,12 COLOURED PARTY BALLOONS,2155,1412.16,163,1356,666,0.0133,False
3105,84536A,ENGLISH ROSE NOTEBOOK A7 SIZE,3138,1409.9,341,1357,449,0.0132,False
1827,22915,ASSORTED BOTTLE TOP  MAGNETS,3152,1406.42,184,1358,446,0.0132,False
2008,23104,IVORY CAFE HANGING LAMP,118,1405.42,46,1359,2614,0.0132,False
2022,23119,PACK OF 6 LARGE FRUIT STRAWS,2283,1402.32,151,1360,629,0.0132,False
1964,23055,IVORY CHANDELIER T-LIGHT HOLDER,658,1401.43,38,1361,1567,0.0132,False
610,21424,WOODLAND STORAGE BOX LARGE,346,1401.02,70,1362,2005,0.0131,False
1377,22443,GROW YOUR OWN HERBS SET OF 3,165,1399.69,90,1363,2454,0.0131,False
1016,22047,EMPIRE GIFT WRAP,3425,1394.5,106,1364,400,0.0131,False
1949,23040,PAPER LANTERN 9 POINT SNOW STAR,253,1394.03,41,1365,2200,0.0131,False
3263,84813,SET OF 4 DIAMOND NAPKIN RINGS,166,1393.79,38,1366,2453,0.0131,False
681,21537,RED RETROSPOT PUDDING BOWL,333,1392.21,61,1367,2030,0.0131,False
3237,84795B,SUNSET CHECK HAMMOCK,176,1390.64,48,1368,2416,0.0131,False
2262,23376,PACK OF 12 VINTAGE CHRISTMAS TISSUE,3051,1389.59,155,1369,462,0.013,False
670,21519,GIN & TONIC DIET GREETING CARD,3299,1389.22,246,1370,419,0.013,False
578,21382,SET/4 SPRING FLOWER DECORATION,1148,1389.08,128,1371,1147,0.013,False
1597,22677,FRENCH BLUE METAL DOOR SIGN 2,1001,1389.07,188,1372,1235,0.013,False
1029,22063,CERAMIC BOWL WITH STRAWBERRY DESIGN,590,1388.1,120,1373,1643,0.013,False
1037,22071,SMALL WHITE RETROSPOT MUG IN BOX,730,1388.05,86,1374,1494,0.013,False
1654,22735,RIBBON REEL SOCKS AND MITTENS,746,1387.46,136,1375,1477,0.013,False
1245,22299,PIG KEYRING WITH LIGHT & SOUND,1379,1386.97,80,1376,990,0.013,False
373,21071,VINTAGE BILLBOARD DRINK ME MUG,995,1385.28,177,1377,1244,0.013,False
1307,22363,GLASS JAR MARMALADE,481,1383.75,81,1378,1786,0.013,False
402,21123,SET/10 IVORY POLKADOT PARTY CANDLES,1145,1383.34,154,1379,1148,0.013,False
1533,22609,PENS ASSORTED SPACEBALL,5946,1381.78,155,1380,205,0.013,False
870,21820,GLITTER HEART GARLAND WITH BELLS,332,1379.72,90,1381,2032,0.0129,False
2295,23414,ZINC BOX SIGN HOME,141,1378.75,64,1382,2537,0.0129,False
2424,23546,WRAP PAISLEY PARK,3275,1375.5,120,1383,424,0.0129,False
1911,23000,TRAVEL CARD WALLET TRANSPORT,3171,1369.12,278,1384,441,0.0128,False
3649,85227,SET OF 6 3D KIT CARDS FOR KIDS,1488,1368.75,223,1385,938,0.0128,False
1250,22304,COFFEE MUG BLUE PAISLEY DESIGN,767,1368.18,61,1386,1462,0.0128,False
1636,22716,CARD CIRCUS PARADE,3213,1365.95,288,1387,435,0.0128,False
2123,23221,REINDEER HEART DECORATION SILVER,1537,1363.87,145,1388,921,0.0128,False
3660,85232B,SET OF 3 BABUSHKA STACKING TINS,275,1361.25,13,1389,2149,0.0128,False
1823,22911,PAPER CHAIN KIT LONDON,464,1361.04,94,1390,1816,0.0128,False
2348,23469,CARD HOLDER LOVE BIRD SMALL,332,1355.24,72,1391,2032,0.0127,False
1970,23061,VINTAGE EMBOSSED HEART,1033,1355.18,117,1392,1211,0.0127,False
351,21039,RED RETROSPOT SHOPPING BAG,523,1353.69,90,1393,1733,0.0127,False
1673,22754,SMALL RED BABUSHKA NOTEBOOK,1953,1352.17,266,1394,736,0.0127,False
775,21686,MEDINA STAMPED METAL STOOL,35,1351.64,20,1395,3105,0.0127,False
714,21615,4 LAVENDER BOTANICAL DINNER CANDLES,892,1349.17,135,1396,1336,0.0127,False
1355,22421,LIPSTICK PEN FUSCHIA,2598,1347.52,213,1397,545,0.0126,False
1335,22399,MAGNETS PACK OF 4 CHILDHOOD MEMORY,1152,1347.08,98,1398,1143,0.0126,False
983,21987,PACK OF 6 SKULL PAPER CUPS,2113,1346.65,171,1399,676,0.0126,False
1829,22917,HERB MARKER ROSEMARY,1944,1344.77,240,1400,740,0.0126,False
1039,22073,RED RETROSPOT STORAGE JAR,336,1343.64,69,1401,2020,0.0126,False
1824,22912,YELLOW COAT RACK PARIS FASHION,287,1342.39,100,1402,2127,0.0126,False
1240,22293,HANGING CHICK GREEN DECORATION,907,1341.67,122,1403,1326,0.0126,False
723,21624,VINTAGE UNION JACK DOORSTOP,217,1337.51,95,1404,2292,0.0126,False
485,21246,RED RETROSPOT BIG BOWL,286,1336.78,96,1405,2131,0.0125,False
2416,23538,WALL ART VINTAGE HEART,332,1334.49,32,1406,2032,0.0125,False
2866,72802A,ROSE SCENT CANDLE IN JEWELLED BOX,324,1334.16,63,1407,2047,0.0125,False
1572,22650,CERAMIC PIRATE CHEST MONEY BANK,860,1333.75,143,1408,1365,0.0125,False
1661,22742,MAKE YOUR OWN PLAYTIME CARD KIT,643,1333.21,101,1409,1586,0.0125,False
1306,22362,GLASS JAR PEACOCK BATH SALTS,408,1329.44,133,1410,1909,0.0125,False
3613,85183B,CHARLIE & LOLA WASTEPAPER BIN FLORA,996,1323.37,118,1411,1242,0.0124,False
868,21818,GLITTER HEART DECORATION,2740,1322.5,163,1412,516,0.0124,False
2286,23405,HOME SWEET HOME 2 DRAWER CABINET,254,1321.38,70,1413,2197,0.0124,False
1828,22916,HERB MARKER THYME,1908,1316.16,237,1414,762,0.0124,False
437,21179,NO JUNK MAIL METAL SIGN,1942,1315.43,266,1415,742,0.0123,False
2259,23373,VINTAGE CHRISTMAS PAPER GIFT BAG,1608,1313.39,100,1416,889,0.0123,False
2634,37447,CERAMIC CAKE DESIGN SPOTTED PLATE,820,1313.28,115,1417,1407,0.0123,False
3770,90057,DIAMANTE RING ASSORTED IN BOX.,1008,1311.36,22,1418,1231,0.0123,False
997,22028,PENNY FARTHING BIRTHDAY CARD,3054,1309.18,262,1419,460,0.0123,False
447,21195,PINK  HONEYCOMB PAPER BALL,693,1308.56,80,1420,1535,0.0123,False
1606,22686,FRENCH BLUE METAL DOOR SIGN No,993,1308.38,158,1421,1248,0.0123,False
3630,85199S,SMALL HANGING IVORY/RED WOOD BIRD,2667,1305.25,261,1422,532,0.0122,False
366,21064,BOOM BOX SPEAKER BOYS,301,1301.55,101,1423,2097,0.0122,False
726,21627,ELEPHANT CARNIVAL POUFFE,63,1299.83,47,1424,2890,0.0122,False
1373,22439,6 ROCKET BALLOONS,1904,1297.12,197,1425,765,0.0122,False
849,21793,CLASSIC FRENCH STYLE BASKET BROWN,304,1296.61,74,1426,2089,0.0122,False
1256,22310,IVORY KNITTED MUG COSY,668,1296.23,109,1427,1556,0.0122,False
898,21866,UNION JACK FLAG LUGGAGE TAG,750,1296.13,193,1428,1472,0.0122,False
597,21408,SPOTTY PINK DUCK DOORSTOP,289,1295.21,117,1429,2124,0.0122,False
609,21422,PORCELAIN ROSE SMALL,1607,1295.0,63,1430,890,0.0122,False
1313,22372,AIRLINE BAG VINTAGE WORLD CHAMPION,279,1289.49,147,1431,2143,0.0121,False
715,21616,4 PEAR BOTANICAL DINNER CANDLES,822,1288.34,138,1432,1404,0.0121,False
2991,84012,MAGIC SHEEP WOOL GROWING FROM PAPER,1265,1283.99,115,1433,1061,0.012,False
928,21901,"KEY FOB , BACK DOOR",1832,1280.49,308,1434,798,0.012,False
1910,22999,TRAVEL CARD WALLET VINTAGE LEAF,2960,1280.31,222,1435,474,0.012,False
1830,22918,HERB MARKER PARSLEY,1874,1278.6,238,1436,777,0.012,False
382,21090,SET/6 COLLAGE PAPER PLATES,2421,1278.23,217,1437,590,0.012,False
2727,47480,HANGING PHOTO CLIP ROPE LADDER,748,1277.47,86,1438,1476,0.012,False
1979,23072,MARIE ANTOINETTE TRINKET BOX SILVER,334,1273.76,30,1439,2026,0.012,False
3498,85059,FRENCH ENAMEL WATER BASIN,411,1273.11,128,1440,1901,0.0119,False
462,21211,SET OF 72 SKULL PAPER  DOILIES,884,1271.52,103,1441,1339,0.0119,False
929,21902,"KEY FOB , FRONT  DOOR",1975,1270.82,210,1442,729,0.0119,False
924,21897,POTTING SHED CANDLE CITRONELLA,405,1268.19,3,1443,1914,0.0119,False
2730,47503A,ASS FLORAL PRINT MULTI SCREWDRIVER,2758,1264.2,163,1444,512,0.0119,False
2389,23511,EMBROIDERED RIBBON REEL EMILY,573,1256.17,98,1445,1669,0.0118,False
1497,22572,ROCKING HORSE GREEN CHRISTMAS,1393,1255.72,179,1446,983,0.0118,False
1978,23071,MARIE ANTOINETTE TRINKET BOX GOLD,319,1255.1,19,1447,2061,0.0118,False
1888,22977,DOLLY GIRL CHILDRENS EGG CUP,951,1253.86,135,1448,1281,0.0118,False
1974,23067,HANGING ENGRAVED METAL HEART,297,1249.11,78,1449,2106,0.0117,False
1521,22597,MUSICAL ZINC HEART DECORATION,2822,1247.78,186,1450,496,0.0117,False
2801,71038,WHITE HANGING BEADS CANDLE HOLDER,239,1244.95,47,1451,2235,0.0117,False
496,21262,WHITE GOOSE FEATHER CHRISTMAS TREE,335,1242.06,78,1452,2022,0.0117,False
1040,22074,6 RIBBONS SHIMMERING PINKS,1403,1241.32,199,1453,976,0.0116,False
1376,22442,GROW YOUR OWN FLOWERS SET OF 3,296,1241.3,78,1454,2111,0.0116,False
2041,23138,SINGLE WIRE HOOK IVORY HEART,884,1238.76,82,1455,1339,0.0116,False
1527,22603,CHRISTMAS RETROSPOT TREE WOOD,1389,1237.08,171,1456,985,0.0116,False
1283,22338,STAR DECORATION PAINTED ZINC,4683,1234.67,180,1457,279,0.0116,False
2884,72817,SET OF 2 CHRISTMAS DECOUPAGE CANDLE,1212,1232.27,161,1458,1097,0.0116,False
1093,22129,PARTY CONES CANDY DECORATION,1194,1231.52,100,1459,1110,0.0116,False
2417,23539,WALL ART LOVES' SECRET,247,1227.95,41,1460,2221,0.0115,False
1831,22919,HERB MARKER MINT,1757,1224.46,240,1461,828,0.0115,False
1536,22613,PACK OF 20 SPACEBOY NAPKINS,1538,1222.61,145,1462,920,0.0115,False
1500,22575,METAL MERRY CHRISTMAS WREATH,639,1222.07,90,1463,1593,0.0115,False
1261,22315,200 RED + WHITE BENDY STRAWS,918,1221.43,172,1464,1316,0.0115,False
2045,23142,IVORY WIRE KITCHEN ORGANISER,121,1220.82,40,1465,2608,0.0115,False
2971,82578,KITCHEN METAL SIGN,2060,1218.95,305,1466,697,0.0114,False
2460,23598,PAPER BUNTING VINTAGE PARTY,428,1218.48,47,1467,1871,0.0114,False
2976,82599,FANNY'S REST STOPMETAL SIGN,508,1217.73,141,1468,1752,0.0114,False
1631,22711,WRAP CIRCUS PARADE,2927,1213.34,103,1469,477,0.0114,False
2858,72800E,4 IVORY DINNER CANDLES SILVER FLOCK,541,1213.29,136,1470,1710,0.0114,False
1514,22589,CARDHOLDER GINGHAM STAR,379,1212.82,79,1471,1948,0.0114,False
1350,22416,SET OF 36 DOILIES SPACEBOY DESIGN,868,1210.82,76,1472,1356,0.0114,False
889,21846,PINK DIAMANTE PEN IN GIFT BOX,424,1206.97,103,1473,1873,0.0113,False
1129,22168,ORGANISER WOOD ANTIQUE WHITE,143,1205.3,76,1474,2529,0.0113,False
3319,84884A,ANT WHITE WIRE HEART SPIRAL,301,1201.91,78,1475,2097,0.0113,False
1936,23026,DRAWER KNOB VINTAGE GLASS STAR,557,1201.04,62,1476,1694,0.0113,False
2324,23444,Next Day Carriage,79,1200.0,79,1477,2783,0.0113,False
1841,22929,SCHOOL DESK AND CHAIR,19,1199.75,13,1478,3311,0.0113,False
982,21986,PACK OF 12 PINK POLKADOT TISSUES,4067,1197.73,189,1479,329,0.0112,False
1047,22081,RIBBON REEL FLORA + FAUNA,654,1193.0,138,1480,1571,0.0112,False
1387,22453,MEASURING TAPE BABUSHKA BLUE,444,1191.69,78,1481,1852,0.0112,False
1674,22755,SMALL PURPLE BABUSHKA NOTEBOOK,1690,1190.51,251,1482,856,0.0112,False
372,21070,VINTAGE BILLBOARD MUG,1107,1186.23,107,1483,1166,0.0111,False
1833,22921,HERB MARKER CHIVES,1721,1184.12,209,1484,842,0.0111,False
1950,23041,PAPER LANTERN 9 POINT SNOW STAR,272,1178.48,54,1485,2157,0.0111,False
2127,23225,CHERUB HEART DECORATION SILVER,1356,1177.0,88,1486,1008,0.011,False
727,21628,TRIANGULAR POUFFE VINTAGE,64,1176.6,33,1487,2882,0.011,False
2312,23431,NATURAL HANGING QUILTED HEARTS,1454,1175.38,72,1488,955,0.011,False
3471,85039B,S/4 IVORY MINI ROSE CANDLE IN BOWL,806,1174.63,172,1489,1426,0.011,False
323,20984,12 PENCILS TALL TUBE POSY,3812,1173.9,170,1490,358,0.011,False
2401,23523,WALL ART TREASURE AHOY,360,1173.81,41,1491,1979,0.011,False
817,21742,LARGE ROUND WICKER PLATTER,195,1173.53,91,1492,2354,0.011,False
367,21065,BOOM BOX SPEAKER GIRLS,564,1172.48,90,1493,1685,0.011,False
1836,22924,FRIDGE MAGNETS LA VIE EN ROSE,1313,1169.9,87,1494,1037,0.011,False
1676,22757,LARGE RED BABUSHKA NOTEBOOK,1097,1168.99,163,1495,1173,0.011,False
2299,23418,LAVENDER TOILETTE BOTTLE,558,1168.08,79,1496,1689,0.011,False
3040,84313C,ORANGE TV TRAY TABLE,504,1165.91,43,1497,1756,0.0109,False
2386,23508,MINI PLAYING CARDS DOLLY GIRL,2631,1165.13,120,1498,539,0.0109,False
2393,23515,EMBROIDERED RIBBON REEL DAISY,579,1164.98,71,1499,1662,0.0109,False
2163,23269,SET OF 2 CERAMIC CHRISTMAS TREES,786,1163.13,94,1500,1449,0.0109,False
1279,22334,DINOSAUR PARTY BAG + STICKER SET,707,1160.71,101,1501,1518,0.0109,False
1600,22680,FRENCH BLUE METAL DOOR SIGN 5,844,1160.29,153,1502,1381,0.0109,False
1628,22708,WRAP DOLLY GIRL,2800,1160.0,100,1503,502,0.0109,False
2443,23566,EGG CUP MILKMAID HEIDI,883,1159.43,83,1504,1342,0.0109,False
236,20801,LARGE PINK GLASS SUNDAE DISH,1013,1157.8,81,1505,1226,0.0109,False
2385,23507,MINI PLAYING CARDS BUFFALO BILL,2884,1156.51,119,1506,484,0.0109,False
3566,85132B,CHARLIE AND LOLA TABLE TINS,529,1156.17,75,1507,1724,0.0109,False
835,21773,DECORATIVE ROSE BATHROOM BOTTLE,1170,1154.17,163,1508,1128,0.0108,False
1598,22678,FRENCH BLUE METAL DOOR SIGN 3,844,1152.81,160,1509,1381,0.0108,False
836,21774,DECORATIVE CATS BATHROOM BOTTLE,1095,1152.4,186,1510,1174,0.0108,False
1271,22325,MOBILE VINTAGE HEARTS,250,1151.3,93,1511,2214,0.0108,False
2283,23402,HOME SWEET HOME 3 PEG HANGER,297,1151.03,68,1512,2106,0.0108,False
301,20956,PORCELAIN T-LIGHT HOLDERS ASSORTED,824,1149.02,101,1513,1402,0.0108,False
3530,85106,CUT GLASS HEXAGON T-LIGHT HOLDER,651,1147.41,20,1514,1575,0.0108,False
1266,22320,BIRDS MOBILE VINTAGE DESIGN,189,1147.27,73,1515,2374,0.0108,False
1426,22497,SET OF 2 TINS VINTAGE BATHROOM,225,1145.15,100,1516,2266,0.0107,False
355,21043,APRON MODERN VINTAGE COTTON,494,1143.76,90,1517,1771,0.0107,False
780,21693,SMALL HAMMERED SILVER CANDLEPOT,373,1143.31,50,1518,1959,0.0107,False
965,21947,SET OF 6 HEART CHOPSTICKS,813,1142.15,152,1519,1415,0.0107,False
1316,22376,AIRLINE BAG VINTAGE JET SET WHITE,254,1141.7,122,1520,2197,0.0107,False
588,21395,BLUE POLKADOT BEAKER,2844,1141.4,90,1521,492,0.0107,False
1835,22923,FRIDGE MAGNETS LES ENFANTS ASSORTED,1372,1140.97,80,1522,998,0.0107,False
2384,23506,MINI PLAYING CARDS SPACEBOY,2747,1139.2,146,1523,514,0.0107,False
1506,22581,WOOD STOCKING CHRISTMAS SCANDISPOT,1571,1138.98,177,1524,905,0.0107,False
1060,22094,RED RETROSPOT TISSUE BOX,2172,1138.2,200,1525,658,0.0107,False
3327,84912B,GREEN ROSE WASHBAG,324,1136.6,160,1526,2047,0.0107,False
1380,22446,PIN CUSHION BABUSHKA PINK,439,1135.18,133,1527,1856,0.0107,False
3582,85159B,"WHITE TEA,COFFEE,SUGAR JARS",622,1134.5,59,1528,1608,0.0106,False
1118,22155,STAR DECORATION RUSTIC,2454,1134.45,142,1529,581,0.0106,False
1116,22153,ANGEL DECORATION STARS ON DRESS,2653,1134.25,131,1530,533,0.0106,False
1466,22539,MINI JIGSAW DOLLY GIRL,2921,1130.58,136,1531,478,0.0106,False
3515,85087,CANDY SPOT CUSHION COVER,339,1129.99,125,1532,2014,0.0106,False
2753,47585A,PINK FAIRY CAKE CUSHION COVER,264,1129.44,83,1533,2176,0.0106,False
880,21830,ASSORTED CREEPY CRAWLIES,2669,1127.23,99,1534,530,0.0106,False
1169,22211,WOOD STAMP SET FLOWERS,1009,1124.04,196,1535,1230,0.0105,False
1731,22815,CARD PSYCHEDELIC APPLES,2640,1123.88,268,1536,535,0.0105,False
3353,84944,SET OF 6 KASHMIR FOLKART BAUBLES,711,1121.91,83,1537,1513,0.0105,False
2752,47580,TEA TIME DES TEA COSY,390,1121.82,110,1538,1935,0.0105,False
1532,22608,PENS ASSORTED FUNKY JEWELED,5247,1121.48,144,1539,236,0.0105,False
859,21809,CHRISTMAS HANGING TREE WITH BELL,1966,1119.56,117,1540,732,0.0105,False
2388,23510,MINI PLAYING CARDS GYMKHANA,2522,1119.22,120,1541,558,0.0105,False
1026,22060,LARGE CAKE STAND HANGING HEARTS,233,1118.95,34,1542,2248,0.0105,False
2292,23411,TRELLIS COAT RACK,227,1118.61,56,1543,2260,0.0105,False
980,21984,PACK OF 12 PINK PAISLEY TISSUES,3473,1116.95,212,1544,394,0.0105,False
639,21466,RED FLOWER CROCHET FOOD COVER,304,1116.89,112,1545,2089,0.0105,False
1908,22997,TRAVEL CARD WALLET UNION JACK,2595,1115.93,222,1546,546,0.0105,False
1733,22817,CARD SUKI BIRTHDAY,2639,1114.81,290,1547,536,0.0105,False
2391,23513,EMBROIDERED RIBBON REEL SUSIE,566,1114.26,70,1548,1679,0.0105,False
1677,22758,LARGE PURPLE BABUSHKA NOTEBOOK,1197,1112.75,178,1549,1108,0.0104,False
1287,22342,HOME GARLAND PAINTED ZINC,997,1111.58,128,1550,1241,0.0104,False
2261,23375,50'S CHRISTMAS PAPER GIFT BAG,1352,1108.89,103,1551,1010,0.0104,False
2314,23433,HANGING QUILTED PATCHWORK APPLES,1258,1108.58,89,1552,1068,0.0104,False
1378,22444,GROW YOUR OWN PLANT IN A CAN,839,1107.87,57,1553,1388,0.0104,False
3542,85116,BLACK CANDELABRA T-LIGHT HOLDER,941,1106.88,89,1554,1294,0.0104,False
3551,85127,SMALL SQUARE CUT GLASS CANDLESTICK,187,1106.54,51,1555,2376,0.0104,False
1895,22984,CARD GINGHAM ROSE,2717,1106.17,163,1556,521,0.0104,False
3536,85114A,BLACK ENCHANTED FOREST PLACEMAT,649,1105.21,56,1557,1579,0.0104,False
3467,85036C,ROSE 1 WICK MORRIS BOXED CANDLE,758,1104.86,84,1558,1469,0.0104,False
1735,22819,"BIRTHDAY CARD, RETRO SPOT",2608,1104.81,270,1559,542,0.0104,False
1178,22221,CAKE STAND LOVEBIRD 2 TIER PINK,131,1104.54,51,1560,2569,0.0104,False
874,21824,PAINTED METAL STAR WITH HOLLY BELLS,1917,1102.81,117,1561,757,0.0103,False
776,21688,SILVER PLATE CANDLE BOWL SMALL,348,1101.28,57,1562,2001,0.0103,False
1255,22309,TEA COSY RED  STRIPE,370,1093.6,121,1563,1964,0.0103,False
1994,23087,ZINC  HEART T-LIGHT HOLDER,868,1090.66,69,1564,1356,0.0102,False
2313,23432,PRETTY HANGING QUILTED HEARTS,1278,1090.02,74,1565,1054,0.0102,False
1704,22785,SQUARECUSHION COVER PINK UNION JACK,245,1087.57,74,1566,2225,0.0102,False
29,15056bl,EDWARDIAN PARASOL BLACK,87,1086.88,62,1567,2746,0.0102,False
2006,23102,SILVER HEARTS TABLE DECORATION,1288,1086.65,157,1568,1049,0.0102,False
642,21469,POLKA DOT RAFFIA FOOD COVER,290,1085.32,89,1569,2119,0.0102,False
987,21991,BOHEMIAN COLLAGE STATIONERY SET,635,1080.82,211,1570,1596,0.0101,False
473,21224,SET/4 SKULL BADGES,914,1080.0,165,1571,1320,0.0101,False
3063,84459B,YELLOW METAL CHICKEN HEART,721,1079.67,91,1572,1499,0.0101,False
2787,51014L,"FEATHER PEN,LIGHT PINK",2071,1079.34,149,1573,691,0.0101,False
2237,23347,I LOVE LONDON BEAKER,860,1077.3,97,1574,1365,0.0101,False
1535,22611,VINTAGE UNION JACK SHOPPING BAG,225,1077.03,46,1575,2266,0.0101,False
1194,22245,"HOOK, 1 HANGER ,MAGIC GARDEN",1263,1070.85,98,1576,1063,0.01,False
517,21288,STRIPEY CHOCOLATE NESTING BOXES,358,1070.26,110,1577,1983,0.01,False
1088,22123,PING MICROWAVE APRON,509,1069.17,122,1578,1751,0.01,False
2560,35648,VINTAGE BEAD PINK PURSE,981,1068.32,128,1579,1254,0.01,False
869,21819,GLITTER CHRISTMAS STAR,2473,1067.82,124,1580,572,0.01,False
1942,23033,DRAWER KNOB CERAMIC RED,720,1067.6,74,1581,1502,0.01,False
1234,22286,DECORATION WOBBLY RABBIT METAL,1149,1065.39,115,1582,1146,0.01,False
584,21391,FRENCH LAVENDER SCENT HEART,1079,1064.44,106,1583,1182,0.01,False
2394,23516,EMBROIDERED RIBBON REEL SOPHIE,297,1062.35,42,1584,2106,0.01,False
2221,23331,DECORATIVE WICKER HEART SMALL,1596,1062.28,109,1585,896,0.01,False
1906,22995,TRAVEL CARD WALLET SUKI,2389,1062.0,266,1586,599,0.01,False
292,20931,BLUE POT PLANT CANDLE,299,1060.9,68,1587,2103,0.01,False
3062,84459A,PINK METAL CHICKEN HEART,717,1059.67,91,1588,1506,0.0099,False
1372,22438,BALLOON ART MAKE YOUR OWN FLOWERS,1022,1058.69,98,1589,1219,0.0099,False
3460,85035B,CHOCOLATE 3 WICK MORRIS BOX CANDLE,620,1058.35,70,1590,1611,0.0099,False
1149,22190,LOCAL CAFE MUG,676,1057.71,116,1591,1551,0.0099,False
637,21464,DISCO BALL ROTATOR BATTERY OPERATED,249,1055.25,105,1592,2218,0.0099,False
967,21949,SET OF 6 STRAWBERRY CHOPSTICKS,801,1054.44,144,1593,1430,0.0099,False
1115,22152,PLACE SETTING WHITE STAR,2408,1053.5,105,1594,594,0.0099,False
46,16016,LARGE CHINESE STYLE SCISSOR,1273,1053.45,65,1595,1058,0.0099,False
2217,23327,HANGING CLEAR MINI BOTTLE,1734,1051.14,41,1596,834,0.0099,False
1032,22066,LOVE HEART TRINKET POT,2255,1051.05,135,1597,635,0.0099,False
84,16237,SLEEPING CAT ERASERS,4994,1048.56,290,1598,256,0.0098,False
666,21508,VINTAGE KID DOLLY CARD,2490,1046.98,213,1599,565,0.0098,False
2300,23419,HOME SWEET HOME BOTTLE,474,1045.8,86,1600,1803,0.0098,False
1124,22163,HEART STRING MEMO HOLDER HANGING,875,1042.78,122,1601,1349,0.0098,False
3610,85180A,RED HEARTS LIGHT CHAIN,503,1042.66,63,1602,1761,0.0098,False
1724,22808,SET OF 6 T-LIGHTS EASTER CHICKS,345,1038.87,75,1603,2007,0.0097,False
2931,79302M,"ART LIGHTS,FUNK MONKEY",370,1037.54,62,1604,1964,0.0097,False
871,21821,GLITTER STAR GARLAND WITH BELLS,251,1037.05,62,1605,2209,0.0097,False
1337,22402,MAGNETS PACK OF 4 VINTAGE COLLAGE,1723,1035.58,151,1606,841,0.0097,False
993,22024,RAINY LADIES BIRTHDAY CARD,2430,1033.81,213,1607,587,0.0097,False
1995,23088,ZINC HEART FLOWER T-LIGHT HOLDER,795,1033.28,79,1608,1439,0.0097,False
1057,22091,EMPIRE TISSUE BOX,1991,1033.22,167,1609,719,0.0097,False
844,21788,KIDS RAIN MAC BLUE,1297,1032.64,85,1610,1042,0.0097,False
1774,22860,EASTER TIN CHICKS PINK DAISY,598,1032.62,107,1611,1629,0.0097,False
308,20967,GREY FLORAL FELTCRAFT SHOULDER BAG,266,1031.69,83,1612,2171,0.0097,False
853,21803,CHRISTMAS TREE STAR DECORATION,2390,1031.56,198,1613,597,0.0097,False
1186,22231,JIGSAW TREE WITH BIRDHOUSE,1000,1029.76,144,1614,1237,0.0097,False
769,21679,SKULLS  STICKERS,1140,1028.58,138,1615,1150,0.0097,False
27,15044C,PURPLE PAPER PARASOL,314,1025.94,88,1616,2072,0.0096,False
2423,23545,WRAP RED VINTAGE DOILY,2480,1025.6,84,1617,568,0.0096,False
1537,22614,PACK OF 12 SPACEBOY TISSUES,3034,1024.9,219,1618,465,0.0096,False
1599,22679,FRENCH BLUE METAL DOOR SIGN 4,741,1024.28,152,1619,1482,0.0096,False
307,20966,SANDWICH BATH SPONGE,719,1022.8,97,1620,1504,0.0096,False
441,21188,3D HEARTS  HONEYCOMB PAPER GARLAND,326,1021.9,50,1621,2042,0.0096,False
2331,23452,HEART MINI PORTRAIT FRAME,518,1021.76,87,1622,1738,0.0096,False
2056,23153,ZINC SWEETHEART WIRE LETTER RACK,263,1020.69,90,1623,2180,0.0096,False
1593,22673,FRENCH GARDEN SIGN BLUE METAL,794,1019.83,131,1624,1443,0.0096,False
1392,22459,CAST IRON HOOK GARDEN TROWEL,386,1018.19,25,1625,1940,0.0096,False
2422,23544,WALL ART MID CENTURY MODERN,164,1015.78,20,1626,2456,0.0095,False
3470,85039A,SET/4 RED MINI ROSE CANDLE IN BOWL,706,1013.92,162,1627,1520,0.0095,False
716,21617,4 LILY  BOTANICAL DINNER CANDLES,528,1013.01,102,1628,1725,0.0095,False
551,21354,TOAST ITS - BEST MUM,801,1010.21,95,1629,1430,0.0095,False
2010,23107,WHITE HEARTS WIRE PLANT POT HOLDER,359,1009.51,73,1630,1982,0.0095,False
450,21198,WHITE HEART CONFETTI IN TUBE,1029,1008.47,71,1631,1215,0.0095,False
1227,22279,POCKET BAG BLUE PAISLEY RED SPOT,834,1007.15,128,1632,1392,0.0095,False
2339,23460,SWEETHEART WALL TIDY,108,1007.08,43,1633,2642,0.0095,False
2883,72816,SET/3 CHRISTMAS DECOUPAGE CANDLES,893,1006.27,69,1634,1335,0.0094,False
640,21467,CHERRY CROCHET FOOD COVER,264,1004.39,104,1635,2176,0.0094,False
1064,22098,BOUDOIR SQUARE TISSUE BOX,1994,1003.19,172,1636,717,0.0094,False
2024,23121,PACK OF 6 COCKTAIL PARASOL STRAWS,2506,1002.54,111,1637,563,0.0094,False
1615,22695,WICKER WREATH SMALL,741,1001.49,123,1638,1482,0.0094,False
2171,23281,FOLDING BUTTERFLY MIRROR RED,1280,1000.82,101,1639,1053,0.0094,False
552,21355,TOAST ITS - I LOVE YOU,794,998.83,120,1640,1443,0.0094,False
2411,23533,WALL ART GARDEN HAVEN,215,998.64,36,1641,2299,0.0094,False
3661,85232D,SET/3 DECOUPAGE STACKING TINS,194,997.47,69,1642,2358,0.0094,False
1035,22069,BROWN  PIRATE TREASURE CHEST,416,996.8,146,1643,1888,0.0094,False
2395,23517,EMBROIDERED RIBBON REEL REBECCA,334,996.38,63,1644,2026,0.0094,False
3115,84558A,3D DOG PICTURE PLAYING CARDS,336,996.26,81,1645,2020,0.0093,False
16,10125,MINI FUNKY DESIGN TAPES,1296,994.84,91,1646,1043,0.0093,False
1191,22242,5 HOOK HANGER MAGIC TOADSTOOL,640,994.38,34,1647,1592,0.0093,False
745,21648,ASSORTED TUTTI FRUTTI SMALL PURSE,737,992.79,66,1648,1488,0.0093,False
279,20886,BOX OF 9 PEBBLE CANDLES,486,988.18,103,1649,1780,0.0093,False
2563,35651,VINTAGE BEAD PINK SCARF,451,985.84,58,1650,1841,0.0093,False
2530,35471D,SET OF 3 BIRD LIGHT PINK FEATHER,1862,984.57,223,1651,782,0.0092,False
237,20802,SMALL GLASS SUNDAE DISH CLEAR,739,984.47,63,1652,1485,0.0092,False
2266,23380,PACK OF 12 VINTAGE DOILY TISSUES,2344,983.5,121,1653,612,0.0092,False
2396,23518,EMBROIDERED RIBBON REEL RACHEL,362,983.3,44,1654,1978,0.0092,False
1429,22500,SET OF 2 TINS JARDIN DE PROVENCE,253,980.7,96,1655,2200,0.0092,False
966,21948,SET OF 6 CAKE CHOPSTICKS,641,979.48,153,1656,1589,0.0092,False
1771,22857,ASSORTED EASTER GIFT TAGS,1159,977.76,61,1657,1137,0.0092,False
2392,23514,EMBROIDERED RIBBON REEL SALLY,478,977.39,74,1658,1793,0.0092,False
2390,23512,EMBROIDERED RIBBON REEL ROSIE,501,977.32,57,1659,1764,0.0092,False
3503,85064,CREAM SWEETHEART LETTER RACK,215,976.25,30,1660,2299,0.0092,False
1601,22681,FRENCH BLUE METAL DOOR SIGN 6,710,973.15,126,1661,1514,0.0091,False
3280,84843,WHITE SOAP RACK WITH 2 BOTTLES,172,969.8,48,1662,2428,0.0091,False
1253,22307,GOLD MUG BONE CHINA TREE OF LIFE,770,969.64,74,1663,1461,0.0091,False
1167,22209,WOOD STAMP SET HAPPY BIRTHDAY,950,968.37,173,1664,1283,0.0091,False
360,21058,PARTY INVITES WOODLAND,1157,968.21,122,1665,1138,0.0091,False
1523,22599,CHRISTMAS MUSICAL ZINC STAR,1953,967.76,123,1666,736,0.0091,False
2086,23183,MOTHER'S KITCHEN SPOON REST,226,967.17,84,1667,2262,0.0091,False
582,21389,IVORY HANGING DECORATION  BIRD,1116,966.78,128,1668,1163,0.0091,False
2733,47504H,ENGLISH ROSE SPIRIT LEVEL,978,964.38,118,1669,1256,0.0091,False
2800,70007,HI TEC ALPINE HAND WARMER,845,962.96,107,1670,1380,0.009,False
1195,22246,MAGIC GARDEN FELT GARLAND,431,962.77,90,1671,1864,0.009,False
1467,22540,MINI JIGSAW CIRCUS PARADE,2519,960.86,91,1672,559,0.009,False
1168,22210,WOOD STAMP SET BEST WISHES,1019,959.7,187,1673,1222,0.009,False
260,20846,ZINC HEART LATTICE T-LIGHT HOLDER,717,958.57,88,1674,1506,0.009,False
1905,22994,TRAVEL CARD WALLET RETROSPOT,2197,958.2,218,1675,652,0.009,False
194,20733,GOLD MINI TAPE MEASURE,1236,958.06,205,1676,1083,0.009,False
1210,22262,FELT EGG COSY CHICKEN,1027,953.86,137,1677,1217,0.009,False
3328,84913A,SOFT PINK ROSE TOWEL,273,952.83,124,1678,2155,0.0089,False
3267,84819,DANISH ROSE ROUND SEWING BOX,811,951.79,62,1679,1422,0.0089,False
3085,84509G,SET OF 4 FAIRY CAKE PLACEMATS,517,950.49,66,1680,1740,0.0089,False
3144,84596G,SMALL CHOCOLATES PINK BOWL,1857,949.92,245,1681,785,0.0089,False
773,21683,MEDIUM MEDINA STAMPED METAL BOWL,310,948.7,58,1682,2076,0.0089,False
2418,23540,WALL ART THE MAGIC FOREST,150,947.06,14,1683,2502,0.0089,False
799,21717,EASTER TIN BUCKET,408,946.93,41,1684,1909,0.0089,False
26,15044B,BLUE PAPER PARASOL,321,946.83,60,1685,2060,0.0089,False
2766,47593B,SCOTTIE DOGS BABY BIB,1987,946.13,245,1686,720,0.0089,False
1218,22270,HAPPY EASTER HANGING DECORATION,244,945.95,53,1687,2228,0.0089,False
2081,23178,JAM CLOCK MAGNET,330,943.92,68,1688,2037,0.0089,False
1096,22132,RED LOVE HEART SHAPE CUP,1038,939.03,154,1689,1208,0.0088,False
2558,35646,VINTAGE BEAD PINK EVENING BAG,619,937.25,94,1690,1613,0.0088,False
1229,22281,EASTER TREE YELLOW BIRDS,132,935.39,63,1691,2565,0.0088,False
202,20752,BLUE POLKADOT WASHING UP GLOVES,414,935.15,148,1692,1892,0.0088,False
165,20686,DOLLY MIXTURE CHILDREN'S UMBRELLA,270,932.42,77,1693,2161,0.0088,False
635,21462,"NURSERY A,B,C PAINTED LETTERS",198,932.4,73,1694,2343,0.0088,False
1806,22893,MINI CAKE STAND T-LIGHT HOLDER,1872,931.02,142,1695,778,0.0087,False
772,21682,LARGE MEDINA STAMPED METAL BOWL,182,930.96,55,1696,2394,0.0087,False
2082,23179,CLOCK MAGNET MUM'S KITCHEN,324,930.48,53,1697,2047,0.0087,False
2294,23413,VINTAGE COFFEE GRINDER BOX,177,929.11,58,1698,2413,0.0087,False
1015,22046,TEA PARTY  WRAPPING PAPER,2250,929.0,75,1699,638,0.0087,False
1069,22103,MIRROR MOSAIC T-LIGHT HOLDER ROUND,1260,928.04,26,1700,1065,0.0087,False
3616,85185B,PINK HORSE SOCK PUPPET,306,926.94,71,1701,2084,0.0087,False
2003,23099,FRENCH CARRIAGE LANTERN,137,925.35,58,1702,2547,0.0087,False
1913,23002,TRAVEL CARD WALLET SKULLS,2145,925.29,192,1703,668,0.0087,False
3528,85103,SILVER T-LIGHT SETTING,143,924.29,28,1704,2529,0.0087,False
1621,22701,PINK DOG BOWL,549,922.89,115,1705,1700,0.0087,False
115,17091J,VANILLA INCENSE IN TIN,2084,920.67,95,1706,686,0.0086,False
852,21802,CHRISTMAS TREE HEART DECORATION,2125,920.4,180,1707,673,0.0086,False
3540,85114C,RED ENCHANTED FOREST PLACEMAT,516,920.22,75,1708,1742,0.0086,False
2853,72799E,IVORY PILLAR CANDLE SILVER FLOCK,452,919.94,76,1709,1840,0.0086,False
842,21786,POLKADOT RAIN HAT,1940,918.25,226,1710,743,0.0086,False
2228,23338,EGG FRYING PAN RED,431,915.4,109,1711,1864,0.0086,False
3453,85034A,3 GARDENIA MORRIS BOXED CANDLES,501,915.15,74,1712,1764,0.0086,False
2955,82001s,SILVER RECORD COVER FRAME,122,910.12,27,1713,2603,0.0085,False
2351,23472,NINE DRAWER OFFICE TIDY,59,909.37,33,1714,2912,0.0085,False
921,21894,POTTING SHED SEED ENVELOPES,597,908.33,130,1715,1631,0.0085,False
1915,23004,TRAVEL CARD WALLET PANTRY,2011,906.94,221,1716,714,0.0085,False
2665,37501,TEA TIME TEA SET IN GIFT BOX,133,906.83,49,1717,2562,0.0085,False
1447,22519,CHILDS GARDEN BRUSH PINK,411,906.75,88,1718,1901,0.0085,False
3092,84519A,TOMATO CHARLIE+LOLA COASTER SET,512,905.55,88,1719,1745,0.0085,False
3538,85114B,IVORY ENCHANTED FOREST PLACEMAT,478,904.14,77,1720,1793,0.0085,False
2410,23532,WALL ART WORK REST AND PLAY,210,901.58,31,1721,2313,0.0085,False
3559,85131A,BEADED PEARL HEART WHITE ON STICK,996,901.48,119,1722,1242,0.0085,False
1084,22118,JOY WOODEN BLOCK LETTERS,232,901.46,89,1723,2250,0.0085,False
1072,22106,MIRROR MOSAIC HURRICANE LAMP,349,898.38,47,1724,1997,0.0084,False
638,21465,PINK FLOWER CROCHET FOOD COVER,237,897.8,79,1725,2241,0.0084,False
1225,22277,COSMETIC BAG VINTAGE ROSE PAISLEY,417,897.74,100,1726,1887,0.0084,False
1602,22682,FRENCH BLUE METAL DOOR SIGN 7,677,896.75,113,1727,1550,0.0084,False
2380,23502,PLAYING CARDS VINTAGE DOILY,714,896.41,94,1728,1509,0.0084,False
730,21631,HIPPY CHIC DECORATIVE PARASOL,169,896.01,27,1729,2442,0.0084,False
1848,22936,BAKING MOULD ROSE WHITE CHOCOLATE,279,895.97,50,1730,2143,0.0084,False
1639,22719,GUMBALL MONOCHROME COAT RACK,620,895.72,109,1731,1611,0.0084,False
732,21633,SUNFLOWER DECORATIVE PARASOL,125,895.46,42,1732,2590,0.0084,False
1680,22761,CHEST 7 DRAWER MA CAMPAGNE,36,895.38,26,1733,3091,0.0084,False
1730,22814,CARD PARTY GAMES,2141,893.51,235,1734,670,0.0084,False
1200,22251,BIRDHOUSE DECORATION MAGIC GARDEN,714,891.99,137,1735,1509,0.0084,False
818,21743,STAR PORTABLE TABLE LIGHT,300,890.6,49,1736,2101,0.0084,False
3270,84823,DANISH ROSE FOLDING CHAIR,112,890.4,25,1737,2632,0.0084,False
442,21189,WHITE HONEYCOMB PAPER GARLAND,355,888.67,72,1738,1987,0.0083,False
451,21199,PINK  HEART CONFETTI IN TUBE,966,888.33,78,1739,1270,0.0083,False
3107,84536B,FAIRY CAKES NOTEBOOK A7 SIZE,2102,888.14,178,1740,681,0.0083,False
460,21209,MULTICOLOUR HONEYCOMB FAN,1224,886.24,89,1741,1092,0.0083,False
1452,22524,CHILDRENS GARDEN GLOVES BLUE,642,883.2,81,1742,1588,0.0083,False
2707,46776F,WOVEN ROSE GARDEN CUSHION COVER,210,883.12,89,1743,2313,0.0083,False
1263,22317,FIVE CATS HANGING DECORATION,287,882.62,89,1744,2127,0.0083,False
1267,22321,BIRD DECORATION RED RETROSPOT,917,881.33,132,1745,1318,0.0083,False
3603,85176,SEWING SUSAN 21 NEEDLE SET,918,880.47,172,1746,1316,0.0083,False
2358,23479,WIRE EGG BASKET,114,880.23,44,1747,2627,0.0083,False
3408,84997a,CHILDRENS CUTLERY POLKADOT GREEN,106,878.74,65,1748,2653,0.0082,False
2995,84030e,ENGLISH ROSE HOT WATER BOTTLE,108,877.76,41,1749,2642,0.0082,False
1254,22308,TEA COSY BLUE STRIPE,250,877.38,105,1750,2214,0.0082,False
2304,23423,PANTRY 3 HOOK ROLLING PIN HANGER,219,876.9,66,1751,2286,0.0082,False
782,21695,SMALL SILVER FLOWER CANDLE POT,290,875.38,41,1752,2119,0.0082,False
591,21399,BLUE POLKADOT COFFEE MUG,2066,874.29,71,1753,693,0.0082,False
1288,22343,PARTY PIZZA DISH RED RETROSPOT,1977,873.9,94,1754,726,0.0082,False
1490,22565,FELTCRAFT HAIRBANDS PINK AND WHITE,934,873.52,148,1755,1305,0.0082,False
1603,22683,FRENCH BLUE METAL DOOR SIGN 8,644,871.49,119,1756,1583,0.0082,False
3494,85049H,URBAN BLACK RIBBONS,849,870.35,184,1757,1378,0.0082,False
2122,23220,REINDEER HEART DECORATION GOLD,994,869.98,103,1758,1245,0.0082,False
455,21204,DAISIES  HONEYCOMB GARLAND,499,868.44,85,1759,1766,0.0082,False
791,21708,FOLDING UMBRELLA CREAM POLKADOT,191,868.06,64,1760,2372,0.0081,False
1034,22068,BLACK PIRATE TREASURE CHEST,531,863.38,143,1761,1720,0.0081,False
556,21359,RELAX LARGE WOOD LETTERS,130,860.23,29,1762,2576,0.0081,False
3286,84849D,HOT BATHS SOAP HOLDER,494,859.0,114,1763,1771,0.0081,False
911,21880,RED RETROSPOT TAPE,1903,858.78,240,1764,767,0.0081,False
3571,85135C,RED DRAGONFLY HELICOPTER,106,856.38,67,1765,2653,0.008,False
873,21823,PAINTED METAL HEART WITH HOLLY BELL,1373,854.74,97,1766,995,0.008,False
3612,85183A,CHARLIE & LOLA WASTEPAPER BIN BLUE,667,852.04,86,1767,1557,0.008,False
3103,84535B,FAIRY CAKES NOTEBOOK A6 SIZE,1332,850.2,155,1768,1024,0.008,False
2989,84006,MAGIC TREE -PAPER FLOWERS,919,849.55,105,1769,1314,0.008,False
1626,22706,WRAP COWBOYS,2057,847.94,71,1770,700,0.008,False
1071,22105,MIRROR MOSAIC GOBLET CANDLE HOLDER,574,847.82,33,1771,1667,0.008,False
1464,22537,MAGIC DRAWING SLATE DINOSAUR,1931,844.84,171,1772,753,0.0079,False
1776,22862,LOVE HEART NAPKIN BOX,175,843.95,66,1773,2419,0.0079,False
2441,23564,EGG CUP MILKMAID INGRID,644,841.31,76,1774,1583,0.0079,False
1123,22162,HEART GARLAND RUSTIC PADDED,264,841.24,91,1775,2176,0.0079,False
2429,23551,PACK OF 12 PAISLEY PARK TISSUES,1843,841.01,136,1776,792,0.0079,False
2618,37327,ASSTD MULTICOLOUR CIRCLES MUG,1579,840.47,81,1777,901,0.0079,False
257,20839,FRENCH PAISLEY CUSHION COVER,575,840.44,105,1778,1665,0.0079,False
781,21694,SMALL REGAL  SILVER CANDLEPOT,307,840.33,24,1779,2082,0.0079,False
22,15034,PAPER POCKET TRAVELING FAN,6591,840.02,138,1780,174,0.0079,False
1224,22276,WASH BAG VINTAGE ROSE PAISLEY,290,838.86,85,1781,2119,0.0079,False
1202,22254,FELT TOADSTOOL LARGE,657,836.8,61,1782,1569,0.0079,False
404,21125,SET 6 FOOTBALL CELEBRATION CANDLES,660,834.73,103,1783,1565,0.0078,False
325,20986,BLUE CALCULATOR RULER,657,833.49,113,1784,1569,0.0078,False
1512,22587,FELTCRAFT HAIRBAND RED AND BLUE,921,833.07,161,1785,1312,0.0078,False
1174,22217,T-LIGHT HOLDER HANGING LACE,840,832.51,82,1786,1385,0.0078,False
1068,22102,MIRROR MOSAIC T-LIGHT HOLDER,1622,831.84,31,1787,880,0.0078,False
740,21642,ASSORTED TUTTI FRUTTI PEN,2472,831.02,101,1788,573,0.0078,False
854,21804,WHITE CHRISTMAS GARLAND STARS TREES,225,830.03,65,1789,2266,0.0078,False
1388,22454,MEASURING TAPE BABUSHKA RED,290,827.82,41,1790,2119,0.0078,False
1286,22341,LOVE GARLAND PAINTED ZINC,453,827.63,78,1791,1836,0.0078,False
1198,22249,DECORATION WHITE CHICK MAGIC GARDEN,944,826.46,145,1792,1290,0.0078,False
1927,23017,APOTHECARY MEASURING JAR,67,826.28,22,1793,2866,0.0078,False
522,21294,ETCHED GLASS COASTER,1618,825.49,71,1794,884,0.0077,False
1059,22093,MOTORING TISSUE BOX,1835,824.08,160,1795,796,0.0077,False
3624,85194L,HANGING SPRING FLOWER EGG LARGE,948,823.74,73,1796,1287,0.0077,False
932,21905,MORE BUTTER METAL SIGN,761,823.71,160,1797,1467,0.0077,False
2885,72818,CHRISTMAS DECOUPAGE CANDLE,1845,821.98,76,1798,791,0.0077,False
519,21291,SMALL POLKADOT CHOCOLATE GIFT BAG,943,819.64,52,1799,1292,0.0077,False
2089,23186,FRENCH STYLE STORAGE JAR CAFE,1982,819.46,70,1800,722,0.0077,False
2214,23324,RUSTIC STRAWBERRY JAM POT LARGE,399,816.04,44,1801,1925,0.0077,False
2009,23106,ZINC HEARTS PLANT POT HOLDER,291,815.59,53,1802,2117,0.0077,False
3591,85169A,IVORY LOVE BIRD CANDLE,812,813.02,88,1803,1420,0.0076,False
3481,85049a,TRADITIONAL CHRISTMAS RIBBONS,244,812.84,36,1804,2228,0.0076,False
2928,79191C,RETRO PLASTIC ELEPHANT TRAY,1105,812.53,65,1805,1168,0.0076,False
1932,23022,SMALL BONNE JAM JAR  T-LIGHT HOLDER,422,808.16,22,1806,1879,0.0076,False
845,21789,KIDS RAIN MAC PINK,928,806.2,92,1807,1309,0.0076,False
3079,84509B,SET OF 4 FAIRY CAKE PLACEMATS,217,806.04,79,1808,2292,0.0076,False
1065,22099,CARAVAN SQUARE TISSUE BOX,1446,804.65,153,1809,959,0.0076,False
1216,22268,DECORATION SITTING BUNNY,2011,804.04,158,1810,714,0.0075,False
2919,79160,HEART SHAPE WIRELESS DOORBELL,447,802.13,49,1811,1850,0.0075,False
2290,23409,PHOTO FRAME LINEN AND LACE LARGE,215,801.68,43,1812,2299,0.0075,False
1625,22705,WRAP GREEN PEARS,1908,801.36,77,1813,762,0.0075,False
1472,22546,MINI JIGSAW PURDEY,2104,800.4,86,1814,680,0.0075,False
3598,85170D,SET/6 PINK BIRD T-LIGHT CANDLES,451,796.99,100,1815,1841,0.0075,False
2366,23487,SWEET HEART CAKE CARRIER,80,795.58,44,1816,2777,0.0075,False
3458,85035A,GARDENIA 3 WICK MORRIS BOXED CANDLE,279,795.05,81,1817,2143,0.0075,False
3600,85173,SET/6 FROG PRINCE T-LIGHT CANDLES,479,795.02,86,1818,1790,0.0075,False
1491,22566,FELTCRAFT HAIRBAND PINK AND PURPLE,879,794.88,150,1819,1347,0.0075,False
426,21162,TOXIC AREA  DOOR HANGER,1465,794.15,162,1820,946,0.0075,False
2399,23521,WALL ART CAT AND BIRD,413,793.37,44,1821,1895,0.0074,False
2225,23335,EGG FRYING PAN IVORY,378,792.86,96,1822,1951,0.0074,False
2397,23519,EMBROIDERED RIBBON REEL CLAIRE,224,792.31,24,1823,2272,0.0074,False
1285,22340,NOEL GARLAND PAINTED ZINC,1411,792.28,128,1824,973,0.0074,False
663,21504,SKULLS GREETING CARD,1915,788.97,115,1825,758,0.0074,False
2445,23568,EGG CUP HENRIETTA HEN CREAM,630,787.52,48,1826,1600,0.0074,False
770,21680,WOODLAND  STICKERS,868,786.31,103,1827,1356,0.0074,False
3036,84279B,CHERRY BLOSSOM DECORATIVE FLASK,195,785.95,69,1828,2354,0.0074,False
2018,23115,RED APPLES CHOPPING BOARD,155,785.17,45,1829,2490,0.0074,False
503,21272,SALLE DE BAIN HOOK,553,783.82,103,1830,1696,0.0074,False
422,21158,MOODY GIRL DOOR HANGER,1474,783.82,170,1830,943,0.0074,False
3588,85163B,BLACK BAROQUE WALL CLOCK,84,783.68,36,1832,2759,0.0074,False
1446,22518,CHILDS GARDEN BRUSH BLUE,363,783.54,81,1833,1976,0.0074,False
3171,84660A,WHITE STITCHED WALL CLOCK,843,783.45,42,1834,1383,0.0074,False
3581,85159A,"BLACK TEA,COFFEE,SUGAR JARS",453,783.35,47,1835,1836,0.0074,False
1605,22685,FRENCH BLUE METAL DOOR SIGN 0,594,780.8,99,1836,1636,0.0073,False
1385,22451,SILK PURSE BABUSHKA RED,223,779.15,51,1837,2275,0.0073,False
1183,22228,BUNNY WOODEN PAINTED WITH BIRD,1001,778.63,147,1838,1235,0.0073,False
979,21983,PACK OF 12 BLUE PAISLEY TISSUES,2301,777.67,155,1839,625,0.0073,False
3656,85231B,CINAMMON SET OF 9 T-LIGHTS,868,777.58,151,1840,1356,0.0073,False
3448,85032A,ROMANTIC IMAGES GIFT WRAP SET,790,777.14,135,1841,1447,0.0073,False
1356,22422,TOOTHPASTE TUBE PEN,1274,776.75,205,1842,1057,0.0073,False
3076,84509a,SET OF 4 ENGLISH ROSE PLACEMATS,104,775.84,68,1843,2665,0.0073,False
1511,22586,FELTCRAFT HAIRBAND PINK AND BLUE,856,774.55,161,1844,1371,0.0073,False
3093,84519B,CARROT CHARLIE+LOLA COASTER SET,472,774.55,126,1844,1805,0.0073,False
1450,22522,CHILDS GARDEN FORK BLUE,932,774.29,128,1846,1308,0.0073,False
377,21084,SET/6 COLLAGE PAPER CUPS,2610,773.14,181,1847,541,0.0073,False
949,21927,BLUE/CREAM STRIPE CUSHION COVER,623,771.15,99,1848,1605,0.0072,False
717,21618,4 WILDFLOWER BOTANICAL CANDLES,406,770.87,91,1849,1912,0.0072,False
1097,22133,PINK LOVE HEART SHAPE CUP,816,770.73,133,1850,1411,0.0072,False
3152,84609,TALL ROCOCO CANDLE HOLDER,93,770.59,20,1851,2721,0.0072,False
1201,22252,BIRDCAGE DECORATION TEALIGHT HOLDER,650,770.32,67,1852,1577,0.0072,False
3549,85125,SMALL ROUND CUT GLASS CANDLESTICK,163,770.29,33,1853,2460,0.0072,False
676,21530,DAIRY MAID TOASTRACK,777,769.57,104,1854,1457,0.0072,False
2043,23140,TRIPLE WIRE HOOK IVORY HEART,182,766.1,52,1855,2394,0.0072,False
994,22025,RING OF ROSES BIRTHDAY CARD,1847,766.09,130,1856,789,0.0072,False
1917,23006,TRAVEL CARD WALLET FLOWER MEADOW,1764,765.27,173,1857,826,0.0072,False
1705,22786,CUSHION COVER PINK UNION JACK,123,764.63,47,1858,2598,0.0072,False
790,21707,FOLDING UMBRELLA BLACKBLUE POLKADOT,160,763.66,74,1859,2472,0.0072,False
2428,23550,WRAP ALPHABET POSTER,1855,763.1,64,1860,787,0.0072,False
2337,23458,DOLLY CABINET 3 DRAWERS,51,762.45,30,1861,2969,0.0072,False
3640,85212,MINI PAINTED GARDEN DECORATION,2476,761.4,79,1862,571,0.0071,False
1935,23025,DRAWER KNOB VINTAGE GLASS BALL,350,760.8,54,1863,1995,0.0071,False
3556,85130B,BEADED CRYSTAL HEART GREEN LARGE,834,760.43,62,1864,1392,0.0071,False
2026,23123,COCKTAIL SWORDS 50 PIECES,936,760.4,95,1865,1303,0.0071,False
111,17084R,ASSORTED INCENSE PACK,4032,760.32,27,1866,332,0.0071,False
516,21287,SCENTED VELVET LOUNGE CANDLE,1790,760.15,55,1867,813,0.0071,False
2,10002,INFLATABLE POLITICAL GLOBE,860,759.89,71,1868,1365,0.0071,False
872,21822,GLITTER CHRISTMAS TREE WITH BELLS,740,759.44,97,1869,1484,0.0071,False
3464,85036A,GARDENIA 1 WICK MORRIS BOXED CANDLE,223,759.35,60,1870,2275,0.0071,False
1672,22753,SMALL YELLOW BABUSHKA NOTEBOOK,1011,758.98,217,1871,1228,0.0071,False
2172,23282,FOLDING BUTTERFLY MIRROR IVORY,812,757.86,135,1872,1420,0.0071,False
1411,22480,RED TEA TOWEL CLASSIC DESIGN,631,757.21,73,1873,1599,0.0071,False
579,21383,PACK OF 12 STICKY BUNNIES,998,755.83,167,1874,1240,0.0071,False
1281,22336,DOVE DECORATION PAINTED ZINC,2383,754.41,79,1875,602,0.0071,False
3329,84913B,MINT GREEN ROSE TOWEL,196,754.07,86,1876,2350,0.0071,False
2333,23454,THREE MINI HANGING FRAMES,179,753.95,52,1877,2408,0.0071,False
2125,23223,CHRISTMAS TREE HANGING SILVER,803,751.85,88,1878,1428,0.0071,False
1424,22495,SET OF 2 ROUND TINS CAMEMBERT,283,751.77,98,1879,2140,0.0071,False
1451,22523,CHILDS GARDEN FORK PINK,865,751.66,135,1880,1362,0.0071,False
2027,23124,18PC WOODEN CUTLERY SET DISPOSABLE,567,751.38,43,1881,1677,0.0071,False
198,20748,KENSINGTON COFFEE SET,57,751.17,34,1882,2920,0.007,False
405,21126,SET OF 6 GIRLS CELEBRATION CANDLES,593,750.2,126,1883,1640,0.007,False
3231,84763,ZINC FINISH 15CM PLANTER POTS,601,748.34,57,1884,1627,0.007,False
1412,22481,BLACK TEA TOWEL CLASSIC DESIGN,827,748.08,128,1885,1397,0.007,False
1268,22322,BIRD DECORATION GREEN POLKADOT,820,747.81,139,1886,1407,0.007,False
3449,85032B,BLOSSOM IMAGES GIFT WRAP SET,798,747.79,133,1887,1435,0.007,False
465,21215,IVORY PAPER CUP CAKE CASES,1089,745.45,124,1888,1179,0.007,False
1206,22258,FELT FARM ANIMAL RABBIT,912,743.89,77,1889,1323,0.007,False
1262,22316,200 BENDY SKULL STRAWS,661,743.62,55,1890,1563,0.007,False
741,21643,ASSORTED TUTTI FRUTTI MIRROR,550,743.31,60,1891,1699,0.007,False
1330,22393,PAPERWEIGHT VINTAGE COLLAGE,512,741.98,71,1892,1745,0.007,False
2215,23325,RUSTIC STRAWBERRY JAM POT SMALL,462,740.94,35,1893,1821,0.007,False
1063,22097,SWALLOW SQUARE TISSUE BOX,1610,739.57,145,1894,888,0.0069,False
1212,22264,FELT FARM ANIMAL WHITE BUNNY,1563,738.68,96,1895,908,0.0069,False
2017,23114,VINTAGE LEAF CHOPPING BOARD,149,737.95,45,1896,2506,0.0069,False
767,21677,HEARTS  STICKERS,835,737.84,119,1897,1390,0.0069,False
2904,79030G,TUMBLER NEW ENGLAND,1409,735.83,67,1898,975,0.0069,False
3173,84660B,BLACK STITCHED WALL CLOCK,709,734.86,40,1899,1515,0.0069,False
2316,23435,3 RAFFIA RIBBONS VINTAGE CHRISTMAS,827,734.79,99,1900,1397,0.0069,False
1199,22250,DECORATION  BUTTERFLY  MAGIC GARDEN,821,732.65,147,1901,1405,0.0069,False
1336,22400,MAGNETS PACK OF 4 HOME SWEET HOME,1400,731.82,150,1902,978,0.0069,False
2870,72803A,ROSE SCENT CANDLE JEWELLED DRAWER,531,730.97,41,1903,1720,0.0069,False
1737,22821,GIFT BAG PSYCHEDELIC APPLES,1183,730.47,139,1904,1113,0.0069,False
2440,23562,SET OF 6 RIBBONS PERFECTLY PRETTY,253,730.37,43,1905,2200,0.0069,False
590,21398,RED POLKADOT COFFEE  MUG,1532,729.6,63,1906,922,0.0068,False
1770,22856,ASSORTED EASTER DECORATIONS  BELLS,569,729.57,27,1907,1672,0.0068,False
3995,90200D,PINK SWEETHEART BRACELET,176,729.57,78,1907,2416,0.0068,False
1604,22684,FRENCH BLUE METAL DOOR SIGN 9,533,728.57,98,1909,1717,0.0068,False
327,20996,JAZZ HEARTS ADDRESS BOOK,3194,727.46,225,1910,439,0.0068,False
2400,23522,WALL ART DOG AND BALL,354,727.44,32,1911,1988,0.0068,False
1638,22718,CARD CAT AND TREE,1657,727.31,168,1912,864,0.0068,False
3227,84754,S/15 SILVER GLASS BAUBLES IN BAG,558,725.52,62,1913,1689,0.0068,False
914,21883,STARS GIFT TAPE,1653,725.42,133,1914,868,0.0068,False
3562,85131D,BEADED CRYSTAL HEART PINK ON STICK,850,725.26,206,1915,1377,0.0068,False
2697,46775D,SUNSET COLOUR CHUNKY KNITTED THROW,60,720.93,39,1916,2904,0.0068,False
1235,22287,DECORATION WOBBLY CHICKEN,796,720.16,80,1917,1438,0.0068,False
3450,85032C,CURIOUS IMAGES GIFT WRAP SET,685,719.84,140,1918,1545,0.0068,False
2911,79067,CORONA MEXICAN TRAY,172,719.69,38,1919,2428,0.0068,False
2124,23222,CHRISTMAS TREE HANGING GOLD,799,718.53,75,1920,1434,0.0067,False
729,21630,FLOOR CUSHION ELEPHANT CARNIVAL,69,718.14,35,1921,2852,0.0067,False
3132,84581,DOG TOY WITH PINK CROCHET SKIRT,189,717.21,90,1922,2374,0.0067,False
995,22026,BANQUET BIRTHDAY  CARD,1656,717.12,160,1923,866,0.0067,False
837,21775,DECORATIVE FLORE BATHROOM BOTTLE,515,716.86,139,1924,1743,0.0067,False
1160,22201,FRYING PAN BLUE POLKADOT,193,716.8,87,1925,2362,0.0067,False
1951,23042,PAPER LANTERN 7 POINT SNOW STAR,103,711.51,28,1926,2671,0.0067,False
273,20866,BLUE ROSE FABRIC MIRROR,598,710.95,90,1927,1629,0.0067,False
3265,84817,DANISH ROSE DECORATIVE PLATE,951,710.64,55,1928,1281,0.0067,False
735,21636,MADRAS NOTEBOOK MEDIUM,919,709.66,73,1929,1314,0.0067,False
1977,23070,EDWARDIAN HEART PHOTO FRAME,160,709.54,44,1930,2472,0.0067,False
414,21143,ANTIQUE GLASS HEART DECORATION,328,709.18,36,1931,2039,0.0067,False
815,21739,COSY SLIPPER SHOES SMALL GREEN,256,708.98,111,1932,2193,0.0067,False
518,21289,LARGE STRIPES CHOCOLATE GIFT BAG,567,708.75,49,1933,1677,0.0067,False
1442,22514,CHILDS GARDEN SPADE BLUE,303,706.55,99,1934,2094,0.0066,False
1892,22981,PANTRY APPLE CORER,472,705.58,105,1935,1805,0.0066,False
553,21356,TOAST ITS - FAIRY FLOWER,643,704.55,151,1936,1586,0.0066,False
82,16235,RECYCLED PENCIL WITH RABBIT ERASER,3104,702.96,168,1937,452,0.0066,False
388,21106,CREAM SLICE FLANNEL CHOCOLATE SPOT,237,702.51,53,1938,2241,0.0066,False
2922,79164,BLACK WINE GLASS,1672,699.96,19,1939,861,0.0066,False
648,21476,STEEL SWEETHEART ROUND TABLE CREAM,41,699.63,24,1940,3042,0.0066,False
459,21208,PASTEL COLOUR HONEYCOMB FAN,940,697.77,83,1941,1296,0.0065,False
177,20704,MR ROBOT SOFT TOY,216,697.7,44,1942,2296,0.0065,False
3488,85049D,BRIGHT BLUES RIBBONS,549,697.49,107,1943,1700,0.0065,False
3512,85078,SCANDINAVIAN 3 HEARTS NAPKIN RING,1932,696.8,124,1944,752,0.0065,False
2023,23120,PACK OF 6 SMALL FRUIT STRAWS,1716,695.41,100,1945,844,0.0065,False
3203,84707A,SILVER JEWELLED MIRROR TRINKET TRAY,95,695.23,45,1946,2708,0.0065,False
2090,23187,FRENCH STYLE STORAGE JAR BONBONS,2338,695.06,74,1947,615,0.0065,False
368,21066,VINTAGE RED MUG,703,694.72,54,1948,1525,0.0065,False
3175,84660C,PINK STITCHED WALL CLOCK,661,693.32,45,1949,1563,0.0065,False
746,21650,ASSORTED TUTTI FRUTTI BRACELET,2550,692.85,132,1950,553,0.0065,False
81,16225,RATTLE SNAKE EGGS,815,691.85,102,1951,1413,0.0065,False
2599,35923,CANDY HEART HANGING DECORATION,1318,690.52,62,1952,1032,0.0065,False
783,21696,SMALL SILVER TRELLIS CANDLEPOT,230,690.1,33,1953,2254,0.0065,False
1338,22403,MAGNETS PACK OF 4 VINTAGE LABELS,1323,689.67,125,1954,1030,0.0065,False
530,21317,GLASS SPHERE CANDLE STAND MEDIUM,112,689.53,34,1955,2632,0.0065,False
2910,79066K,RETRO MOD TRAY,783,689.34,146,1956,1452,0.0065,False
3509,85071B,RED CHARLIE+LOLA PERSONAL DOORSIGN,1301,688.91,125,1957,1041,0.0065,False
1270,22324,BLUE POLKADOT KIDS BAG,286,688.3,74,1958,2131,0.0065,False
728,21629,SQUARE FLOOR CUSHION VINTAGE RED,73,687.95,42,1959,2827,0.0065,False
287,20902,VINTAGE KEEPSAKE BOX PARIS DAYS,112,686.86,56,1960,2632,0.0064,False
2459,23597,PAPER BUNTING PAISLEY PARK,251,684.97,31,1961,2209,0.0064,False
427,21163,DO NOT TOUCH MY STUFF DOOR HANGER,1201,684.62,127,1962,1104,0.0064,False
1284,22339,CHRISTMAS TREE PAINTED ZINC,2468,683.31,83,1963,575,0.0064,False
3431,85019B,BLOSSOM  IMAGES NOTEBOOK SET,512,682.97,36,1964,1745,0.0064,False
1028,22062,CERAMIC BOWL WITH LOVE HEART DESIGN,588,682.01,73,1965,1648,0.0064,False
2516,35001G,HAND OPEN SHAPE GOLD,199,681.59,30,1966,2339,0.0064,False
1100,22136,LOVE HEART SOCK HANGER,379,680.93,84,1967,1948,0.0064,False
2701,46776B,WOVEN BERRIES CUSHION COVER,161,679.67,88,1968,2470,0.0064,False
456,21205,MULTICOLOUR 3D BALLS GARLAND,253,677.19,68,1969,2200,0.0064,False
1722,22806,SET OF 6 T-LIGHTS WEDDING CAKE,260,677.04,38,1970,2187,0.0064,False
3169,84659A,WHITE TRAVEL ALARM CLOCK,280,676.27,89,1971,2142,0.0063,False
2309,23428,IVORY RETRO KITCHEN WALL CLOCK,77,675.91,33,1972,2803,0.0063,False
2668,40001,WHITE BAMBOO RIBS LAMPSHADE,821,675.23,56,1973,1405,0.0063,False
1215,22267,EASTER DECORATION EGG BUNNY,836,673.17,83,1974,1389,0.0063,False
549,21351,CINAMMON & ORANGE WREATH,104,672.88,34,1975,2665,0.0063,False
2762,47591d,PINK FAIRY CAKE CHILDRENS APRON,134,672.24,56,1976,2560,0.0063,False
495,21261,GREEN GOOSE FEATHER CHRISTMAS TREE,187,672.09,45,1977,2376,0.0063,False
2645,37475,SET/4 COLOURFUL MIXING BOWLS,71,671.93,43,1978,2842,0.0063,False
3337,84923,PINK BUTTERFLY HANDBAG W BOBBLES,162,671.62,98,1979,2464,0.0063,False
1541,22618,COOKING SET RETROSPOT,69,671.53,28,1980,2852,0.0063,False
1462,22535,MAGIC DRAWING SLATE BUNNIES,1766,671.01,134,1981,825,0.0063,False
1163,22204,MILK PAN BLUE POLKADOT,197,669.54,79,1982,2345,0.0063,False
1024,22057,CERAMIC PLATE STRAWBERRY DESIGN,584,667.92,61,1983,1653,0.0063,False
1934,23024,LARGE BONNE JAM JAR  T-LIGHT HOLDER,255,667.85,11,1984,2196,0.0063,False
2748,47574A,ENGLISH ROSE SCENTED HANGING FLOWER,549,665.95,114,1985,1700,0.0062,False
216,20767,BLUE PAISLEY JOURNAL,253,663.71,79,1986,2200,0.0062,False
3629,85199L,LARGE HANGING IVORY & RED WOOD BIRD,977,663.43,95,1987,1259,0.0062,False
712,21613,S/12 VANILLA  BOTANICAL T-LIGHTS,227,661.93,42,1988,2260,0.0062,False
2425,23547,WRAP FLOWER SHOP,1575,661.5,62,1989,904,0.0062,False
1384,22450,SILK PURSE BABUSHKA BLUE,195,661.11,58,1990,2354,0.0062,False
2361,23482,PEARLISED IVORY HEART LARGE,418,661.02,39,1991,1885,0.0062,False
1538,22615,PACK OF 12 CIRCUS PARADE TISSUES,2075,660.73,102,1992,690,0.0062,False
130,18098C,PORCELAIN BUTTERFLY OIL BURNER,213,658.75,49,1993,2305,0.0062,False
2833,72349b,SET/6 PURPLE BUTTERFLY T-LIGHTS,159,658.51,82,1994,2475,0.0062,False
1675,22756,LARGE YELLOW BABUSHKA NOTEBOOK,599,656.52,123,1995,1628,0.0062,False
1382,22448,PIN CUSHION BABUSHKA RED,201,656.43,45,1996,2330,0.0062,False
142,20658,RED RETROSPOT LUGGAGE TAG,434,653.36,105,1997,1862,0.0061,False
2699,46776A,WOVEN BUBBLE GUM CUSHION COVER,155,651.95,70,1998,2490,0.0061,False
440,21187,WHITE BELL HONEYCOMB PAPER GARLAND,371,651.75,48,1999,1962,0.0061,False
2126,23224,CHERUB HEART DECORATION GOLD,738,649.02,71,2000,1487,0.0061,False
1453,22525,CHILDRENS GARDEN GLOVES PINK,489,648.97,74,2001,1777,0.0061,False
1865,22953,BIRTHDAY PARTY CORDON BARRIER TAPE,502,647.11,98,2002,1763,0.0061,False
1460,22533,MAGIC DRAWING SLATE BAKE A CAKE,1787,646.49,88,2003,817,0.0061,False
1635,22715,CARD WEDDING DAY,1543,645.64,130,2004,914,0.0061,False
822,21747,SMALL SKULL WINDMILL,485,645.61,54,2005,1781,0.0061,False
1033,22067,CHOC TRUFFLE GOLD TRINKET POT,412,645.22,70,2006,1897,0.0061,False
3604,85177,BASKET OF FLOWERS SEWING KIT,813,645.06,63,2007,1415,0.0061,False
2289,23408,PHOTO FRAME LINEN AND LACE SMALL,310,644.8,59,2008,2076,0.0061,False
3234,84789,ENCHANTED BIRD PLANT CAGE,187,644.47,48,2009,2376,0.006,False
738,21640,ASSORTED TUTTI FRUTTI  FOB NOTEBOOK,662,644.03,78,2010,1560,0.006,False
104,17021,NAMASTE SWAGAT INCENSE,2427,643.14,47,2011,588,0.006,False
858,21808,"CHRISTMAS GARLAND STARS,TREES",181,641.58,48,2012,2399,0.006,False
1327,22389,PAPERWEIGHT SAVE THE PLANET,338,641.55,45,2013,2015,0.006,False
2568,35810A,ENAMEL PINK COFFEE CONTAINER,634,640.92,75,2014,1597,0.006,False
623,21446,12 RED ROSE PEG PLACE SETTINGS,457,640.92,105,2014,1831,0.006,False
3246,84800L,LARGE WHITE/PINK ROSE ART FLOWER,360,639.36,22,2016,1979,0.006,False
3350,84929,ASSTD FRUIT+FLOWERS FRIDGE MAGNETS,2412,637.56,65,2017,592,0.006,False
3575,85141,JARDIN ETCHED GLASS FRUITBOWL,124,635.74,39,2018,2595,0.006,False
2370,23492,VINTAGE JINGLE BELLS WREATH,76,635.38,28,2019,2810,0.006,False
357,21054,NURSE'S BAG SOFT TOY,70,634.53,29,2020,2847,0.006,False
1333,22396,MAGNETS PACK OF 4 RETRO PHOTO,1232,634.43,128,2021,1086,0.006,False
2335,23456,MEDIUM PARLOUR PICTURE FRAME,158,634.1,36,2022,2482,0.006,False
3009,84086C,PINK/PURPLE RETRO RADIO,222,634.07,53,2023,2280,0.006,False
840,21784,SHOE SHINE BOX,57,633.07,44,2024,2920,0.0059,False
258,20840,FRENCH FLORAL CUSHION COVER,533,632.32,74,2025,1717,0.0059,False
2332,23453,OVAL  MINI PORTRAIT FRAME,324,631.58,47,2026,2047,0.0059,False
2118,23216,LAUREL HEART ANTIQUE GOLD,525,630.73,44,2027,1730,0.0059,False
2832,72232,FENG SHUI PILLAR CANDLE,3317,630.23,65,2028,417,0.0059,False
3147,84596L,BISCUITS SMALL BOWL LIGHT BLUE,1255,629.8,172,2029,1070,0.0059,False
605,21417,COCKLE SHELL DISH,340,629.8,68,2029,2013,0.0059,False
1929,23019,SMALL APOTHECARY MEASURING JAR,81,629.05,28,2031,2769,0.0059,False
293,20932,PINK POT PLANT CANDLE,204,628.79,35,2032,2326,0.0059,False
1937,23027,DRAWER KNOB VINTAGE GLASS HEXAGON,295,627.95,30,2033,2113,0.0059,False
2350,23471,SIX DRAWER OFFICE TIDY,66,626.74,27,2034,2870,0.0059,False
2921,79163,BLACK CHAMPAGNE GLASS,1529,626.55,35,2035,923,0.0059,False
1484,22559,SEASIDE FLYING DISC,505,626.53,81,2036,1755,0.0059,False
196,20735,BLACK MINI TAPE MEASURE,623,625.8,112,2037,1605,0.0059,False
1153,22194,BLACK DINER WALL CLOCK,66,625.69,44,2038,2870,0.0059,False
897,21865,PINK UNION JACK  PASSPORT COVER,274,625.23,106,2039,2153,0.0059,False
3183,84665,SQUARE CHERRY BLOSSOM CABINET,105,624.75,17,2040,2662,0.0059,False
612,21426,WOODLAND STORAGE BOX SMALL,256,624.58,46,2041,2193,0.0059,False
1217,22269,EGG CUP NATURAL CHICKEN,933,622.74,125,2042,1307,0.0058,False
1004,22035,VINTAGE CARAVAN GREETING CARD,1464,622.36,137,2043,947,0.0058,False
774,21684,SMALL MEDINA STAMPED METAL BOWL,783,622.3,47,2044,1452,0.0058,False
1448,22520,CHILDS GARDEN TROWEL BLUE,719,622.1,113,2045,1504,0.0058,False
2306,23425,STORAGE TIN HOME SWEET HOME,275,621.44,56,2046,2149,0.0058,False
221,20772,GARDEN PATH JOURNAL,247,621.19,65,2047,2221,0.0058,False
2083,23180,MUM'S KITCHEN CLOCK,122,621.09,49,2048,2603,0.0058,False
1082,22116,METAL SIGN HIS DINNER IS SERVED,575,620.42,148,2049,1665,0.0058,False
3166,84637,KITCHEN FLOWER POTS WALL PLAQUE,116,619.59,83,2050,2621,0.0058,False
646,21473,SWEETHEART CREAM STEEL TABLE RECT,27,618.66,21,2051,3193,0.0058,False
1236,22288,HANGING METAL RABBIT DECORATION,475,618.2,58,2052,1799,0.0058,False
433,21171,BATHROOM METAL SIGN,438,613.14,73,2053,1859,0.0058,False
1928,23018,LARGE APOTHECARY MEASURING JAR,51,612.16,21,2054,2969,0.0057,False
1354,22420,LIPSTICK PEN BABY PINK,1334,611.72,126,2055,1022,0.0057,False
281,20893,HANGING BAUBLE T-LIGHT HOLDER SMALL,269,611.57,26,2056,2164,0.0057,False
213,20764,ABSTRACT CIRCLES SKETCHBOOK,144,610.81,76,2057,2521,0.0057,False
991,22021,BLUE FELT EASTER EGG BASKET,365,610.45,71,2058,1969,0.0057,False
3466,85036B,CHOCOLATE 1 WICK MORRIS BOX CANDLE,369,609.43,49,2059,1966,0.0057,False
1443,22515,CHILDS GARDEN SPADE PINK,266,608.95,84,2060,2171,0.0057,False
1303,22359,GLASS JAR KINGS CHOICE,184,608.72,81,2061,2389,0.0057,False
3597,85170C,SET/6 EAU DE NIL BIRD T-LIGHTS,335,608.53,72,2062,2022,0.0057,False
1188,22233,JIGSAW RABBIT AND BIRDHOUSE,597,607.73,105,2063,1631,0.0057,False
833,21769,VINTAGE POST OFFICE CABINET,11,607.65,2,2064,3471,0.0057,False
792,21709,FOLDING UMBRELLA CHOCOLATE POLKADOT,133,607.23,59,2065,2562,0.0057,False
2840,72598,SET/12 TAPER CANDLES,607,605.89,93,2066,1624,0.0057,False
3161,84625A,PINK NEW BAROQUECANDLESTICK CANDLE,478,605.48,42,2067,1793,0.0057,False
1187,22232,JIGSAW TOADSTOOLS 3 PIECE,690,604.46,83,2068,1538,0.0057,False
2398,23520,EMBROIDERED RIBBON REEL RUBY,168,604.3,32,2069,2447,0.0057,False
1203,22255,FELT TOADSTOOL  SMALL,629,602.63,77,2070,1601,0.0057,False
423,21159,MOODY BOY  DOOR HANGER,1127,602.18,124,2071,1158,0.0057,False
2615,35971,ROSE FOLKART HEART DECORATIONS,462,600.93,88,2072,1821,0.0056,False
625,21448,12 DAISY PEGS IN WOOD BOX,349,600.87,77,2073,1997,0.0056,False
3425,85017B,ENVELOPE 50 BLOSSOM IMAGES,1077,600.29,158,2074,1185,0.0056,False
337,21014,SWISS CHALET TREE DECORATION,1385,598.82,119,2075,988,0.0056,False
1214,22266,EASTER DECORATION HANGING BUNNY,1888,596.5,92,2076,771,0.0056,False
1565,22642,SET OF 4 NAPKIN CHARMS STARS,269,596.36,51,2077,2164,0.0056,False
97,17012B,ORIGAMI JASMINE INCENSE/CANDLE SET,525,595.85,85,2078,1730,0.0056,False
520,21292,SMALL STRIPES CHOCOLATE GIFT BAG,867,594.51,28,2079,1361,0.0056,False
2263,23377,PACK OF 12 DOLLY GIRL TISSUES,1354,593.62,133,2080,1009,0.0056,False
490,21253,SET OF PICTURE FRAME  STICKERS,135,593.37,62,2081,2555,0.0056,False
1196,22247,BUNNY DECORATION MAGIC GARDEN,670,593.14,113,2082,1555,0.0056,False
700,21581,SKULLS  DESIGN  COTTON TOTE BAG,252,590.67,79,2083,2206,0.0055,False
338,21015,DARK BIRD HOUSE TREE DECORATION,1485,590.13,142,2084,939,0.0055,False
1265,22319,HAIRCLIPS FORTIES FABRIC ASSORTED,1346,587.86,61,2085,1015,0.0055,False
2377,23499,SET 12 VINTAGE DOILY CHALK,1315,587.49,110,2086,1035,0.0055,False
3611,85180B,PINK HEARTS LIGHT CHAIN,271,587.2,48,2087,2159,0.0055,False
1062,22096,PINK PAISLEY SQUARE TISSUE BOX,1373,586.82,117,2088,995,0.0055,False
3576,85144,JARDIN ETCHED GLASS CHEESE DISH,222,586.6,41,2089,2280,0.0055,False
2442,23565,EGG CUP MILKMAID HELGA,410,586.31,63,2090,1905,0.0055,False
3223,84748,FOLK FELT HANGING MULTICOL GARLAND,208,585.86,61,2091,2316,0.0055,False
695,21576,LETS GO SHOPPING COTTON TOTE BAG,252,585.34,78,2092,2206,0.0055,False
1741,22825,DECORATIVE PLANT POT WITH FRIEZE,73,584.37,28,2093,2827,0.0055,False
1623,22703,PINK CAT BOWL,360,583.33,123,2094,1979,0.0055,False
3508,85071A,BLUE CHARLIE+LOLA PERSONAL DOORSIGN,1041,583.23,111,2095,1207,0.0055,False
3599,85172,HYACINTH BULB T-LIGHT CANDLES,1346,583.12,43,2096,1015,0.0055,False
252,20832,RED FLOCK LOVE HEART PHOTO FRAME,1091,582.03,82,2097,1176,0.0055,False
2415,23537,WALL ART I LOVE LONDON,111,581.13,34,2098,2637,0.0055,False
385,21096,SET/6 FRUIT SALAD  PAPER PLATES,1259,581.09,105,2099,1067,0.0055,False
3572,85136A,YELLOW SHARK HELICOPTER,72,580.36,53,2100,2833,0.0054,False
175,20702,PINK PADDED MOBILE,135,577.79,42,2101,2555,0.0054,False
1208,22260,FELT EGG COSY BLUE RABBIT,552,577.44,104,2102,1697,0.0054,False
3043,84352,SILVER CHRISTMAS TREE BAUBLE STAND,34,577.35,23,2103,3116,0.0054,False
498,21264,WHITE GOOSE FEATHER TREE 60CM,285,575.55,48,2104,2136,0.0054,False
1736,22820,GIFT BAG BIRTHDAY,940,575.42,77,2105,1296,0.0054,False
1926,23016,GLASS TWIST BON BON JAR,74,575.25,24,2106,2822,0.0054,False
2028,23125,6PC WOOD PLATE SET DISPOSABLE,459,574.88,38,2107,1827,0.0054,False
1282,22337,ANGEL DECORATION PAINTED ZINC,912,574.54,77,2108,1323,0.0054,False
765,21675,BUTTERFLIES STICKERS,634,573.36,110,2109,1597,0.0054,False
641,21468,BUTTERFLY CROCHET FOOD COVER,148,572.23,66,2110,2509,0.0054,False
506,21277,FRENCH STYLE EMBOSSED HEART CABINET,26,571.43,22,2111,3210,0.0054,False
2712,47310M,SMALL POP BOX FUNKY MONKEY,410,570.45,121,2112,1905,0.0054,False
2334,23455,SMALL PARLOUR PICTURE FRAME,207,569.43,35,2113,2319,0.0053,False
3558,85130D,BEADED CRYSTAL HEART PINK LARGE,565,569.29,62,2114,1682,0.0053,False
489,21251,DINOSAUR HEIGHT CHART STICKER SET,182,568.98,46,2115,2394,0.0053,False
1976,23069,EDWARDIAN PHOTO FRAME,90,568.71,32,2116,2736,0.0053,False
3586,85161,ACRYLIC GEOMETRIC LAMP,35,568.65,20,2117,3105,0.0053,False
2121,23219,LAUREL STAR ANTIQUE SILVER,430,568.6,61,2118,1867,0.0053,False
3240,84796A,PINK HAWAIIAN PICNIC HAMPER FOR 2,61,568.13,43,2119,2898,0.0053,False
2267,23381,PACK OF 12 VINTAGE LEAF TISSUES,1509,567.95,80,2120,931,0.0053,False
654,21488,RED WHITE SCARF  HOT WATER BOTTLE,69,566.17,16,2121,2852,0.0053,False
1413,22482,BLUE TEA TOWEL CLASSIC DESIGN,478,565.86,53,2122,1793,0.0053,False
1220,22272,FELTCRAFT DOLL MARIA,196,564.92,48,2123,2350,0.0053,False
3430,85019A,ROMANTIC IMAGES NOTEBOOK SET,414,564.35,33,2124,1892,0.0053,False
2166,23272,TREE T-LIGHT HOLDER WILLIE WINKIE,364,562.22,44,2125,1973,0.0053,False
3128,84569D,PACK 6 HEART/ICE-CREAM PATCHES,468,561.87,98,2126,1811,0.0053,False
469,21219,SET/4 BADGES BALLOON GIRL,448,561.84,89,2127,1848,0.0053,False
3451,85032D,YULETIDE IMAGES GIFT WRAP SET,687,561.34,93,2128,1543,0.0053,False
2808,71279,PINK GLASS CANDLEHOLDER,176,561.32,38,2129,2416,0.0053,False
3326,84912A,PINK ROSE WASHBAG,156,560.62,74,2130,2488,0.0053,False
3423,85016,SET OF 6 VINTAGE NOTELETS KIT,563,560.11,42,2131,1687,0.0053,False
3587,85163A,WHITE BAROQUE WALL CLOCK,66,559.0,32,2132,2870,0.0052,False
891,21849,SILVER DIAMANTE PEN IN GIFT BOX,175,558.83,66,2133,2419,0.0052,False
3438,85025B,EAU DE NILE HEART SHAPE PHOTO FRAME,331,558.42,38,2134,2035,0.0052,False
2330,23451,SQUARE MINI PORTRAIT FRAME,278,558.12,52,2135,2147,0.0052,False
446,21194,PINK  HONEYCOMB PAPER FAN,499,558.07,65,2136,1766,0.0052,False
3782,90062,CARNIVAL BRACELET,44,558.03,26,2137,3019,0.0052,False
755,21662,VINTAGE GLASS COFFEE CADDY,86,557.3,26,2138,2750,0.0052,False
3620,85187,S/12 MINI RABBIT EASTER,337,556.53,69,2139,2017,0.0052,False
1981,23074,EMBOSSED HEART TRINKET BOX,250,555.59,48,2140,2214,0.0052,False
2336,23457,LARGE PARLOUR PICTURE FRAME,113,554.83,31,2141,2629,0.0052,False
3360,84951B,SET OF 4 BLACK LOVEBIRD COASTERS,451,554.78,82,2142,1841,0.0052,False
119,17129F,BLUE GLASS GEMS IN BAG,588,553.83,57,2143,1648,0.0052,False
3359,84951A,SET OF 4 PISTACHIO LOVEBIRD COASTER,476,553.8,93,2144,1798,0.0052,False
2542,35599D,PINK AND WHITE CHRISTMAS TREE 120CM,201,553.07,34,2145,2330,0.0052,False
2352,23473,WOODLAND SMALL RED FELT HEART,679,552.85,51,2146,1549,0.0052,False
2740,47563A,RETRO LONGBOARD IRONING BOARD COVER,286,552.76,105,2147,2131,0.0052,False
737,21638,ASSORTED TUTTI FRUTTI NOTEBOOK,249,551.96,40,2148,2218,0.0052,False
2609,35965,FOLKART HEART NAPKIN RINGS,366,551.13,69,2149,1968,0.0052,False
2541,35599B,BLACK CHRISTMAS TREE 120CM,217,551.13,27,2149,2292,0.0052,False
99,17012D,ORIGAMI ROSE INCENSE/CANDLE SET,463,550.64,97,2151,1819,0.0052,False
1815,22903,CALENDAR FAMILY FAVOURITES,193,550.6,59,2152,2362,0.0052,False
589,21397,BLUE POLKADOT EGG CUP,1075,550.43,65,2153,1186,0.0052,False
1209,22261,FELT EGG COSY WHITE RABBIT,585,549.81,107,2154,1652,0.0052,False
2427,23549,WRAP BIRD GARDEN,1305,548.1,52,2155,1040,0.0051,False
2363,23484,HEART TRELLIS TRIPLE T-LIGHT HOLDER,185,547.35,35,2156,2383,0.0051,False
406,21128,GOLD FISHING GNOME,68,546.6,36,2157,2858,0.0051,False
3531,85107,CUT GLASS T-LIGHT HOLDER OCTAGON,251,546.49,27,2158,2209,0.0051,False
3150,84598,BOYS ALPHABET IRON ON PATCHES,1975,546.04,99,2159,729,0.0051,False
992,22023,EMPIRE BIRTHDAY CARD,1218,543.76,146,2160,1095,0.0051,False
1441,22513,DOORSTOP FOOTBALL DESIGN,153,543.65,67,2161,2494,0.0051,False
1952,23043,PAPER LANTERN 9 POINT HOLLY STAR L,81,543.51,23,2162,2769,0.0051,False
2279,23398,HANGING HEART BONHEUR,610,538.75,69,2163,1621,0.0051,False
1425,22496,SET OF 2 ROUND TINS DUTCH CHEESE,254,538.06,79,2164,2197,0.005,False
3162,84625C,BLUE NEW BAROQUE CANDLESTICK CANDLE,449,536.41,35,2165,1847,0.005,False
1637,22717,CARD DOG AND BALL,1229,535.78,131,2166,1088,0.005,False
2985,82613D,METAL SIGN CUPCAKE SINGLE HOOK,697,535.49,111,2167,1532,0.005,False
3516,85088,CANDY SPOT HAND BAG,259,534.83,51,2168,2188,0.005,False
2505,23660,HENRIETTA HEN MUG,306,534.66,42,2169,2084,0.005,False
3539,85114c,RED ENCHANTED FOREST PLACEMAT,162,534.66,35,2169,2464,0.005,False
1449,22521,CHILDS GARDEN TROWEL PINK,618,533.16,104,2171,1615,0.005,False
1469,22543,MINI JIGSAW BAKE A CAKE,1455,531.64,55,2172,954,0.005,False
101,17012F,ORIGAMI SANDLEWOOD INCENSE/CAND SET,448,530.6,94,2173,1848,0.005,False
2525,35241,ENAMEL BLUE RIM BISCUIT BIN,103,530.49,44,2174,2671,0.005,False
851,21801,CHRISTMAS TREE DECORATION WITH BELL,1251,530.26,125,2175,1073,0.005,False
502,21270,ANTIQUE CREAM CUTLERY CUPBOARD,50,530.19,36,2176,2978,0.005,False
2042,23139,SINGLE WIRE HOOK PINK HEART,415,530.15,27,2177,1889,0.005,False
2891,75131,METAL TUBE CHIME ON BAMBOO,490,529.21,15,2178,1775,0.005,False
1629,22709,WRAP WEDDING DAY,1325,528.5,39,2179,1029,0.005,False
361,21059,PARTY INVITES DINOSAURS,611,528.23,94,2180,1620,0.005,False
1969,23060,HEART BEADED TRELLIS DECORATION,249,528.17,42,2181,2218,0.005,False
1627,22707,WRAP MONSTER FUN,1257,527.94,49,2182,1069,0.005,False
1223,22275,WEEKEND BAG VINTAGE ROSE PAISLEY,69,527.85,1,2183,2852,0.005,False
1197,22248,DECORATION  PINK CHICK MAGIC GARDEN,594,525.94,109,2184,1636,0.0049,False
3529,85104,SILVER GLASS T-LIGHT SET,201,525.75,17,2185,2330,0.0049,False
3570,85135B,BLUE DRAGONFLY HELICOPTER,65,524.55,45,2186,2876,0.0049,False
230,20785,FUSCHIA RETRO BAR STOOL,14,523.3,5,2187,3392,0.0049,False
1775,22861,EASTER TIN CHICKS IN GARDEN,305,522.93,50,2188,2086,0.0049,False
3439,85025C,PINK HEART SHAPE PHOTO FRAME,322,522.56,39,2189,2057,0.0049,False
2226,23336,EGG FRYING PAN PINK,226,521.33,85,2190,2262,0.0049,False
3560,85131B,BEADED CRYSTAL HEART GREEN ON STICK,623,521.11,172,2191,1605,0.0049,False
3264,84816,DANISH ROSE BEDSIDE CABINET,13,519.35,10,2192,3418,0.0049,False
3039,84313B,BLUE TV TRAY TABLE,127,518.61,39,2193,2582,0.0049,False
210,20761,BLUE PAISLEY SKETCHBOOK,123,517.22,63,2194,2598,0.0049,False
628,21455,PAINTED YELLOW WOODEN DAISY,612,516.79,117,2195,1618,0.0048,False
794,21711,FOLDING UMBRELLA WHITE/RED POLKADOT,104,513.02,36,2196,2665,0.0048,False
1173,22216,T-LIGHT HOLDER WHITE LACE,588,512.93,68,2197,1648,0.0048,False
2039,23136,IVORY WIRE SWEETHEART LETTER TRAY,135,511.89,49,2198,2555,0.0048,False
1228,22280,POCKET BAG PINK PAISELY BROWN SPOT,469,510.84,95,2199,1810,0.0048,False
948,21926,RED/CREAM STRIPE CUSHION COVER,414,509.9,60,2200,1892,0.0048,False
749,21654,RIDGED GLASS FINGER BOWL,986,509.36,59,2201,1252,0.0048,False
2886,72819,CUPID DESIGN SCENTED CANDLES,225,509.07,43,2202,2266,0.0048,False
3094,84520B,PACK 20 ENGLISH ROSE PAPER NAPKINS,554,508.37,80,2203,1695,0.0048,False
161,20681,PINK POLKADOT CHILDRENS UMBRELLA,140,506.96,46,2204,2542,0.0048,False
369,21067,VINTAGE RED TEATIME MUG,319,506.65,76,2205,2061,0.0048,False
2987,82616B,FRAPPUCINO SCARF KNITTING KIT,344,505.69,73,2206,2009,0.0047,False
329,20998,ROSE DU SUD OVEN GLOVE,185,505.2,69,2207,2383,0.0047,False
1931,23021,GLASS BONNE JAM JAR,121,504.97,27,2208,2608,0.0047,False
1091,22127,PARTY CONES CARNIVAL ASSORTED,404,504.88,22,2209,1916,0.0047,False
3195,84687,BEACH HUT SHELF W 3 DRAWERS,81,504.43,31,2210,2769,0.0047,False
3158,84616,SILVER ROCCOCO CHANDELIER,14,504.32,9,2211,3392,0.0047,False
947,21925,UNION STRIPE CUSHION COVER,403,503.75,65,2212,1919,0.0047,False
3081,84509C,SET OF 4 POLKADOT PLACEMATS,131,502.69,51,2213,2569,0.0047,False
2438,23560,SET OF 6 RIBBONS COUNTRY STYLE,173,502.07,26,2214,2426,0.0047,False
793,21710,FOLDING UMBRELLA PINKWHITE POLKADOT,107,501.98,45,2215,2648,0.0047,False
2982,82613B,"METAL SIGN,CUPCAKE SINGLE HOOK",584,501.49,111,2216,1653,0.0047,False
2988,82616C,MIDNIGHT GLAMOUR SCARF KNITTING KIT,324,501.44,85,2217,2047,0.0047,False
3658,85231G,ORANGE SCENTED SET/9 T-LIGHTS,594,501.27,81,2218,1636,0.0047,False
2020,23117,POPPY FIELDS CHOPPING BOARD,93,501.23,45,2219,2721,0.0047,False
215,20766,GARDEN PATH SKETCHBOOK,124,501.07,57,2220,2595,0.0047,False
1140,22181,SNOWSTORM PHOTO FRAME FRIDGE MAGNET,591,500.91,57,2221,1641,0.0047,False
970,21972,SET OF 36 DINOSAUR PAPER DOILIES,335,499.08,65,2222,2022,0.0047,False
1019,22050,PINK PAISLEY ROSE GIFT WRAP,1225,498.5,40,2223,1091,0.0047,False
2345,23466,TUSCAN VILLA DOVECOTE BIRD FEEDER,55,498.03,27,2224,2934,0.0047,False
1954,23045,PAPER LANTERN 5 POINT STAR MOON,118,497.98,25,2225,2614,0.0047,False
1444,22516,CHILDS GARDEN RAKE BLUE,207,496.99,62,2226,2319,0.0047,False
3384,84970s,HANGING HEART ZINC T-LIGHT HOLDER,238,496.49,66,2227,2238,0.0047,False
1439,22511,RETROSPOT BABUSHKA DOORSTOP,251,495.2,54,2228,2209,0.0046,False
555,21358,TOAST ITS - HAPPY BIRTHDAY,412,494.54,108,2229,1897,0.0046,False
892,21850,BLUE  DIAMANTE PEN IN GIFT BOX,130,493.08,54,2230,2576,0.0046,False
2540,35598D,PINK/WHITE CHRISTMAS TREE 60CM,684,493.01,42,2231,1546,0.0046,False
2702,46776C,WOVEN FROST CUSHION COVER,117,492.79,59,2232,2617,0.0046,False
731,21632,VINTAGE PINK DECORATIVE PARASOL,88,489.74,24,2233,2740,0.0046,False
3625,85194S,HANGING SPRING FLOWER EGG SMALL,1197,489.17,72,2234,1108,0.0046,False
2566,35809A,ENAMEL PINK TEA CONTAINER,421,488.89,62,2235,1880,0.0046,False
454,21202,DOLLY HONEYCOMB GARLAND,475,487.11,25,2236,1799,0.0046,False
899,21867,PINK UNION JACK  LUGGAGE TAG,353,486.5,121,2237,1989,0.0046,False
627,21454,PAINTED PINK RABBIT,573,486.01,136,2238,1669,0.0046,False
3268,84820,DANISH ROSE TRINKET TRAYS,261,484.63,31,2239,2185,0.0045,False
98,17012C,ORIGAMI LAVENDER INCENSE/CANDL SET,421,484.35,85,2240,1880,0.0045,False
2120,23218,LAUREL STAR ANTIQUE GOLD,379,483.03,40,2241,1948,0.0045,False
733,21634,ASSORTED MINI MADRAS NOTEBOOK,976,481.95,28,2242,1261,0.0045,False
1561,22638,SET OF 4 NAPKIN CHARMS CROWNS,300,481.88,52,2243,2101,0.0045,False
2509,23691,WRAP KEEP CALM BIRTHDAY,1175,481.5,38,2244,1120,0.0045,False
1185,22230,JIGSAW TREE WITH WATERING CAN,1048,480.92,101,2245,1203,0.0045,False
703,21587,COSY HOUR GIANT TUBE MATCHES,197,480.75,26,2246,2345,0.0045,False
4013,90209C,PINK ENAMEL+GLASS HAIR COMB,263,480.5,31,2247,2180,0.0045,False
816,21741,COSY SLIPPER SHOES LARGE GREEN,147,480.17,40,2248,2512,0.0045,False
3285,84849B,FAIRY SOAP SOAP HOLDER,266,478.83,76,2249,2171,0.0045,False
238,20803,SMALL PINK GLASS SUNDAE DISH,945,478.72,40,2250,1289,0.0045,False
2303,23422,PANTRY HOOK BALLOON WHISK,213,477.89,47,2251,2305,0.0045,False
3491,85049F,BABY BOOM RIBBONS,378,477.34,88,2252,1951,0.0045,False
645,21472,LADYBIRD + BEE RAFFIA FOOD COVER,123,476.41,37,2253,2598,0.0045,False
2439,23561,SET OF 6 RIBBONS PARTY,170,476.0,16,2254,2438,0.0045,False
3519,85093,CANDY SPOT EGG WARMER HARE,708,475.18,88,2255,1517,0.0045,False
1143,22184,CAKE STAND VICTORIAN FILIGREE LARGE,56,471.86,35,2256,2931,0.0044,False
562,21366,MIRRORED WALL ART PHOTO FRAMES,89,470.17,46,2257,2738,0.0044,False
3188,84674,FLYING PIG WATERING CAN,194,469.9,47,2258,2358,0.0044,False
183,20716,PARTY FOOD SHOPPER BAG,400,469.63,73,2259,1924,0.0044,False
179,20707,CRAZY DAISY HEART DECORATION,464,468.39,149,2260,1816,0.0044,False
131,20615,BLUE POLKADOT PASSPORT COVER,309,466.99,95,2261,2078,0.0044,False
251,20831,GOLD PHOTO FRAME,216,466.53,39,2262,2296,0.0044,False
3332,84917,WHITE HAND TOWEL WITH BUTTERFLY,184,466.3,27,2263,2389,0.0044,False
1570,22647,CERAMIC LOVE HEART MONEY BANK,732,466.18,45,2264,1491,0.0044,False
2265,23379,PACK OF 12 RED APPLE TISSUES,1220,465.36,76,2265,1094,0.0044,False
570,21374,MIRRORED WALL ART SKULLS,304,463.79,46,2266,2089,0.0044,False
1445,22517,CHILDS GARDEN RAKE PINK,206,462.33,69,2267,2323,0.0043,False
256,20838,FRENCH LATTICE CUSHION COVER,385,461.45,57,2268,1942,0.0043,False
2538,35598B,BLACK CHRISTMAS TREE 60CM,558,460.64,25,2269,1689,0.0043,False
333,21003,ROSE DU SUD CUSHION COVER,78,460.58,46,2270,2790,0.0043,False
1289,22344,PARTY PIZZA DISH PINK POLKADOT,1228,460.38,76,2271,1089,0.0043,False
365,21063,PARTY INVITES JAZZ HEARTS,528,458.31,102,2272,1725,0.0043,False
364,21062,PARTY INVITES SPACEMAN,539,458.23,74,2273,1712,0.0043,False
1933,23023,RIDGED BONNE JAM JAR T-LIGHT HOLDER,286,457.62,25,2274,2131,0.0043,False
470,21220,SET/4 BADGES DOGS,348,457.51,89,2275,2001,0.0043,False
116,17096,ASSORTED LAQUERED INCENSE HOLDERS,2545,455.98,24,2276,554,0.0043,False
893,21851,LILAC DIAMANTE PEN IN GIFT BOX,141,454.99,63,2277,2537,0.0043,False
2520,35004G,SET OF 3 GOLD FLYING DUCKS,127,454.65,21,2278,2582,0.0043,False
603,21415,CLAM SHELL SMALL,223,454.42,46,2279,2275,0.0043,False
3334,84920,PINK FLOWER FABRIC PONY,117,453.73,48,2280,2617,0.0043,False
3331,84916,HAND TOWEL PALE BLUE W FLOWERS,223,453.39,29,2281,2275,0.0043,False
3593,85169C,EAU DE NIL LOVE BIRD CANDLE,429,452.86,46,2282,1870,0.0042,False
2387,23509,MINI PLAYING CARDS FUN FAIR,1065,452.72,65,2283,1194,0.0042,False
363,21061,PARTY INVITES FOOTBALL,488,451.7,83,2284,1779,0.0042,False
739,21641,ASSORTED TUTTI FRUTTI KEYRING BALL,1153,451.59,49,2285,1142,0.0042,False
2426,23548,WRAP MAGIC FOREST,1075,451.5,43,2286,1186,0.0042,False
2781,48189,DOORMAT FRIENDSHIP,27,451.11,17,2287,3193,0.0042,False
3302,84872A,TEATIME FUNKY FLOWER BACKPACK FOR 2,40,450.08,32,2288,3054,0.0042,False
219,20770,ABSTRACT CIRCLE JOURNAL,185,449.8,72,2289,2383,0.0042,False
1563,22640,SET OF 4 NAPKIN CHARMS 3 KEYS,238,449.39,57,2290,2238,0.0042,False
1522,22598,CHRISTMAS MUSICAL ZINC TREE,994,447.36,95,2291,1245,0.0042,False
152,20669,RED HEART LUGGAGE TAG,304,447.34,96,2292,2089,0.0042,False
561,21365,MIRRORED WALL ART STARS,363,447.09,52,2293,1976,0.0042,False
3151,84600,NEW BAROQUE JEWELLERY BOX,53,446.89,25,2294,2949,0.0042,False
1416,22486,PLASMATRONIC LAMP,71,446.45,25,2295,2842,0.0042,False
3391,84976,RECTANGULAR SHAPED MIRROR,512,446.15,37,2296,1745,0.0042,False
1328,22390,PAPERWEIGHT CHILDHOOD MEMORIES,268,445.44,36,2297,2167,0.0042,False
1566,22643,SET OF 4 NAPKIN CHARMS LEAVES,240,445.17,48,2298,2233,0.0042,False
2984,82613C,"METAL SIGN,CUPCAKE SINGLE HOOK",538,444.63,96,2299,1714,0.0042,False
751,21656,RIDGED GLASS POSY VASE,219,444.58,47,2300,2286,0.0042,False
699,21580,RABBIT  DESIGN  COTTON TOTE BAG,181,444.07,62,2301,2399,0.0042,False
288,20903,VINTAGE KEEPSAKE BOX TRAVELOGUE,82,441.89,56,2302,2766,0.0041,False
217,20768,GREEN FERN JOURNAL,177,441.12,55,2303,2413,0.0041,False
3534,85111,SILVER GLITTER FLOWER VOTIVE HOLDER,1421,441.07,57,2304,968,0.0041,False
2552,35637A,IVORY STRING CURTAIN WITH POLE,170,440.62,28,2305,2438,0.0041,False
135,20619,TROPICAL PASSPORT COVER,262,439.65,99,2306,2183,0.0041,False
878,21828,EIGHT PIECE SNAKE  SET,333,439.54,84,2307,2030,0.0041,False
3557,85130C,BEADED CRYSTAL HEART BLUE  LARGE,483,438.87,46,2308,1785,0.0041,False
1471,22545,MINI JIGSAW BUNNIES,1143,436.09,75,2309,1149,0.0041,False
117,17107D,"FLOWER FAIRY,5 SUMMER B'DRAW LINERS",171,436.05,46,2310,2432,0.0041,False
1953,23044,PAPER LANTERN 9 POINT HOLLY STAR S,104,435.74,25,2311,2665,0.0041,False
3046,84360,TABLE LAMP WHITE SHADE WOOD BASE,78,434.12,20,2312,2790,0.0041,False
2564,35653,VINTAGE BEAD NOTEBOOK,150,433.19,52,2313,2502,0.0041,False
3590,85168B,BLACK BAROQUE CARRIAGE CLOCK,51,432.79,35,2314,2969,0.0041,False
1184,22229,BUNNY WOODEN PAINTED WITH FLOWER,568,432.46,101,2315,1674,0.0041,False
3352,84931B,BLUE SCOTTIE DOG W FLOWER PATTERN,180,431.73,49,2316,2402,0.0041,False
1967,23058,CHRISTMAS HANGING SNOWFLAKE,490,430.86,48,2317,1775,0.004,False
178,20705,MRS ROBOT SOFT TOY,143,428.85,28,2318,2529,0.004,False
332,21002,ROSE DU SUD DRAWSTRING BAG,125,428.66,66,2319,2590,0.004,False
380,21088,SET/6 FRUIT SALAD PAPER CUPS,1678,428.28,103,2320,860,0.004,False
2896,77101A,UNION FLAG WINDSOCK,388,428.19,22,2321,1939,0.004,False
3510,85071C,"CHARLIE+LOLA""EXTREMELY BUSY"" SIGN",683,428.0,105,2322,1547,0.004,False
829,21758,VINTAGE SHELLS PRINT,50,427.46,32,2323,2978,0.004,False
3168,84658,WHITE STITCHED CUSHION COVER,59,426.13,22,2324,2912,0.004,False
531,21318,GLASS CHALICE BLUE SMALL,696,425.08,49,2325,1533,0.004,False
295,20934,SET/3 POT PLANT CANDLES,68,424.46,32,2326,2858,0.004,False
2854,72799F,IVORY PILLAR CANDLE GOLD FLOCK,145,424.08,30,2327,2519,0.004,False
214,20765,CHRYSANTHEMUM SKETCHBOOK,104,423.55,59,2328,2665,0.004,False
3996,90200E,GREEN SWEETHEART BRACELET,103,423.41,44,2329,2671,0.004,False
3899,90154,LAZER CUT NECKLACE W PASTEL BEADS,57,421.75,5,2330,2920,0.004,False
3574,85136C,RED SHARK HELICOPTER,52,421.18,36,2331,2956,0.004,False
211,20762,GREEN FERN SKETCHBOOK,106,420.08,56,2332,2653,0.0039,False
1020,22051,BLUE SCANDINAVIAN PAISLEY WRAP,1000,420.0,39,2333,1237,0.0039,False
407,21129,SILVER FISHING GNOME,52,419.52,27,2334,2956,0.0039,False
1098,22134,MINI LADLE LOVE HEART RED,890,419.42,162,2335,1337,0.0039,False
3638,85208,SET/12 FUNKY FELT FLOWER PEG IN BAG,224,419.01,48,2336,2272,0.0039,False
3382,84970l,SINGLE HEART ZINC T-LIGHT HOLDER,201,418.98,50,2337,2330,0.0039,False
3830,90114,SUMMER DAISIES BAG CHARM,167,417.96,88,2338,2451,0.0039,False
1339,22405,MONEY BOX POCKET MONEY DESIGN,374,417.86,70,2339,1957,0.0039,False
3269,84821,DANISH ROSE DELUXE COASTER,947,417.35,40,2340,1288,0.0039,False
1171,22214,CANDLE PLATE LACE WHITE,193,416.6,56,2341,2362,0.0039,False
417,21147,JINGLE BELLS TREE DECORATION,203,415.77,76,2342,2327,0.0039,False
1074,22108,PING! MICROWAVE PLATE,152,415.09,63,2343,2496,0.0039,False
867,21817,GLITTER CHRISTMAS TREE,912,414.63,58,2344,1323,0.0039,False
698,21579,LOLITA  DESIGN  COTTON TOTE BAG,178,414.22,50,2345,2411,0.0039,False
514,21285,RETROSPOT CANDLE  MEDIUM,365,413.88,43,2346,1969,0.0039,False
915,21884,CAKES AND BOWS GIFT  TAPE,1166,413.76,93,2347,1130,0.0039,False
3911,90161C,ANT COPPER LIME BOUDICCA BRACELET,83,412.74,50,2348,2764,0.0039,False
2338,23459,DOLLY CABINET 2 DRAWERS,33,412.5,19,2349,3125,0.0039,False
33,15056p,EDWARDIAN PARASOL PINK,33,412.48,26,2350,3125,0.0039,False
2296,23415,HOME SWEET HOME HOOK,328,412.18,47,2351,2039,0.0039,False
3140,84596E,SMALL LICORICE DES PINK BOWL,565,412.1,79,2352,1682,0.0039,False
3260,84806B,WHITE CANDYSTUFT ARTIFICIAL FLOWER,308,411.56,20,2353,2079,0.0039,False
1381,22447,PIN CUSHION BABUSHKA BLUE,137,410.81,45,2354,2547,0.0039,False
250,20830,SILVER PHOTO FRAME,136,409.83,37,2355,2554,0.0038,False
3633,85203,HANGING WOOD AND FELT BUTTERFLY,896,409.41,127,2356,1333,0.0038,False
80,16219,HOUSE SHAPE PENCIL SHARPENER,3048,407.72,100,2357,463,0.0038,False
1438,22510,GINGHAM BABUSHKA DOORSTOP,211,406.49,42,2358,2310,0.0038,False
2608,35964,FOLKART CLIP ON STARS,786,405.25,100,2359,1449,0.0038,False
2229,23339,EGG FRYING PAN BLUE,175,405.0,76,2360,2419,0.0038,False
1340,22406,MONEY BOX KINGS CHOICE DESIGN,346,403.46,84,2361,2005,0.0038,False
2451,23576,SNACK TRAY RED VINTAGE DOILY,198,400.04,37,2362,2343,0.0038,False
2310,23429,RED RETRO KITCHEN WALL CLOCK,47,400.01,23,2363,2999,0.0038,False
1948,23039,T-LIGHT HOLDER SILVER HEART HANDLE,199,399.71,28,2364,2339,0.0038,False
1290,22345,PARTY PIZZA DISH BLUE POLKADOT,1120,399.62,71,2365,1160,0.0038,False
2646,37476,CONDIMENT TRAY 4 BOWLS AND 4 SPOONS,37,399.02,26,2366,3087,0.0037,False
408,21131,GOLD STANDING GNOME,106,398.02,28,2367,2653,0.0037,False
3389,84974,S/2 ZINC HEART DESIGN PLANTERS,40,398.0,28,2368,3054,0.0037,False
125,18007,ESSENTIAL BALM 3.5g TIN IN ENVELOPE,5884,395.61,30,2369,209,0.0037,False
2723,47421,ASSORTED COLOUR LIZARD SUCTION HOOK,999,395.1,55,2370,1239,0.0037,False
1204,22256,FELT FARM ANIMAL CHICKEN,291,394.15,50,2371,2117,0.0037,False
2506,23661,MILK MAIDS MUG,219,393.59,33,2372,2286,0.0037,False
1017,22048,BIRTHDAY BANQUET GIFT WRAP,975,393.5,32,2373,1263,0.0037,False
274,20867,PINK ROSE FABRIC MIRROR,331,393.47,62,2374,2035,0.0037,False
3024,84247E,PACK OF 12 CHRISTMAS FUN CARDS,143,392.94,48,2375,2529,0.0037,False
3993,90200B,BLACK SWEETHEART BRACELET,93,392.83,47,2376,2721,0.0037,False
2019,23116,VEGETABLE GARDEN CHOPPING BOARD,78,392.34,22,2377,2790,0.0037,False
3272,84826,ASSTD DESIGN 3D PAPER STICKERS,1165,391.93,31,2378,1132,0.0037,False
2053,23150,IVORY SWEETHEART SOAP DISH,148,390.75,49,2379,2509,0.0037,False
3659,85232A,SET/3 POLKADOT STACKING TINS,78,389.55,29,2380,2790,0.0037,False
569,21373,MIRRORED WALL ART SNOWFLAKES,512,389.04,47,2381,1745,0.0037,False
2227,23337,EGG FRYING PAN MINT,180,388.75,69,2382,2402,0.0036,False
2523,35095A,BLUE VICTORIAN FABRIC OVAL BOX,925,388.57,100,2383,1310,0.0036,False
910,21879,HEARTS GIFT TAPE,1178,386.77,94,2384,1118,0.0036,False
266,20854,BLUE PATCH PURSE PINK HEART,244,386.32,41,2385,2228,0.0036,False
912,21881,CUTE CATS TAPE,1102,383.11,79,2386,1171,0.0036,False
449,21197,MULTICOLOUR  CONFETTI IN TUBE,284,382.96,27,2387,2138,0.0036,False
3333,84919,BLUE CUSHION COVER WITH FLOWER,58,381.78,29,2388,2916,0.0036,False
1291,22346,PARTY PIZZA DISH GREEN POLKADOT,1037,381.66,59,2389,1209,0.0036,False
3607,85179A,GREEN BITTY LIGHT CHAIN,193,380.79,59,2390,2362,0.0036,False
692,21562,HAWAIIAN GRASS SKIRT,324,380.36,28,2391,2047,0.0036,False
50,16045,POPART WOODEN PENCILS ASST,8900,380.0,68,2392,103,0.0036,False
2703,46776D,WOVEN SUNSET CUSHION COVER,89,378.29,37,2393,2738,0.0036,False
3910,90161B,ANT COPPER TURQ BOUDICCA BRACELET,76,377.88,37,2394,2810,0.0035,False
356,21051,RIBBONS PURSE,192,377.2,51,2395,2370,0.0035,False
3907,90160C,TURQ+RED BOUDICCA LARGE BRACELET,54,377.04,26,2396,2941,0.0035,False
2719,47367B,PAIR PADDED HANGERS PINK CHECK,112,376.27,43,2397,2632,0.0035,False
513,21284,RETROSPOT CANDLE  SMALL,404,376.18,42,2398,1916,0.0035,False
96,17012A,ORIGAMI VANILLA INCENSE/CANDLE SET,323,375.93,65,2399,2055,0.0035,False
3117,84559A,3D SHEET OF DOG STICKERS,397,375.61,94,2400,1929,0.0035,False
734,21635,MADRAS NOTEBOOK LARGE,271,374.96,16,2401,2159,0.0035,False
3181,84663A,GRASS HOPPER WOODEN WALL CLOCK,272,374.12,34,2402,2157,0.0035,False
229,20782,CAMOUFLAGE EAR MUFF HEADPHONES,54,373.57,27,2403,2941,0.0035,False
963,21945,STRAWBERRIES  DESIGN FLANNEL,358,373.34,105,2404,1983,0.0035,False
3330,84915,HAND TOWEL PINK FLOWER AND DAISY,217,372.33,23,2405,2292,0.0035,False
42,16011,ANIMAL STICKERS,1773,372.33,46,2405,822,0.0035,False
777,21689,SILVER VANILLA  FLOWER CANDLE POT,95,369.87,26,2407,2708,0.0035,False
3122,84563A,PINK & WHITE BREAKFAST TRAY,96,369.84,35,2408,2702,0.0035,False
2450,23575,SNACK TRAY PAISLEY PARK,179,367.35,32,2409,2408,0.0034,False
1459,22532,MAGIC DRAWING SLATE LEAP FROG,1072,366.75,73,2410,1190,0.0034,False
1688,22769,CHALKBOARD KITCHEN ORGANISER,11,366.73,8,2411,3471,0.0034,False
1213,22265,EASTER DECORATION NATURAL CHICK,540,366.15,64,2412,1711,0.0034,False
330,21000,ROSE DU SUD COSMETICS BAG,97,365.09,52,2413,2698,0.0034,False
533,21320,GLASS CHALICE GREEN  LARGE,197,364.22,19,2414,2345,0.0034,False
2453,23579,SNACK TRAY I LOVE LONDON,171,362.65,35,2415,2432,0.0034,False
515,21286,RETROSPOT CANDLE  LARGE,273,362.12,30,2416,2155,0.0034,False
2605,35957,SMALLFOLKART BAUBLE CHRISTMAS DEC,688,361.81,41,2417,1542,0.0034,False
547,21348,PINK SPOTS CHOCOLATE NESTING BOXES,140,361.56,6,2418,2542,0.0034,False
40,16008,SMALL FOLDING SCISSOR(POINTED EDGE),2892,360.71,70,2419,482,0.0034,False
3489,85049e,SCANDINAVIAN REDS RIBBONS,109,360.71,42,2419,2639,0.0034,False
3165,84632,DECORATIVE HANGING SHELVING UNIT,6,359.7,5,2421,3601,0.0034,False
2604,35954,SMALL FOLKART STAR CHRISTMAS DEC,1293,359.6,54,2422,1047,0.0034,False
362,21060,PARTY INVITES BALLOON GIRL,405,359.29,71,2423,1914,0.0034,False
3123,84563B,BLUE & WHITE BREAKFAST TRAY,98,358.1,38,2424,2693,0.0034,False
4012,90209B,GREEN ENAMEL+GLASS HAIR COMB,185,357.74,54,2425,2383,0.0034,False
267,20856,DENIM PATCH PURSE PINK BUTTERFLY,216,357.29,61,2426,2296,0.0034,False
497,21263,GREEN GOOSE FEATHER TREE 60CM,171,356.97,42,2427,2432,0.0034,False
1066,22100,SKULLS SQUARE TISSUE BOX,757,356.46,59,2428,1470,0.0033,False
2960,82095,HEART BUTTONS JEWELLERY BOX,68,356.11,30,2429,2858,0.0033,False
3594,85169D,PINK LOVE BIRD CANDLE,351,356.08,50,2430,1993,0.0033,False
3592,85169B,BLACK LOVE BIRD CANDLE,329,356.06,62,2431,2038,0.0033,False
3125,84569A,PACK 3 IRON ON DOG PATCHES,294,355.84,65,2432,2114,0.0033,False
806,21724,PANDA AND BUNNIES STICKER SHEET,408,355.83,81,2433,1909,0.0033,False
331,21001,ROSE DU SUD WASHBAG,74,354.14,50,2434,2822,0.0033,False
2652,37482P,CUBIC MUG PINK POLKADOT,506,354.03,47,2435,1753,0.0033,False
756,21664,RIDGED GLASS STORAGE JAR CREAM LID,99,353.97,18,2436,2685,0.0033,False
805,21723,ALPHABET HEARTS STICKER SHEET,401,353.48,59,2437,1923,0.0033,False
2301,23420,PANTRY HOOK TEA STRAINER,165,353.45,32,2438,2454,0.0033,False
2302,23421,PANTRY HOOK SPATULA,162,353.36,33,2439,2464,0.0033,False
472,21222,SET/4 BADGES BEETLES,269,353.19,73,2440,2164,0.0033,False
2903,79030D,TUMBLER BAROQUE,587,352.57,47,2441,1651,0.0033,False
2524,35095B,RED VICTORIAN FABRIC OVAL BOX,862,352.25,98,2442,1364,0.0033,False
137,20652,BLUE POLKADOT LUGGAGE TAG,268,350.61,78,2443,2167,0.0033,False
686,21555,CERAMIC STRAWBERRY TRINKET TRAY,137,350.47,69,2444,2547,0.0033,False
1456,22529,MAGIC DRAWING SLATE GO TO THE FAIR,853,349.87,70,2445,1375,0.0033,False
3338,84924A,WAKE UP COCKEREL CALENDAR SIGN,81,348.59,33,2446,2769,0.0033,False
3164,84631,FRUIT TREE AND BIRDS WALL PLAQUE,41,348.53,24,2447,3042,0.0033,False
608,21421,PORCELAIN ROSE LARGE,299,348.43,14,2448,2103,0.0033,False
1925,23015,CORDIAL GLASS JUG,41,346.63,18,2449,3042,0.0033,False
173,20700,GREEN CAT FLORAL CUSHION COVER,73,345.17,54,2450,2827,0.0032,False
2761,47591B,SCOTTIES CHILDRENS APRON,209,344.79,56,2451,2315,0.0032,False
3284,84849A,HELLO SAILOR BLUE SOAP HOLDER,180,344.34,53,2452,2402,0.0032,False
3554,85129D,BEADED CRYSTAL HEART PINK SMALL,208,343.99,65,2453,2316,0.0032,False
1070,22104,MIRROR MOSAIC CANDLE PLATE,288,343.71,59,2454,2125,0.0032,False
3894,90149,SILVER FLOWR PINK SHELL NECKLACE,53,342.76,4,2455,2949,0.0032,False
2738,47559b,TEA TIME OVEN GLOVE,103,342.65,28,2456,2671,0.0032,False
3232,84766,SILVER ROCOCO CANDLE STICK,146,340.7,14,2457,2514,0.0032,False
471,21221,SET/4 BADGES CUTE CREATURES,261,340.22,54,2458,2185,0.0032,False
2807,71270,PHOTO CLIP LINE,239,338.73,49,2459,2235,0.0032,False
1473,22547,MINI JIGSAW DINOSAUR,809,338.23,101,2460,1423,0.0032,False
431,21167,WHITE SAGE INCENSE,1432,337.14,67,2461,963,0.0032,False
2821,72122,COFFEE SCENT PILLAR CANDLE,325,336.74,61,2462,2044,0.0032,False
3344,84926E,FLOWERS TILE COASTER,992,334.76,39,2463,1250,0.0031,False
3641,85213,MINI  ZINC GARDEN DECORATIONS,841,334.03,33,2464,1384,0.0031,False
1956,23047,PAPER LANTERN 5 POINT SEQUIN STAR,58,333.5,25,2465,2916,0.0031,False
3651,85230B,CINNAMON SCENTED VOTIVE CANDLE,1288,333.2,39,2466,1049,0.0031,False
1207,22259,FELT FARM ANIMAL HEN,481,332.84,44,2467,1786,0.0031,False
3362,84952B,BLACK LOVE BIRD T-LIGHT HOLDER,186,332.14,29,2468,2380,0.0031,False
3167,84638,SMALL KITCHEN FLOWER POTS PLAQUE,50,331.5,37,2469,2978,0.0031,False
486,21248,DOOR HANGER  MUM + DADS ROOM,205,330.72,66,2470,2324,0.0031,False
3992,90200A,PURPLE SWEETHEART BRACELET,78,328.44,50,2471,2790,0.0031,False
90,16259,PIECE OF CAMO STATIONERY SET,3380,326.56,31,2472,407,0.0031,False
3205,84708B,PINK JEWELLED PHOTO FRAME,62,326.35,19,2473,2895,0.0031,False
3634,85204,HANGING WOOD AND FELT FLOWER,2055,325.96,104,2474,701,0.0031,False
1946,23037,CANDLE HOLDER SILVER MADELINE,196,325.16,20,2475,2350,0.0031,False
2357,23478,WOODLAND LARGE PINK FELT HEART,285,324.4,13,2476,2136,0.003,False
3892,90147,CHUNKY SILVER NECKLACE PASTEL FLOWE,32,324.01,23,2477,3135,0.003,False
2512,23695,DOILY THANK YOU CARD,765,323.32,57,2478,1465,0.003,False
3635,85205B,PINK FELT EASTER RABBIT GARLAND,122,323.15,29,2479,2603,0.003,False
1099,22135,MINI LADLE LOVE HEART PINK,568,322.8,179,2480,1674,0.003,False
3351,84931A,PINK SCOTTIE DOG W FLOWER PATTERN,135,322.54,51,2481,2555,0.003,False
3080,84509c,SET OF 4 POLKADOT PLACEMATS,43,322.22,27,2482,3027,0.003,False
595,21403,BLUE EGG  SPOON,1857,322.18,106,2483,785,0.003,False
1058,22092,BLUE PAISLEY TISSUE BOX,672,322.18,91,2483,1554,0.003,False
85,16238,PARTY TIME PENCIL ERASERS,1398,322.09,134,2485,979,0.003,False
611,21425,SKULLS STORAGE BOX LARGE,87,320.49,30,2486,2746,0.003,False
83,16236,KITTY PENCIL ERASERS,1438,320.09,136,2487,961,0.003,False
567,21371,MIRRORED WALL ART POPPIES,287,319.71,38,2488,2127,0.003,False
297,20936,FORKED CACTUS CANDLE,100,319.66,34,2489,2683,0.003,False
341,21026,SPACE OWL,258,319.5,68,2490,2190,0.003,False
1161,22202,MILK PAN PINK POLKADOT,64,319.35,37,2491,2882,0.003,False
3912,90161D,ANT COPPER PINK BOUDICCA BRACELET,64,318.89,34,2492,2882,0.003,False
2839,72586,SET OF 6 HALLOWEEN GHOST T-LIGHTS,693,318.67,83,2493,1535,0.003,False
3308,84876B,GREEN HEART COMPACT MIRROR,220,318.31,33,2494,2283,0.003,False
227,20780,BLACK EAR MUFF HEADPHONES,48,318.19,28,2495,2994,0.003,False
3318,84884a,ANT WHITE WIRE HEART SPIRAL,38,317.72,26,2496,3072,0.003,False
2694,46118,FUNKY MONKEY CUSHION COVER,232,317.17,46,2497,2250,0.003,False
1684,22765,NEWSPAPER STAND,27,316.95,5,2498,3193,0.003,False
3596,85170B,SET/6 BLACK BIRD T-LIGHT CANDLES,215,316.75,39,2499,2299,0.003,False
2592,35915C,PEACH KNITTED HEN,315,316.46,60,2500,2070,0.003,False
3986,90198A,VINTAGE ROSE BEAD BRACELET RASPBERR,75,315.73,44,2501,2817,0.003,False
571,21375,LARGE CAMPHOR WOOD FIELD MUSHROOM,43,315.27,27,2502,3027,0.003,False
3632,85202,HANGING WOOD AND FELT HEART,676,314.81,106,2503,1551,0.003,False
2768,47594B,SCOTTIES DESIGN WASHBAG,170,314.55,56,2504,2438,0.003,False
3133,84584,PINK GINGHAM CAT WITH SCARF,144,314.51,30,2505,2521,0.003,False
885,21841,BABY MOUSE RED GINGHAM DRESS,74,314.5,21,2506,2822,0.003,False
109,17084N,FAIRY DREAMS INCENSE,1264,313.31,101,2507,1062,0.0029,False
3420,85014b,RED RETROSPOT UMBRELLA,25,313.06,23,2508,3222,0.0029,False
960,21942,SKULLS DESIGN FLANNEL,287,313.01,103,2509,2127,0.0029,False
3045,84358,FLOOR LAMP SHADE WOOD BASE,33,312.7,13,2510,3125,0.0029,False
621,21442,GREEN BIRDHOUSE DECORATION,440,310.49,59,2511,1854,0.0029,False
962,21944,KITTENS DESIGN FLANNEL,337,310.19,100,2512,2017,0.0029,False
2711,47021G,SET/6 BEAD COASTERS GAUZE BAG GOLD,582,309.3,27,2513,1658,0.0029,False
1089,22124,SET OF 2 TEA TOWELS PING MICROWAVE,150,309.11,76,2514,2502,0.0029,False
801,21719,LOVELY BONBON STICKER SHEET,345,307.44,58,2515,2007,0.0029,False
2373,23495,SET OF 3 PANTRY WOODEN SPOONS,225,306.66,41,2516,2266,0.0029,False
136,20622,VIPPASSPORT COVER,186,305.8,51,2517,2380,0.0029,False
1012,22043,CHRISTMAS CARD SCREEN PRINT,1238,304.5,64,2518,1081,0.0029,False
1009,22040,BOTANICAL ROSE GIFT WRAP,725,304.5,28,2518,1497,0.0029,False
1564,22641,SET OF 4 NAPKIN CHARMS INSTRUMENT,139,303.73,37,2520,2544,0.0029,False
2311,23430,BLUE RETRO KITCHEN WALL CLOCK,36,301.88,18,2521,3091,0.0028,False
2588,35912B,WHITE/PINK CHICK DECORATION,252,301.26,20,2522,2206,0.0028,False
3179,84661B,BLACK SQUARE TABLE CLOCK,115,300.24,29,2523,2623,0.0028,False
1343,22409,MONEY BOX BISCUITS DESIGN,228,299.72,57,2524,2256,0.0028,False
830,21761,WOOD AND GLASS MEDICINE CABINET,10,299.5,10,2525,3492,0.0028,False
2321,23440,PAINT YOUR OWN EGGS IN CRATE,164,299.36,5,2526,2456,0.0028,False
284,20897,VINTAGE NOTEBOOK PARIS DAYS,107,298.27,24,2527,2648,0.0028,False
3962,90184B,AMETHYST CHUNKY BEAD BRACELET W STR,33,297.94,21,2528,3125,0.0028,False
3145,84596J,MIXED NUTS LIGHT GREEN BOWL,568,296.45,68,2529,1674,0.0028,False
1018,22049,WRAP CHRISTMAS SCREEN PRINT,1075,296.25,33,2530,1186,0.0028,False
3618,85186A,EASTER BUNNY GARLAND OF FLOWERS,615,293.8,79,2531,1617,0.0028,False
2905,79051A,SMOKEY GREY COLOUR D.O.F. GLASS,831,293.31,41,2532,1395,0.0028,False
140,20655,QUEEN OF SKIES LUGGAGE TAG,197,292.29,99,2533,2345,0.0027,False
2586,35911A,MULTICOLOUR RABBIT EGG WARMER,319,292.07,70,2534,2061,0.0027,False
620,21441,BLUE BIRDHOUSE DECORATION,421,292.03,62,2535,1880,0.0027,False
2444,23567,EGG CUP HENRIETTA HEN PINK,211,291.58,37,2536,2310,0.0027,False
2855,72800B,4 PURPLE FLOCK DINNER CANDLES,144,290.8,38,2537,2521,0.0027,False
581,21386,IVORY HANGING DECORATION  EGG,733,290.2,51,2538,1490,0.0027,False
2291,23410,CURIO CABINET LINEN AND LACE,36,290.1,18,2539,3091,0.0027,False
45,16015,MEDIUM CHINESE STYLE SCISSOR,662,289.98,24,2540,1560,0.0027,False
3436,85024B,EAU DE NILE JEWELLED PHOTOFRAME,193,289.65,12,2541,2362,0.0027,False
662,21503,TOYBOX  WRAP,726,288.92,23,2542,1496,0.0027,False
2705,46776E,WOVEN CANDY CUSHION COVER,67,288.43,38,2543,2866,0.0027,False
2925,79190B,RETRO PLASTIC POLKA TRAY,707,288.36,57,2544,1518,0.0027,False
2809,71403,"PINK/WHITE ""KEEP CLEAN"" BULLET BIN",77,286.91,33,2545,2803,0.0027,False
134,20618,QUEEN OF THE SKIES PASSPORT COVER,148,286.39,76,2546,2509,0.0027,False
2627,37413,ICON MUG REVOLUTIONARY,703,284.49,81,2547,1525,0.0027,False
126,18094C,WHITE AND BLUE CERAMIC OIL BURNER,192,283.93,42,2548,2370,0.0027,False
757,21666,RIDGED GLASS T-LIGHT HOLDER,412,283.51,43,2549,1897,0.0027,False
79,16218,CARTOON  PENCIL SHARPENERS,3821,283.31,64,2550,357,0.0027,False
232,20794,BLUE  TILE HOOK,99,282.79,27,2551,2685,0.0027,False
225,20777,CHRYSANTHEMUM NOTEBOOK,169,282.49,80,2552,2442,0.0027,False
3041,84341B,SMALL PINK MAGIC CHRISTMAS TREE,645,282.38,40,2553,1581,0.0027,False
3301,84872a,TEATIME FUNKY FLOWER BACKPACK FOR 2,26,282.15,21,2554,3210,0.0026,False
2360,23481,PEARLISED IVORY HEART SMALL,228,281.17,29,2555,2256,0.0026,False
1205,22257,FELT FARM ANIMAL SHEEP,373,280.42,42,2556,1959,0.0026,False
2804,71101E,STANDING FAIRY POLE SUPPORT,348,280.2,22,2557,2001,0.0026,False
3621,85188A,GREEN METAL SWINGING BUNNY,319,278.17,42,2558,2061,0.0026,False
807,21725,SWEETIES  STICKERS,301,277.24,50,2559,2097,0.0026,False
69,16169M,WRAP DAISY CARPET,660,277.2,25,2560,1565,0.0026,False
521,21293,MIRRORED DOVE WALL DECORATION,116,276.72,24,2561,2621,0.0026,False
3343,84926D,LA PALMIERA TILE COASTER,709,276.53,34,2562,1515,0.0026,False
3492,85049g,CHOCOLATE BOX RIBBONS,113,276.42,51,2563,2629,0.0026,False
2040,23137,ZINC WIRE SWEETHEART LETTER TRAY,83,275.62,23,2564,2764,0.0026,False
488,21250,SET OF SKULL WALL STICKERS,95,274.37,20,2565,2708,0.0026,False
163,20684,STRAWBERRY DREAM CHILDS UMBRELLA,81,273.81,35,2566,2769,0.0026,False
1440,22512,DOORSTOP RACING CAR DESIGN,123,273.46,37,2567,2598,0.0026,False
1021,22052,VINTAGE CARAVAN GIFT WRAP,650,273.0,27,2568,1577,0.0026,False
3294,84859A,SILVER DISCO HANDBAG,129,272.99,35,2569,2579,0.0026,False
2044,23141,TRIPLE WIRE HOOK PINK HEART,79,272.91,25,2570,2783,0.0026,False
1802,22889,NUMBER TILE VINTAGE FONT No,173,272.2,33,2571,2426,0.0026,False
204,20755,BLUE PAISLEY POCKET BOOK,307,272.02,62,2572,2082,0.0026,False
865,21815,STAR  T-LIGHT HOLDER,159,271.68,29,2573,2475,0.0025,False
195,20734,SILVER MINI TAPE MEASURE,158,271.22,26,2574,2482,0.0025,False
3642,85214,TUB 24 PINK FLOWER PEGS,164,271.04,58,2575,2456,0.0025,False
2353,23474,WOODLAND SMALL BLUE FELT HEART,312,270.96,37,2576,2074,0.0025,False
3432,85019C,CURIOUS  IMAGES NOTEBOOK SET,182,270.72,11,2577,2394,0.0025,False
505,21275,ZINC TOP  2 DOOR WOODEN SHELF,13,270.08,12,2578,3418,0.0025,False
2517,35001W,HAND OPEN SHAPE DECO.WHITE,92,270.02,5,2579,2727,0.0025,False
220,20771,CHRYSANTHEMUM  JOURNAL,103,269.68,40,2580,2671,0.0025,False
841,21785,RAIN PONCHO,412,269.61,5,2581,1897,0.0025,False
3619,85186C,BUNNY EGG GARLAND,528,269.17,78,2582,1725,0.0025,False
742,21644,ASSORTED TUTTI FRUTTI HEART BOX,215,268.75,32,2583,2299,0.0025,False
541,21332,MOROCCAN BEATEN METAL MIRROR,19,268.1,13,2584,3311,0.0025,False
102,17013D,ORIGAMI ROSE INCENSE IN TUBE,535,267.82,13,2585,1716,0.0025,False
622,21445,12 PINK ROSE PEG PLACE SETTINGS,214,267.5,21,2586,2304,0.0025,False
3652,85230E,STRAWBRY SCENTED VOTIVE CANDLE,1101,267.45,24,2587,1172,0.0025,False
499,21265,PINK GOOSE FEATHER TREE 60CM,131,267.21,19,2588,2569,0.0025,False
3236,84795b,SUNSET CHECK HAMMOCK,16,266.78,14,2589,3356,0.0025,False
508,21279,VINTAGE KITCHEN PRINT FRUITS,85,266.15,29,2590,2756,0.0025,False
172,20699,MOUSEY LONG LEGS SOFT TOY,97,266.03,41,2591,2698,0.0025,False
3472,85039C,S/4 BLACK MINI ROSE CANDLE IN BOWL,305,265.77,67,2592,2086,0.0025,False
3905,90160A,PURPLE BOUDICCA LARGE BRACELET,38,264.94,15,2593,3072,0.0025,False
2856,72800C,4 PINK DINNER CANDLE SILVER FLOCK,132,264.82,35,2594,2565,0.0025,False
2355,23476,WOODLAND LARGE RED FELT HEART,205,264.72,22,2595,2324,0.0025,False
3908,90160D,PINK BOUDICCA LARGE BRACELET,38,264.7,12,2596,3072,0.0025,False
3361,84952A,CLEAR LOVE BIRD T-LIGHT HOLDER,92,264.47,26,2597,2727,0.0025,False
3547,85124B,BLUE JUICY FRUIT PHOTO FRAME,93,264.06,39,2598,2721,0.0025,False
129,18098c,PORCELAIN BUTTERFLY OIL BURNER,52,263.12,12,2599,2956,0.0025,False
3548,85124C,GREEN JUICY FRUIT PHOTO FRAME,94,261.89,39,2600,2715,0.0025,False
3293,84858C,PINK RIVIERA HANDBAG,186,261.68,6,2601,2380,0.0025,False
2724,47422,ASSORTED MONKEY SUCTION CUP HOOK,653,261.3,45,2602,1573,0.0025,False
43,16012,FOOD/DRINK SPONGE STICKERS,1244,261.24,35,2603,1077,0.0025,False
2944,79337,BLUE FLOCK GLASS CANDLEHOLDER,644,259.96,10,2604,1583,0.0024,False
534,21324,HANGING MEDINA LANTERN SMALL,81,259.67,28,2605,2769,0.0024,False
2900,78124,MAGAZINE RACK GEBRA ASSORTED,199,257.75,18,2606,2339,0.0024,False
328,20997,ROSE DU SUD CUSHION COVER,59,257.61,34,2607,2912,0.0024,False
2591,35915B,BLUE KNITTED HEN,220,257.22,50,2608,2283,0.0024,False
3654,85230G,ORANGE VOTIVE CANDLE,1032,257.04,25,2609,1213,0.0024,False
631,21458,2 PICTURE BOOK EGGS EASTER BUNNY,182,256.54,36,2610,2394,0.0024,False
613,21427,SKULLS STORAGE BOX SMALL,96,256.44,41,2611,2702,0.0024,False
3363,84952C,MIRROR LOVE BIRD T-LIGHT HOLDER,144,255.0,12,2612,2521,0.0024,False
501,21269,ANTIQUE CREAM CUTLERY SHELF,29,254.98,19,2613,3168,0.0024,False
575,21379,CAMPHOR WOOD PORTOBELLO MUSHROOM,184,254.33,50,2614,2389,0.0024,False
685,21547,CERAMIC BIRDHOUSE CRESTED TIT SMALL,79,253.53,22,2615,2783,0.0024,False
2775,48173c,DOORMAT BLACK FLOCK,15,252.95,7,2616,3374,0.0024,False
3998,90201B,BLACK ENAMEL FLOWER RING,86,252.9,23,2617,2750,0.0024,False
913,21882,SKULLS TAPE,706,252.47,70,2618,1520,0.0024,False
2611,35967,FOLK ART METAL STAR T-LIGHT HOLDER,485,252.33,67,2619,1781,0.0024,False
3888,90143,SILVER BRACELET W PASTEL FLOWER,33,252.18,19,2620,3125,0.0024,False
2052,23149,ANTIQUE IVORY WIRE BOWL SMALL,99,251.45,21,2621,2685,0.0024,False
1125,22164,STRING OF STARS CARD HOLDER,78,250.22,15,2622,2790,0.0023,False
3511,85071D,CHARLIE+LOLA MY ROOM DOOR SIGN,403,249.49,84,2623,1919,0.0023,False
143,20659,ECONOMY LUGGAGE TAG,159,248.09,62,2624,2475,0.0023,False
744,21647,ASSORTED TUTTI FRUTTI LARGE PURSE,118,247.8,25,2625,2614,0.0023,False
2344,23465,TUSCAN VILLA BIRD FEEDER,29,247.63,16,2626,3168,0.0023,False
1866,22954,HEN PARTY CORDON BARRIER TAPE,202,247.63,40,2626,2328,0.0023,False
1344,22410,MONEY BOX HOUSEKEEPING DESIGN,237,247.42,58,2628,2241,0.0023,False
3190,84678,CLASSICAL ROSE SMALL VASE,142,247.04,13,2629,2534,0.0023,False
1782,22869,NUMBER TILE COTTAGE GARDEN 1,96,246.14,44,2630,2702,0.0023,False
3930,90175A,WHITE GLASS CHUNKY CHARM BRACELET,27,245.63,25,2631,3193,0.0023,False
1329,22391,PAPERWEIGHT HOME SWEET HOME,158,245.58,29,2632,2482,0.0023,False
766,21676,FLOWERS  STICKERS,257,245.36,61,2633,2192,0.0023,False
443,21190,PINK HEARTS PAPER GARLAND,168,245.2,7,2634,2447,0.0023,False
241,20819,SILVER TEDDY BEAR,64,244.72,27,2635,2882,0.0023,False
3056,84422,PINK/BLUE DISC/MIRROR STRING,566,244.17,15,2636,1679,0.0023,False
132,20616,CHERRY BLOSSOM PASSPORT COVER,194,243.53,71,2637,2358,0.0023,False
3521,85095,THREE CANVAS LUGGAGE TAGS,150,243.49,48,2638,2502,0.0023,False
3520,85094,CANDY SPOT EGG WARMER RABBIT,641,242.32,90,2639,1589,0.0023,False
1783,22870,NUMBER TILE COTTAGE GARDEN 2,94,242.24,39,2640,2715,0.0023,False
2354,23475,WOODLAND SMALL PINK FELT HEART,286,242.18,31,2641,2131,0.0023,False
3134,84592,CROCHET ROSE PURSE WITH SUEDE BACK,76,241.24,22,2642,2810,0.0023,False
2725,47469,ASSORTED SHAPES PHOTO CLIP SILVER,473,241.21,12,2643,1804,0.0023,False
2046,23143,ZINC WIRE KITCHEN ORGANISER,30,239.97,16,2644,3154,0.0023,False
343,21028,NINJA RABBIT BLACK,187,239.24,58,2645,2376,0.0022,False
2825,72131,COLUMBIAN CANDLE RECTANGLE,137,238.35,18,2646,2547,0.0022,False
1101,22137,BATHROOM SET LOVE HEART DESIGN,82,237.98,14,2647,2766,0.0022,False
2454,23580,SNACK TRAY HAPPY FOREST,117,236.87,25,2648,2617,0.0022,False
557,21360,JOY LARGE WOOD LETTERS,39,236.17,16,2649,3064,0.0022,False
3434,85023B,EAU DE NILE JEWELLED PHOTOFRAME,105,235.35,13,2650,2662,0.0022,False
224,20775,DAISY NOTEBOOK,135,235.19,63,2651,2555,0.0022,False
2718,47351B,BLUE  VOILE LAMPSHADE,86,234.5,9,2652,2750,0.0022,False
78,16216,LETTER SHAPE PENCIL SHARPENER,3333,234.0,45,2653,414,0.0022,False
1945,23036,T-LIGHT HOLDER SILVER PETIT FOUR,185,233.67,16,2654,2383,0.0022,False
340,21025,SPACE FROG,174,233.52,56,2655,2423,0.0022,False
3772,90058B,CRYSTAL STUD EARRINGS ASSORTED COL,612,232.56,15,2656,1618,0.0022,False
3292,84857C,PINK MONTE CARLO HANDBAG,98,232.33,10,2657,2693,0.0022,False
3526,85099f,JUMBO BAG STRAWBERRY,46,232.06,10,2658,3002,0.0022,False
2327,23447,PINK BUNNY EASTER EGG BASKET,158,231.9,4,2659,2482,0.0022,False
3209,84712B,PINK JEWELLED PHOTO FRAME,30,231.56,20,2660,3154,0.0022,False
425,21161,KEEP OUT BOYS DOOR HANGER,144,231.37,43,2661,2521,0.0022,False
169,20696,FLORAL SOFT CAR TOY,54,230.81,30,2662,2941,0.0022,False
1331,22394,PAPERWEIGHT KINGS CHOICE,168,230.68,23,2663,2447,0.0022,False
971,21973,SET OF 36 MUSHROOM PAPER DOILIES,159,230.55,30,2664,2475,0.0022,False
2326,23446,BLUE BUNNY EASTER EGG BASKET,157,230.25,3,2665,2486,0.0022,False
4009,90206C,CRYSTAL DIAMANTE STAR BROOCH,46,229.68,31,2666,3002,0.0022,False
3475,85040B,SET/4 BLUE FLOWER CANDLES IN BOWL,137,229.47,35,2667,2547,0.0022,False
2857,72800D,4 BLUE DINNER CANDLES SILVER FLOCK,88,229.22,31,2668,2740,0.0022,False
3631,85200,BUNNY EGG BOX,183,228.75,26,2669,2393,0.0021,False
3678,90010E,AMBER GLASS/SILVER BRACELET,25,227.89,16,2670,3222,0.0021,False
421,21157,RED RETROSPOT WASHBAG,79,227.6,34,2671,2783,0.0021,False
1914,23003,TRAVEL CARD WALLET VINTAGE ROSE,542,226.2,53,2672,1709,0.0021,False
4000,90201D,GREEN ENAMEL FLOWER RING,77,225.84,31,2673,2803,0.0021,False
1000,22031,BOTANICAL LAVENDER BIRTHDAY CARD,504,225.59,80,2674,1756,0.0021,False
3418,85014a,BLACK/BLUE POLKADOT UMBRELLA,18,225.32,14,2675,3326,0.0021,False
3903,90158,ST TROPEZ NECKLACE,45,224.12,35,2676,3011,0.0021,False
752,21657,MILK BOTTLE WITH GLASS STOPPER,30,223.46,17,2677,3154,0.0021,False
3018,84218,BOX/12 CHICK & EGG IN BASKET,123,223.11,41,2678,2598,0.0021,False
560,21364,PEACE SMALL WOOD LETTERS,30,222.96,24,2679,3154,0.0021,False
629,21456,2 PICTURE BOOK EGGS EASTER CHICKS,171,222.22,25,2680,2432,0.0021,False
3207,84711A,SILVER OVAL SHAPE TRINKET BOX,25,221.8,17,2681,3222,0.0021,False
228,20781,GOLD EAR MUFF HEADPHONES,38,221.65,25,2682,3072,0.0021,False
3310,84876D,BLUE HEART COMPACT MIRROR,129,221.25,16,2683,2579,0.0021,False
1332,22395,PAPERWEIGHT VINTAGE PAISLEY,152,220.04,33,2684,2496,0.0021,False
2590,35914,PINK CHICK EGG WARMER + EGG CUP,196,219.66,40,2685,2350,0.0021,False
275,20868,SILVER FABRIC MIRROR,458,219.35,46,2686,1830,0.0021,False
2893,75178,ASSTD COL BUTTERFLY/CRYSTAL W/CHIME,459,218.87,13,2687,1827,0.0021,False
574,21378,SMALL TALL CAMPHOR WOOD TOADSTOOL,142,217.89,34,2688,2534,0.002,False
529,21316,SMALL CHUNKY GLASS ROMAN  BOWL,160,217.68,15,2689,2472,0.002,False
3690,90014A,SILVER/MOP ORBIT NECKLACE,27,217.59,21,2690,3193,0.002,False
261,20847,ZINC HEART LATTICE CHARGER LARGE,52,217.58,18,2691,2956,0.002,False
218,20769,DAISY JOURNAL,80,217.56,34,2692,2777,0.002,False
409,21132,SILVER STANDING GNOME,44,217.36,22,2693,3019,0.002,False
3119,84559B,3D SHEET OF CAT STICKERS,237,217.29,55,2694,2241,0.002,False
3005,84051,ASS COLOUR GLOWING TIARAS,282,216.06,25,2695,2141,0.002,False
573,21377,SMALL CAMPHOR WOOD FIELD  MUSHROOM,121,215.68,41,2696,2608,0.002,False
3837,90120C,GREEN MURANO TWIST BRACELET,51,215.2,22,2697,2969,0.002,False
671,21520,BOOZE & WOMEN GREETING CARD,504,214.19,58,2698,1756,0.002,False
3089,84510C,SET OF 4 POLKADOT COASTERS,134,213.83,54,2699,2560,0.002,False
1795,22882,NUMBER TILE VINTAGE FONT 3,108,213.7,42,2700,2642,0.002,False
3994,90200C,BLUE SWEETHEART BRACELET,50,211.43,26,2701,2978,0.002,False
2822,72127,COLUMBIAN CANDLE ROUND,169,210.61,30,2702,2442,0.002,False
3312,84877B,GREEN ROUND COMPACT MIRROR,144,210.56,21,2703,2521,0.002,False
3204,84707B,PINK JEWELLED MIRROR TRINKET TRAY,34,210.55,18,2704,3116,0.002,False
3342,84926A,WAKE UP COCKEREL TILE COASTER,604,210.52,35,2705,1626,0.002,False
3933,90175D,TIGRIS EYE CHUNKY CHARM BRACELET,23,210.04,20,2706,3256,0.002,False
3906,90160B,RED BOUDICCA LARGE BRACELET,30,209.73,12,2707,3154,0.002,False
824,21750,LARGE SKULL WINDMILL,91,209.61,24,2708,2732,0.002,False
3979,90192,JADE DROP EARRINGS W FILIGREE,42,209.1,25,2709,3036,0.002,False
747,21651,HANGING GLASS ETCHED TEALIGHT,133,208.47,11,2710,2562,0.002,False
3834,90119,METALIC LEAVES BAG CHARMS,84,207.61,36,2711,2759,0.0019,False
52,16048,TEATIME ROUND PENCIL SHARPENER,1461,205.42,67,2712,949,0.0019,False
212,20763,DAISY SKETCHBOOK,73,205.04,27,2713,2827,0.0019,False
808,21726,MULTI HEARTS  STICKERS,237,204.69,42,2714,2241,0.0019,False
1791,22878,NUMBER TILE COTTAGE GARDEN No,75,204.19,33,2715,2817,0.0019,False
3306,84875B,GREEN SQUARE COMPACT MIRROR,131,203.51,20,2716,2569,0.0019,False
3650,85230A,OPIUM SCENTED VOTIVE CANDLE,840,203.28,18,2717,1385,0.0019,False
937,21911,GARDEN METAL SIGN,114,203.21,29,2718,2627,0.0019,False
3196,84688,BEACH HUT DESIGN BLACKBOARD,41,203.07,15,2719,3042,0.0019,False
2750,47578A,ENGLISH ROSE SMALL SCENTED FLOWER,219,202.53,45,2720,2286,0.0019,False
3997,90201A,PURPLE ENAMEL FLOWER RING,69,202.51,28,2721,2852,0.0019,False
1468,22541,MINI JIGSAW LEAP FROG,504,202.37,35,2722,1756,0.0019,False
3609,85179C,PINK BITTY LIGHT CHAIN,106,201.31,36,2723,2653,0.0019,False
1793,22880,NUMBER TILE VINTAGE FONT 1,99,200.59,32,2724,2685,0.0019,False
2681,44235,ASSORTED COLOURED CIRCLE MOBILE,539,200.46,13,2725,1712,0.0019,False
3377,84968e,SET OF 16 VINTAGE BLACK CUTLERY,8,200.21,6,2726,3553,0.0019,False
2767,47594A,CAROUSEL DESIGN WASHBAG,108,199.84,50,2727,2642,0.0019,False
1007,22038,BOTANICAL LAVENDER GIFT WRAP,475,199.5,19,2728,1799,0.0019,False
58,16156L,WRAP CAROUSEL,475,199.5,18,2728,1799,0.0019,False
563,21367,MIRRORED WALL ART GENTS,171,199.49,43,2730,2432,0.0019,False
1237,22289,HANGING METAL CHICKEN DECORATION,152,198.52,34,2731,2496,0.0019,False
572,21376,LARGE  TALL CAMPHOR WOOD TOADSTOOL,37,197.81,17,2732,3087,0.0019,False
1794,22881,NUMBER TILE VINTAGE FONT 2,102,197.56,34,2733,2678,0.0019,False
3699,90019A,SILVER M.O.P ORBIT BRACELET,38,197.09,27,2734,3072,0.0018,False
1211,22263,FELT EGG COSY LADYBIRD,327,196.82,51,2735,2041,0.0018,False
1013,22044,CHRISTMAS CARD STACK OF PRESENTS,816,196.44,36,2736,1411,0.0018,False
2805,71143,SILVER BOOK MARK WITH BEADS,178,196.36,37,2737,2411,0.0018,False
3686,90013A,MIDNIGHT BLUE VINTAGE EARRINGS,52,195.32,32,2738,2956,0.0018,False
3345,84926F,PSYCHEDELIC TILE COASTER,430,195.22,28,2739,1867,0.0018,False
133,20617,FIRST CLASS PASSPORT COVER,93,194.94,43,2740,2721,0.0018,False
2513,23697,A PRETTY THANK YOU CARD,456,194.58,35,2741,1833,0.0018,False
1797,22884,NUMBER TILE VINTAGE FONT 5,99,194.05,36,2742,2685,0.0018,False
139,20654,FIRST CLASS LUGGAGE TAG,152,193.59,49,2743,2496,0.0018,False
3696,90018A,SILVER M.O.P ORBIT DROP EARRINGS,46,193.33,37,2744,3002,0.0018,False
3806,90082A,DIAMANTE BOW BROOCH GREEN COLOUR,30,193.2,18,2745,3154,0.0018,False
523,21306,SET/4 DAISY MIRROR MAGNETS,495,193.03,44,2746,1770,0.0018,False
3325,84910A,PINK PAISLEY CUSHION COVER,26,192.14,17,2747,3210,0.0018,False
1796,22883,NUMBER TILE VINTAGE FONT 4,100,191.48,32,2748,2683,0.0018,False
2726,47471,RAINBOW PEGS PHOTO CLIP STRING,292,191.18,39,2749,2115,0.0018,False
3478,85045,GREEN CHRISTMAS TREE STRING 20LIGHT,42,191.1,11,2750,3036,0.0018,False
3727,90030B,RED KUKUI COCONUT SEED NECKLACE,122,190.73,25,2751,2603,0.0018,False
3964,90184C,BLACK CHUNKY BEAD BRACELET W STRAP,21,190.52,17,2752,3280,0.0018,False
342,21027,NINJA RABBIT PINK,169,190.29,42,2753,2442,0.0018,False
606,21418,STARFISH SOAP DISH,74,189.75,25,2754,2822,0.0018,False
448,21196,ROUND WHITE CONFETTI IN TUBE,108,189.68,13,2755,2642,0.0018,False
857,21807,WHITE CHRISTMAS STAR DECORATION,439,189.42,30,2756,1856,0.0018,False
526,21311,SET/4 BIRD MIRROR MAGNETS,485,188.87,51,2757,1781,0.0018,False
3433,85020,ROUND PINK HEART MIRROR,85,188.81,22,2758,2756,0.0018,False
3256,84804B,BLUE DELPHINIUM ARTIFICIAL FLOWER,99,188.37,6,2759,2685,0.0018,False
167,20694,FLORAL PINK MONSTER,43,187.54,16,2760,3027,0.0018,False
3208,84711B,PINK OVAL SHAPE TRINKET BOX,20,186.64,13,2761,3294,0.0018,False
3102,84535A,ENGLISH ROSE NOTEBOOK A6 SIZE,399,186.56,21,2762,1925,0.0018,False
876,21826,EIGHT PIECE DINOSAUR SET,126,186.43,35,2763,2589,0.0017,False
594,21402,RED  EGG  SPOON,1369,185.52,92,2764,999,0.0017,False
3058,84429A,MEDIUM PINK BUDDHA HEAD,55,185.45,21,2765,2934,0.0017,False
3999,90201C,RED ENAMEL FLOWER RING,63,185.42,21,2766,2890,0.0017,False
2898,78033,FLAG OF ST GEORGE CHAIR,38,185.3,8,2767,3072,0.0017,False
2862,72801d,4 SKY BLUE DINNER CANDLES,75,184.7,44,2768,2817,0.0017,False
2297,23416,CHAMBRE HOOK,132,184.68,25,2769,2565,0.0017,False
3694,90016B,GOLD/M.O.P PENDANT ORBIT NECKLACE,22,184.66,19,2770,3266,0.0017,False
3497,85055,FRENCH ENAMEL UTENSIL HOLDER,45,183.71,16,2771,3011,0.0017,False
3082,84509E,SET OF 4 CAROUSEL PLACEMATS,91,183.45,23,2772,2732,0.0017,False
3349,84927F,PSYCHEDELIC TILE HOOK,299,182.95,44,2773,2103,0.0017,False
1001,22032,BOTANICAL LILY GREETING CARD,427,181.98,60,2774,1872,0.0017,False
3324,84907,PINK YELLOW PATCH CUSHION COVER,29,180.93,23,2775,3168,0.0017,False
3643,85215,ASSORTED CHEESE FRIDGE MAGNETS,223,180.71,18,2776,2275,0.0017,False
2861,72801C,4 ROSE PINK DINNER CANDLES,145,180.65,19,2777,2519,0.0017,False
3255,84804A,CREAM DELPHINIUM ARTIFICIAL FLOWER,70,180.58,8,2778,2847,0.0017,False
3296,84859C,PINK DISCO HANDBAG,84,180.52,22,2779,2759,0.0017,False
1120,22157,ANGEL DECORATION WITH LACE PADDED,212,180.2,11,2780,2308,0.0017,False
803,21721,CANDY SHOP  STICKER SHEET,195,179.46,33,2781,2354,0.0017,False
2924,79190A,RETRO PLASTIC 70'S TRAY,384,179.36,63,2782,1943,0.0017,False
2669,40003,WHITE BAMBOO RIBS LAMPSHADE,155,179.23,15,2783,2490,0.0017,False
89,16258A,SWIRLY CIRCULAR RUBBERS IN BAG,472,178.97,59,2784,1805,0.0017,False
890,21847,GREEN  DIAMANTE PEN IN GIFT BOX,76,178.89,33,2785,2810,0.0017,False
3561,85131C,BEADED CRYSTAL HEART BLUE ON STICK,193,178.85,50,2786,2362,0.0017,False
1785,22872,NUMBER TILE COTTAGE GARDEN 4,72,177.46,30,2787,2833,0.0017,False
3193,84685,BEACH HUT KEY CABINET,34,177.33,21,2788,3116,0.0017,False
532,21319,GLASS CHALICE GREEN  SMALL,161,175.78,19,2789,2470,0.0016,False
3072,84507C,BLUE CIRCLES DESIGN MONKEY DOLL,66,175.73,28,2790,2870,0.0016,False
4071,gift_0001_30,Dotcomgiftshop Gift Voucher £30.00,7,175.53,7,2791,3584,0.0016,True
3639,85211,S/4 GROOVY CAT MAGNETS,149,175.16,24,2792,2506,0.0016,False
1683,22764,"RUSTIC WOODEN CABINET, GLASS DOORS",5,174.77,3,2793,3632,0.0016,False
3985,90197B,BLACK GLASS BRACELET W HEART CHARMS,35,174.73,27,2794,3105,0.0016,False
3198,84691,PACK 20 DOLLY PEGS,242,174.5,4,2795,2231,0.0016,False
3247,84800M,MEDIUM WHITE/PINK ROSE ART FLOWER,127,174.31,11,2796,2582,0.0016,False
2569,35810B,ENAMEL BLUE RIM COFFEE CONTAINER,152,174.09,26,2797,2496,0.0016,False
3322,84905,PINK BUTTERFLY CUSHION COVER,35,173.48,20,2798,3105,0.0016,False
1011,22042,CHRISTMAS CARD SINGING ANGEL,411,173.37,39,2799,1901,0.0016,False
66,16168M,FUNKY MONKEY GIFT BAG MEDIUM,371,173.12,41,2800,1962,0.0016,False
1798,22885,NUMBER TILE VINTAGE FONT 6,96,172.78,28,2801,2702,0.0016,False
2728,47481,50CM METAL STRING WITH  7 CLIPS,226,172.64,23,2802,2262,0.0016,False
344,21030,SPACE CADET RED,141,172.2,33,2803,2537,0.0016,False
2959,82011C,BATHROOM SCALES FOOTPRINTS IN SAND,51,172.05,20,2804,2969,0.0016,False
3364,84963A,PINK PAINTED KASHMIRI CHAIR,4,171.8,1,2805,3681,0.0016,False
2793,62086A,PINK RETRO BIG FLOWER BAG,88,171.6,14,2806,2740,0.0016,False
3807,90082B,DIAMANTE BOW BROOCH RED COLOUR,27,171.45,10,2807,3193,0.0016,False
3578,85146,JARDIN ETCHED GLASS SMALL BELL JAR,45,171.11,9,2808,3011,0.0016,False
831,21763,VINTAGE WOODEN BAR STOOL,6,169.75,4,2809,3601,0.0016,False
3552,85129B,BEADED CRYSTAL HEART GREEN SMALL,119,168.59,31,2810,2611,0.0016,False
542,21333,CLASSIC WHITE FRAME,56,168.16,16,2811,2931,0.0016,False
3890,90145,SILVER HOOP EARRINGS WITH FLOWER,28,168.0,18,2812,3184,0.0016,False
3177,84661A,WHITE SQUARE TABLE CLOCK,104,167.79,20,2813,2665,0.0016,False
3577,85145,JARDIN ETCHED GLASS LARGE BELL JAR,38,167.7,13,2814,3072,0.0016,False
4073,gift_0001_50,Dotcomgiftshop Gift Voucher £50.00,4,167.56,4,2815,3681,0.0016,True
3676,90010A,MIDNIGHT BLUE GLASS/SILVER BRACELET,18,167.3,15,2816,3326,0.0016,False
4070,gift_0001_20,Dotcomgiftshop Gift Voucher £20.00,10,167.05,9,2817,3492,0.0016,True
630,21457,2 PICTURE BOOK EGGS EASTER DUCKS,124,165.89,25,2818,2595,0.0016,False
509,21280,VINTAGE KITCHEN PRINT VEGETABLES,65,165.75,12,2819,2876,0.0016,False
540,21331,MOROCCAN BEATEN METAL DISH LARGE,12,165.74,8,2820,3441,0.0016,False
2831,72225C,LAVENDER SCENT CAKE CANDLE,624,165.6,17,2821,1604,0.0016,False
2511,23694,PAISLEY PARK CARD,376,165.08,41,2822,1954,0.0015,False
4048,BANK CHARGES,Bank Charges,12,165.0,11,2823,3441,0.0015,True
1465,22538,MINI JIGSAW GO TO THE FAIR,403,164.84,40,2824,1919,0.0015,False
784,21698,MOCK LOBSTER FRIDGE MAGNET,296,164.17,45,2825,2111,0.0015,False
3836,90120B,BLUE MURANO TWIST BRACELET,39,164.12,15,2826,3064,0.0015,False
3978,90191,SILVER LARIAT 40CM,26,163.82,10,2827,3210,0.0015,False
4011,90209A,PURPLE ENAMEL+GLASS HAIR COMB,84,163.8,4,2828,2759,0.0015,False
1342,22408,MONEY BOX CONFECTIONERY DESIGN,146,163.69,29,2829,2514,0.0015,False
1784,22871,NUMBER TILE COTTAGE GARDEN 3,67,163.35,25,2830,2866,0.0015,False
76,16207A,PINK STRAWBERRY HANDBAG,60,163.1,34,2831,2904,0.0015,False
387,21100,CHARLIE AND LOLA CHARLOTTE BAG,65,162.21,27,2832,2876,0.0015,False
3192,84683,CLASSICAL ROSE CANDLESTAND,194,162.2,12,2833,2358,0.0015,False
3535,85114a,BLACK ENCHANTED FOREST PLACEMAT,49,161.7,15,2834,2990,0.0015,False
565,21369,MIRRORED WALL ART SPLODGES,101,161.49,16,2835,2681,0.0015,False
3441,85027L,FRENCH CHATEAU LARGE PLATTER,70,160.5,18,2836,2847,0.0015,False
3245,84799,SPRIG LAVENDER ARTIFICIAL FLOWER,224,160.48,10,2837,2272,0.0015,False
546,21344,MOROCCAN BEATEN METAL DISH,15,160.09,6,2838,3374,0.0015,False
2195,23305,SET 4 PICNIC CUTLERY BLUEBERRY,82,159.9,9,2839,2766,0.0015,False
3406,84993A,75 GREEN PETIT FOUR CASES,343,159.69,55,2840,2011,0.0015,False
3691,90014B,GOLD M PEARL  ORBIT NECKLACE,17,158.74,15,2841,3340,0.0015,False
3025,84247G,"DECOUPAGE,GREETING CARD,",357,158.63,32,2842,1986,0.0015,False
3688,90013C,GREEN VINTAGE EARRINGS,39,158.08,28,2843,3064,0.0015,False
106,17038,PORCELAIN BUDAH INCENSE HOLDER,1525,158.06,34,2844,924,0.0015,False
3075,84508C,BLUE CIRCLES DESIGN TEDDY,57,157.5,25,2845,2920,0.0015,False
3874,90134,OLD ROSE COMBO BEAD NECKLACE,54,157.5,45,2845,2941,0.0015,False
2298,23417,BATHROOM HOOK,146,157.5,27,2845,2514,0.0015,False
3317,84882,GREEN WIRE STANDING CANDLE HOLDER,38,157.34,18,2848,3072,0.0015,False
2561,35649,VINTAGE BEAD COSMETIC BAG,57,156.85,35,2849,2920,0.0015,False
2347,23468,TUSCAN VILLA BIRD TABLE,19,156.75,11,2850,3311,0.0015,False
3187,84673B,BLUE FLY SWAT,179,156.63,66,2851,2408,0.0015,False
2680,44234,ASSORTED CIRCULAR MOBILE,698,155.82,33,2852,1531,0.0015,False
548,21349,IVY HEART WREATH,18,155.6,11,2853,3326,0.0015,False
1297,22353,LUNCH BOX WITH CUTLERY FAIRY CAKES,61,155.55,24,2854,2898,0.0015,False
3136,84595E,LARGE TORTILLA DESIGN RED BOWL,78,154.68,22,2855,2790,0.0015,False
2374,23496,PANTRY KITCHEN THERMOMETER,112,154.52,31,2856,2632,0.0015,False
3273,84827,ASS DES PHONE SPONGE CRAFT STICKER,511,154.39,14,2857,1750,0.0014,False
713,21614,SET OF 12 ROSE BOTANICAL T-LIGHTS,51,153.29,9,2858,2969,0.0014,False
416,21145,ANTIQUE GLASS PLACE SETTING,122,152.5,8,2859,2603,0.0014,False
3987,90198B,VINTAGE ROSE BEAD BRACELET BLACK,36,152.4,17,2860,3091,0.0014,False
3313,84877D,BLUE ROUND COMPACT MIRROR,97,152.18,18,2861,2698,0.0014,False
3298,84865,NEW BAROQUE BLACK PHOTO ALBUM,29,152.11,14,2862,3168,0.0014,False
2823,72128,COLUMBIAN CANDLE ROUND,193,152.05,36,2863,2362,0.0014,False
593,21401,BLUE PUDDING SPOON,1052,151.19,82,2864,1201,0.0014,False
1349,22415,WHITE TISSUE REAM,19,151.05,13,2865,3311,0.0014,False
3569,85135A,YELLOW DRAGONFLY HELICOPTER,19,151.05,8,2865,3311,0.0014,False
1787,22874,NUMBER TILE COTTAGE GARDEN 6,65,150.81,21,2867,2876,0.0014,False
4066,DCGSSBOY,BOYS PARTY BAG,47,150.55,11,2868,2999,0.0014,True
814,21738,COSY SLIPPER SHOES SMALL  RED,48,150.48,21,2869,2994,0.0014,False
632,21459,YELLOW EASTER EGG HUNT START POST,76,150.38,19,2870,2810,0.0014,False
3163,84629,WHITE 3 FRAME BIRDS AND TREE,20,150.0,10,2871,3294,0.0014,False
3365,84963B,BLUE PAINTED KASHMIRI CHAIR,3,149.85,1,2872,3722,0.0014,False
3687,90013B,BLACK VINTAGE EARRINGS,36,149.41,31,2873,3091,0.0014,False
2689,46000R,POLYESTER FILLER PAD 45x30cm,103,149.35,38,2874,2671,0.0014,False
398,21117,BLOND DOLL DOORSTOP,115,149.25,14,2875,2623,0.0014,False
1788,22875,NUMBER TILE COTTAGE GARDEN 7,63,149.09,25,2876,2890,0.0014,False
3968,90185D,CRYSTAL DIAMANTE EXPANDABLE RING,35,148.63,11,2877,3105,0.0014,False
3130,84576,BLUE CAT BISCUIT BARREL PINK HEART,66,148.32,17,2878,2870,0.0014,False
653,21486,PINK HEART DOTS HOT WATER BOTTLE,36,147.88,11,2879,3091,0.0014,False
2651,37479P,CUBIC MUG FLOCK PINK ON BROWN,175,146.91,32,2880,2419,0.0014,False
2958,82011B,BATHROOM SCALES RUBBER DUCKS,43,146.85,21,2881,3027,0.0014,False
1781,22868,NUMBER TILE COTTAGE GARDEN 0,64,146.6,20,2882,2882,0.0014,False
1799,22886,NUMBER TILE VINTAGE FONT 7,87,146.43,25,2883,2746,0.0014,False
3299,84870B,BLUE GEISHA GIRL,44,146.08,25,2884,3019,0.0014,False
3300,84870C,GREEN GEISHA GIRL,46,146.05,28,2885,3002,0.0014,False
3832,90116,FRUIT SALAD BAG CHARM,64,145.52,45,2886,2882,0.0014,False
1786,22873,NUMBER TILE COTTAGE GARDEN 5,60,145.5,26,2887,2904,0.0014,False
3074,84508B,STRIPES DESIGN TEDDY,57,145.35,30,2888,2920,0.0014,False
2715,47343A,FUSCHIA FLOWER PURSE WITH BEADS,159,145.17,14,2889,2475,0.0014,False
3543,85118,HEART T-LIGHT HOLDER,146,144.52,10,2890,2514,0.0014,False
4067,DCGSSGIRL,GIRLS PARTY BAG,47,144.43,13,2891,2999,0.0014,True
206,20757,RED DAISY POCKET BOOK,167,144.29,33,2892,2451,0.0014,False
564,21368,MIRRORED WALL ART LADIES,164,144.03,33,2893,2456,0.0014,False
3010,84192,ASSORTED COLOUR METAL CAT,115,143.75,25,2894,2623,0.0013,False
376,21082,SET/20 FRUIT SALAD PAPER NAPKINS,88,143.44,25,2895,2740,0.0013,False
255,20837,FRENCH FLORAL CUSHION COVER,141,142.47,15,2896,2537,0.0013,False
1002,22033,BOTANICAL ROSE GREETING CARD,337,141.95,22,2897,2017,0.0013,False
223,20774,GREEN FERN NOTEBOOK,86,141.24,44,2898,2750,0.0013,False
144,20661,BLUE POLKADOT PURSE,44,141.15,33,2899,3019,0.0013,False
3239,84796a,PINK HAWAIIAN PICNIC HAMPER FOR 2,17,141.11,12,2900,3340,0.0013,False
254,20836,FRENCH PAISLEY CUSHION COVER,170,141.1,17,2901,2438,0.0013,False
3920,90164B,WHITE  ROSEBUD PEARL BRACELET,38,140.98,15,2902,3072,0.0013,False
56,16054,POPART RECT PENCIL SHARPENER ASST,1166,140.52,33,2903,1130,0.0013,False
3927,90170,DAISY HAIR BAND,85,140.33,37,2904,2756,0.0013,False
3219,84744,S/6 SEW ON CROCHET FLOWERS,110,140.02,20,2905,2638,0.0013,False
1090,22125,UNION JACK HOT WATER BOTTLE,13,139.86,3,2906,3418,0.0013,False
2342,23463,VINTAGE ZINC WATERING CAN,13,139.4,8,2907,3418,0.0013,False
1789,22876,NUMBER TILE COTTAGE GARDEN 8,61,138.81,20,2908,2898,0.0013,False
2888,75011,BLUE DAISY MOBILE,172,138.76,12,2909,2428,0.0013,False
2598,35922,EASTER BUNNY WREATH,28,138.6,10,2910,3184,0.0013,False
2194,23304,SET 4 PICNIC CUTLERY CHERRY,71,138.45,9,2911,2842,0.0013,False
2927,79191B,RETRO PLASTIC POLKA TRAY,159,138.3,30,2912,2475,0.0013,False
1790,22877,NUMBER TILE COTTAGE GARDEN 9,63,138.11,19,2913,2890,0.0013,False
207,20758,ABSTRACT CIRCLES POCKET BOOK,162,137.7,42,2914,2464,0.0013,False
3952,90181B,AMETHYST GLASS/SHELL/PEARL NECKLACE,15,137.63,14,2915,3374,0.0013,False
813,21736,GOLD SCROLL GLASS T-LIGHT HOLDER,80,137.22,5,2916,2777,0.0013,False
736,21637,ASSORTED SANSKRIT MINI NOTEBOOK,109,136.25,6,2917,2639,0.0013,False
3174,84660c,PINK STITCHED WALL CLOCK,18,134.92,16,2918,3326,0.0013,False
3796,90073,VINTAGE ENAMEL & CRYSTAL EARRINGS,27,134.7,18,2919,3193,0.0013,False
3831,90115,SUMMER BUTTERFLIES BAG CHARM,54,134.53,31,2920,2941,0.0013,False
961,21943,CAKES AND RABBITS DESIGN FLANNEL,119,134.49,50,2921,2611,0.0013,False
3724,90028,NEW BAROQUE LARGE NECKLACE BLK/WHIT,16,134.16,14,2922,3356,0.0013,False
2691,46000U,POLYESTER FILLER PAD 30CMx30CM,107,133.75,26,2923,2648,0.0013,False
2824,72130,COLUMBIAN CANDLE ROUND,219,133.34,27,2924,2286,0.0013,False
2597,35921,EASTER BUNNY HANGING GARLAND,68,133.23,23,2925,2858,0.0013,False
244,20823,GOLD WINE GOBLET,168,132.72,8,2926,2447,0.0012,False
4010,90208,PAIR OF PINK FLOWER CLUSTER SLIDE,53,132.7,37,2927,2949,0.0012,False
2796,62096A,PINK/YELLOW FLOWERS HANDBAG,106,132.5,8,2928,2653,0.0012,False
669,21518,BANK ACCOUNT  GREETING  CARD,318,132.44,38,2929,2066,0.0012,False
4017,90210D,PURPLE ACRYLIC FACETED BANGLE,107,132.05,8,2930,2648,0.0012,False
3469,85039a,SET/4 RED MINI ROSE CANDLE IN BOWL,40,131.81,29,2931,3054,0.0012,False
3965,90185A,AMBER DIAMANTE EXPANDABLE RING,31,131.03,13,2932,3148,0.0012,False
3919,90164A,PINK ROSEBUD PEARL BRACELET,27,130.67,14,2933,3193,0.0012,False
4016,90210C,RED   ACRYLIC FACETED BANGLE,99,130.51,10,2934,2685,0.0012,False
3086,84510a,SET OF 4 ENGLISH ROSE COASTERS,53,130.48,40,2935,2949,0.0012,False
2641,37467,PIG MUG IN TWO COLOUR DESIGNS,159,130.27,17,2936,2475,0.0012,False
3665,90000D,COPPER/OLIVE GREEN FLOWER NECKLACE,21,129.85,14,2937,3280,0.0012,False
510,21281,VINTAGE KITCHEN PRINT SEAFOOD,43,129.63,14,2938,3027,0.0012,False
2757,47590b,PINK HAPPY BIRTHDAY BUNTING,12,129.48,9,2939,3441,0.0012,False
2852,72799C,PINK PILLAR CANDLE SILVER FLOCK,81,129.47,19,2940,2769,0.0012,False
592,21400,RED PUDDING SPOON,881,128.63,72,2941,1343,0.0012,False
246,20826,SILVER APERITIF GLASS,276,128.4,8,2942,2148,0.0012,False
2555,35638B,PINK/BLUE STRING CURTAIN,57,128.33,5,2943,2920,0.0012,False
3282,84846A,SCENTED CANDLE IN DIGITALIS TIN,57,128.14,13,2944,2920,0.0012,False
3248,84800S,SMALL WHITE/PINK ROSE ART FLOWER,113,127.57,9,2945,2629,0.0012,False
3949,90180A,BLACK+WHITE NECKLACE W TASSEL,17,127.24,9,2946,3340,0.0012,False
3555,85130A,BEADED PEARL HEART WHITE LARGE,77,127.05,10,2947,2803,0.0012,False
2926,79190D,RETRO PLASTIC DAISY TRAY,265,126.98,47,2948,2175,0.0012,False
1800,22887,NUMBER TILE VINTAGE FONT 8,78,126.78,23,2949,2790,0.0012,False
2193,23303,SET 4 PICNIC CUTLERY FONDANT,65,126.75,6,2950,2876,0.0012,False
3506,85067,CREAM SWEETHEART WALL CABINET,7,126.65,5,2951,3584,0.0012,False
3990,90199C,5 STRAND GLASS NECKLACE CRYSTAL,20,126.64,10,2952,3294,0.0012,False
2452,23578,SNACK TRAY RED GINGHAM,60,125.72,14,2953,2904,0.0012,False
3371,84968a,SET OF 16 VINTAGE ROSE CUTLERY,5,125.33,3,2954,3632,0.0012,False
1801,22888,NUMBER TILE VINTAGE FONT 9,76,124.98,21,2955,2810,0.0012,False
3021,84228,HEN HOUSE W CHICK STANDING,297,124.09,27,2956,2106,0.0012,False
607,21420,OYSTER TRINKET BOX,54,123.66,19,2957,2941,0.0012,False
2356,23477,WOODLAND LARGE BLUE FELT HEART,92,123.47,13,2958,2727,0.0012,False
2623,37343,POLKADOT MUG PINK,72,123.3,13,2959,2833,0.0012,False
3771,90058A,CRYSTAL STUD EARRINGS CLEAR DISPLAY,324,123.12,7,2960,2047,0.0012,False
3323,84906,PINK B'FLY C/COVER W BOBBLES,35,123.02,12,2961,3105,0.0012,False
3981,90195A,PURPLE GEMSTONE BRACELET,19,122.84,10,2962,3311,0.0012,False
3793,90070,RUBY GLASS CLUSTER BRACELET,20,122.64,14,2963,3294,0.0012,False
3514,85086A,CANDY SPOT HEART DECORATION,146,122.08,50,2964,2514,0.0011,False
3862,90129B,TURQUOISE GLASS TASSLE BAG CHARM,57,121.38,20,2965,2920,0.0011,False
2620,37333,"RETRO ""TEA FOR ONE""",21,120.99,17,2966,3280,0.0011,False
259,20845,ZINC HEART LATTICE 2 WALL PLANTER,19,120.65,11,2967,3311,0.0011,False
3928,90173,PAIR BUTTERFLY HAIR CLIPS,32,120.34,17,2968,3135,0.0011,False
2346,23467,VINTAGE ZINC PLANTER,32,120.08,11,2969,3135,0.0011,False
2616,35972,DAISY FOLKART HEART DECORATION,96,120.0,16,2970,2702,0.0011,False
3909,90161A,ANT COPPER RED BOUDICCA BRACELET,24,119.91,21,2971,3239,0.0011,False
3847,90124B,BLUE MURANO TWIST NECKLACE,12,119.89,11,2972,3441,0.0011,False
3672,90003C,MIDNIGHT BLUE PAIR HEART HAIR SLIDE,32,119.84,24,2973,3135,0.0011,False
3126,84569B,PACK 3 FIRE ENGINE/CAR PATCHES,86,119.65,19,2974,2750,0.0011,False
3841,90122C,TURQUOISE CRYSTAL+GLASS BRACELET,24,119.23,11,2975,3239,0.0011,False
10,10080,GROOVY CACTUS INFLATABLE,303,119.09,22,2976,2094,0.0011,False
346,21032,SPACE CADET WHITE,98,119.03,30,2977,2693,0.0011,False
3206,84709B,PINK OVAL JEWELLED MIRROR,20,119.0,11,2978,3294,0.0011,False
3537,85114b,IVORY ENCHANTED FOREST PLACEMAT,36,118.86,14,2979,3091,0.0011,False
3071,84507B,STRIPES DESIGN MONKEY DOLL,39,118.73,22,2980,3064,0.0011,False
384,21095,SET/6 POSIES PAPER PLATES,125,118.73,14,2980,2590,0.0011,False
3961,90184A,AMBER CHUNKY BEAD BRACELET W STRAP,13,117.73,9,2982,3418,0.0011,False
864,21814,HEART T-LIGHT HOLDER,78,117.57,15,2983,2790,0.0011,False
3957,90183A,AMBER DROP EARRINGS W LONG BEADS,40,117.24,23,2984,3054,0.0011,False
3217,84741C,CITRUS GARLAND FELT FLOWERS,60,117.0,14,2985,2904,0.0011,False
2054,23151,ZINC SWEETHEART SOAP DISH,62,116.82,21,2986,2895,0.0011,False
2088,23185,FRENCH STYLE STORAGE JAR JAM,323,116.59,30,2987,2055,0.0011,False
2846,72780,BLACK SILOUETTE CANDLE PLATE,137,116.45,20,2988,2547,0.0011,False
2788,51020A,SUMMER FUN DESIGN SHOWER CAP,325,116.33,18,2989,2044,0.0011,False
2880,72812,LARGE ZINC GLASS CANDLEHOLDER,34,116.06,11,2990,3116,0.0011,False
3261,84809A,WHITE CHRYSANTHEMUMS ART FLOWER,55,115.5,8,2991,2934,0.0011,False
54,16052,TEATIME PUSH DOWN RUBBER,479,115.3,13,2992,1790,0.0011,False
3893,90148,LONG SILVER NECKLACE PASTEL FLOWER,9,114.48,6,2993,3523,0.0011,False
3868,90130B,TURQ STONE/CRYSTAL EARRINGS,39,113.97,31,2994,3064,0.0011,False
2736,47518F,ICON PLACEMAT POP ART ELVIS,827,113.64,28,2995,1397,0.0011,False
3061,84457,SET/3 RABBITS FLOWER SKIPPPING ROPE,127,113.41,26,2996,2582,0.0011,False
2863,72801D,4 SKY BLUE DINNER CANDLES,75,113.21,18,2997,2817,0.0011,False
233,20795,LARGE BLUE PROVENCAL CERAMIC BALL,49,113.05,11,2998,2990,0.0011,False
2731,47503H,ASS FLORAL PRINT SPIRIT LEVEL,101,112.81,37,2999,2681,0.0011,False
3341,84925F,PSYCHEDELIC WALL THERMOMETER,80,112.48,14,3000,2777,0.0011,False
3673,90003D,CRYSTAL PAIR HEART HAIR SLIDES,30,112.26,16,3001,3154,0.0011,False
3820,90096,NECKLACE+BRACELET SET BLUE BLOSSOM,45,112.21,26,3002,3011,0.0011,False
768,21678,PAISLEY PATTERN  STICKERS,125,111.86,32,3003,2590,0.001,False
4022,90214A,"LETTER ""A"" BLING KEY RING",130,111.66,56,3004,2576,0.001,False
3739,90036E,"FLOWER GLASS GARLD NECKL36""AMETHYST",14,110.95,11,3005,3392,0.001,False
3967,90185C,BLACK DIAMANTE EXPANDABLE RING,26,110.09,10,3006,3210,0.001,False
3852,90125D,PURPLE BERTIE GLASS BEAD BAG CHARM,95,110.03,19,3007,2708,0.001,False
193,20731,POSY CANDY BAG,92,109.96,16,3008,2727,0.001,False
3589,85167B,BLACK GRAND BAROQUE PHOTO FRAME,50,109.94,8,3009,2978,0.001,False
507,21278,VINTAGE KITCHEN PRINT PUDDINGS,43,109.65,7,3010,3027,0.001,False
3848,90124C,GREEN MURANO TWIST NECKLACE,11,109.54,8,3011,3471,0.001,False
3839,90122A,PINK CRYSTAL+GLASS BRACELET,22,109.48,14,3012,3266,0.001,False
3522,85096,HILDA CANDY SPOT RABBIT,25,109.23,16,3013,3222,0.001,False
282,20894,HANGING BAUBLE T-LIGHT HOLDER LARGE,33,108.71,15,3014,3125,0.001,False
568,21372,MIRRORED WALL ART TABLE LAMP,75,107.75,33,3015,2817,0.001,False
2595,35916C,PINK FELT HANGING HEART W FLOWER,106,107.72,20,3016,2653,0.001,False
112,17090A,LAVENDER INCENSE 40 CONES IN TIN,109,107.45,10,3017,2639,0.001,False
3553,85129C,BEADED CRYSTAL HEART BLUE SMALL,80,107.31,15,3018,2777,0.001,False
931,21904,HOUSE WRECKING METAL SIGN,51,107.1,23,3019,2969,0.001,False
2483,23626,SET 10 CARDS DINKY TREE 17076,43,107.07,16,3020,3027,0.001,False
2574,35818P,"ACRYLIC JEWEL ICICLE, PINK",266,106.97,19,3021,2171,0.001,False
2575,35819B,"ACRYLIC HANGING JEWEL,BLUE",270,106.81,24,3022,2161,0.001,False
3849,90125A,PINK BERTIE GLASS BEAD BAG CHARM,115,106.24,10,3023,2623,0.001,False
141,20657,TROPICAL LUGGAGE TAG,73,105.91,33,3024,2827,0.001,False
285,20898,VINTAGE NOTEBOOK TRAVELOGUE,38,105.73,13,3025,3072,0.001,False
3693,90016A,SILVER/M.O.P PENDANT ORBIT NECKLACE,17,105.71,7,3026,3340,0.001,False
3473,85040a,S/4 PINK FLOWER CANDLES IN BOWL,32,105.28,21,3027,3135,0.001,False
1008,22039,BOTANICAL LILY GIFT WRAP,250,105.0,7,3028,2214,0.001,False
2449,23574,PACKING CHARGE,14,105.0,14,3028,3392,0.001,False
3180,84661C,PINK SQUARE TABLE CLOCK,71,104.84,14,3030,2842,0.001,False
2596,35920,FOUR RABBIT EASTER DECORATIONS,72,104.84,15,3030,2833,0.001,False
3064,84461,12 PINK HEN+CHICKS IN BASKET,41,104.55,14,3032,3042,0.001,False
110,17084P,DRAGONS BLOOD INCENSE,423,104.44,39,3033,1878,0.001,False
234,20796,SMALL BLUE PROVENCAL CERAMIC BALL,62,103.94,9,3034,2895,0.001,False
2913,79144B,PAINTED LIGHTBULB STAR+ MOON,181,103.65,53,3035,2399,0.001,False
3730,90032,IVORY SHELL HEART NECKLACE,21,103.13,8,3036,3280,0.001,False
1792,22879,NUMBER TILE VINTAGE FONT 0,70,102.46,16,3037,2847,0.001,False
3783,90063A,WHITE VINT ART DECO CRYSTAL NECKLAC,12,102.0,8,3038,3441,0.001,False
3983,90196A,PURPLE GEMSTONE NECKLACE 45CM,8,102.0,5,3038,3553,0.001,False
174,20701,PINK CAT FLORAL CUSHION COVER,25,100.97,18,3040,3222,0.0009,False
2553,35637C,PINK STRING CURTAIN WITH POLE,30,100.86,9,3041,3154,0.0009,False
48,16033,MINI HIGHLIGHTER PENS,840,100.8,4,3042,1385,0.0009,False
2587,35911B,PINK/FLOWER RABBIT EGG WARMER,119,100.76,15,3043,2611,0.0009,False
4072,gift_0001_40,Dotcomgiftshop Gift Voucher £40.00,3,100.7,3,3044,3722,0.0009,True
566,21370,MIRRORED WALL ART FOXY,16,100.66,9,3045,3356,0.0009,False
1341,22407,MONEY BOX FIRST ADE DESIGN,95,100.53,24,3046,2708,0.0009,False
3677,90010B,BLACK/WHITE GLASS/SILVER BRACELET,11,100.09,7,3047,3471,0.0009,False
3805,90081C,LILY BROOCH OLIVE COLOUR,20,99.6,15,3048,3294,0.0009,False
2470,23611,SET 10 CARDS RED RIDING HOOD 17214,40,99.6,16,3048,3054,0.0009,False
114,17091A,LAVENDER INCENSE IN TIN,172,99.29,25,3050,2428,0.0009,False
2343,23464,VINTAGE ZINC WATERING CAN SMALL,18,99.2,8,3051,3326,0.0009,False
3088,84510c,SET OF 4 POLKADOT COASTERS,40,98.7,23,3052,3054,0.0009,False
3320,84898F,YELLOW FLOWERS FELT HANDBAG KIT,46,98.63,19,3053,3002,0.0009,False
2914,79144C,PAINTED LIGHTBULB RAINBOW DESIGN,153,98.54,51,3054,2494,0.0009,False
3824,90101,WHITE FRANGIPANI NECKLACE,39,98.07,17,3055,3064,0.0009,False
3211,84723,CHERRY BLOSSOM CANVAS ART PICTURE,41,97.95,6,3056,3042,0.0009,False
2721,47369B,BLUE GREEN EMBROIDERY COSMETIC BAG,35,97.13,22,3057,3105,0.0009,False
3966,90185B,AMETHYST DIAMANTE EXPANDABLE RING,23,97.02,12,3058,3256,0.0009,False
3259,84806A,PINK CANDYSTUFT ARTIFICIAL FLOWER,137,96.89,11,3059,2547,0.0009,False
4005,90204,PAIR OF ENAMEL BUTTERFLY HAIRCLIP,29,96.86,18,3060,3168,0.0009,False
3249,84801A,PINK HYDRANGEA ART FLOWER,46,96.6,5,3061,3002,0.0009,False
3700,90019B,GOLD M.O.P ORBIT BRACELET,18,96.52,18,3062,3326,0.0009,False
2860,72801c,4 ROSE PINK DINNER CANDLES,39,95.94,25,3063,3064,0.0009,False
804,21722,SWEET PUDDING STICKER SHEET,98,95.53,36,3064,2693,0.0009,False
3929,90174,BUTTERFLY HAIR BAND,38,95.42,21,3065,3072,0.0009,False
838,21777,RECIPE BOX WITH METAL HEART,12,95.4,6,3066,3441,0.0009,False
3738,90036D,"FLOWER GLASS GARLAND NECKL.36""BLACK",12,95.35,5,3067,3441,0.0009,False
3891,90146,FINE SILVER NECKLACE W PASTEL FLOWE,17,95.35,7,3067,3340,0.0009,False
3944,90178A,AMBER CHUNKY GLASS+BEAD NECKLACE,8,95.25,8,3069,3553,0.0009,False
138,20653,CHERRY BLOSSOM LUGGAGE TAG,73,95.18,33,3070,2827,0.0009,False
3097,84527,FLAMES SUNGLASSES PINK LENSES,52,95.1,8,3071,2956,0.0009,False
3184,84666,SQUARE CHERRY BLOSSOM CABINET,24,94.8,4,3072,3239,0.0009,False
3873,90133,TEAL/FUSCHIA COL BEAD NECKLACE,19,94.43,13,3073,3311,0.0009,False
2980,82613A,"METAL SIGN,CUPCAKE SINGLE HOOK",72,93.63,18,3074,2833,0.0009,False
2720,47369A,PINK GREEN EMBROIDERY COSMETIC BAG,33,93.19,20,3075,3125,0.0009,False
222,20773,BLUE PAISLEY NOTEBOOK,56,92.4,23,3076,2931,0.0009,False
3697,90018B,GOLD M.O.P ORBIT DROP EARRINGS,22,92.28,17,3077,3266,0.0009,False
2601,35933,PINK STOCKING CHRISTMAS DECORATION,226,92.21,19,3078,2262,0.0009,False
3563,85132a,CHARLIE + LOLA BISCUITS TINS,8,92.2,8,3079,3553,0.0009,False
2986,82615,PINK MARSHMALLOW SCARF KNITTING KIT,36,91.8,1,3080,3091,0.0009,False
3728,90030C,BROWN KUKUI COCONUT SEED NECKLACE,77,91.7,11,3081,2803,0.0009,False
3931,90175B,PINK GLASS CHUNKY CHARM BRACELET,10,91.68,9,3082,3492,0.0009,False
286,20901,VINTAGE KEEPSAKE BOX PINK FLOWER,20,91.48,15,3083,3294,0.0009,False
145,20662,FIRST CLASS HOLIDAY PURSE,31,90.42,20,3084,3148,0.0008,False
3653,85230F,JASMINE VOTIVE CANDLE,338,90.34,12,3085,2015,0.0008,False
3917,90163A,PINK ROSEBUD & PEARL NECKLACE,12,90.32,9,3086,3441,0.0008,False
3704,90022,EDWARDIAN DROP EARRINGS JET BLACK,24,90.2,20,3087,3239,0.0008,False
778,21690,SILVER  CANDLEPOT JARDIN,24,90.0,7,3088,3239,0.0008,False
2820,72051S,BAG OF SILVER STONES,131,89.95,13,3089,2569,0.0008,False
2581,35833P,4 PINK FLOCK CHRISTMAS BALLS,50,89.72,22,3090,2978,0.0008,False
2528,35400,WOODEN BOX ADVENT CALENDAR,10,89.5,5,3091,3492,0.0008,False
280,20892,SET/3 TALL GLASS CANDLE HOLDER PINK,4,89.22,3,3092,3681,0.0008,False
3842,90123A,PINK HEART OF GLASS BRACELET,15,89.12,9,3093,3374,0.0008,False
3394,84984A,GREEN PEONY CUSHION COVER,19,88.35,6,3094,3311,0.0008,False
3038,84306,S/3 PINK SQUARE PLANTERS ROSES,10,88.22,9,3095,3492,0.0008,False
3923,90166,PINK & WHITE ROSEBUD RING,21,88.04,15,3096,3280,0.0008,False
3866,90129F,RED GLASS TASSLE BAG CHARM,40,88.03,16,3097,3054,0.0008,False
3099,84531B,BLUE KNITTED EGG COSY,156,87.56,28,3098,2488,0.0008,False
3400,84989a,75 GREEN FAIRY CAKE CASES,42,87.51,25,3099,3036,0.0008,False
2323,23442,12 HANGING EGGS HAND PAINTED,42,87.36,7,3100,3036,0.0008,False
276,20869,GOLD FABRIC MIRROR,180,86.76,29,3101,2402,0.0008,False
350,21038,SET/4 MODERN VINTAGE COTTON NAPKINS,77,86.75,23,3102,2803,0.0008,False
2473,23614,SET 10 CARDS 12 DAYS WRAP  17058,26,86.58,11,3103,3210,0.0008,False
3674,90003E,GREEN PAIR HEART HAIR SLIDES,23,86.11,14,3104,3256,0.0008,False
2947,79403,FROSTED WHITE BASE,95,85.52,15,3105,2708,0.0008,False
2892,75172,PAINTED SEA SHELL METAL WINDCHIME,93,85.31,8,3106,2721,0.0008,False
243,20821,GOLDIE LOOKING MIRROR,17,84.15,6,3107,3340,0.0008,False
68,16169K,WRAP FOLK ART,200,84.0,8,3108,2335,0.0008,False
298,20941,FROG CANDLE,64,83.78,19,3109,2882,0.0008,False
3795,90072,RUBY DROP CHANDELIER EARRINGS,21,83.42,14,3110,3280,0.0008,False
990,22016,Dotcomgiftshop Gift Voucher £100.00,1,83.33,1,3111,3839,0.0008,False
3844,90123C,GREEN HEART OF GLASS BRACELET,14,83.29,6,3112,3392,0.0008,False
3861,90129A,PINK GLASS TASSLE BAG CHARM,45,82.98,20,3113,3011,0.0008,False
3316,84881,BLUE WIRE SPIRAL CANDLE HOLDER,12,82.57,6,3114,3441,0.0008,False
2554,35638A,PINK AND BLACK STRING CURTAIN,38,82.1,5,3115,3072,0.0008,False
2612,35968,FOLK ART METAL HEART T-LIGHT HOLDER,163,82.1,19,3115,2460,0.0008,False
53,16049,TEATIME GEL PENS ASST,504,82.08,5,3117,1756,0.0008,False
3828,90108,BLUE BLOSSOM HAIR CLIP,70,81.96,12,3118,2847,0.0008,False
474,21226,POCKET MIRROR WOODLAND,94,81.8,20,3119,2715,0.0008,False
147,20664,TROPICAL HOLIDAY PURSE,32,81.66,18,3120,3135,0.0008,False
2815,71496A,A4 WALL TIDY BLUE OFFICE,127,80.96,12,3121,2582,0.0008,False
3932,90175C,BLUE GLASS CHUNKY CHARM BRACELET,9,80.55,6,3122,3523,0.0008,False
3029,84249A,"GREETING CARD,SQUARE, DOUGHNUTS",174,80.46,27,3123,2423,0.0008,False
3348,84927E,FLOWERS TILE HOOK,59,80.16,13,3124,2912,0.0008,False
3863,90129C,GREEN GLASS TASSLE BAG CHARM,35,79.76,16,3125,3105,0.0007,False
3846,90124A,PINK MURANO TWIST NECKLACE,8,79.66,6,3126,3553,0.0007,False
3914,90162B,ANT SILVER LIME GREEN BOUDICCA RING,27,79.65,10,3127,3193,0.0007,False
3395,84984B,RED PEONY CUSHION COVER,17,79.05,5,3128,3340,0.0007,False
2879,72811,SMALL ZINC/GLASS CANDLEHOLDER,53,78.93,8,3129,2949,0.0007,False
3283,84847,FLORAL BATHROOM SET,21,78.75,11,3130,3280,0.0007,False
3751,90039D,FIRE POLISHED GLASS BRACELET GREEN,21,78.69,9,3131,3280,0.0007,False
2650,37479B,CUBIC MUG FLOCK BLUE ON BROWN,131,78.09,21,3132,2569,0.0007,False
3662,90000A,RASPBERRY ANT COPPER FLOWER NECKLAC,13,77.91,8,3133,3418,0.0007,False
3812,90086,CRYSTAL FROG PHONE CHARM,102,77.79,28,3134,2678,0.0007,False
3865,90129E,PURPLE GLASS TASSLE BAG CHARM,42,77.04,14,3135,3036,0.0007,False
319,20980,36 PENCILS TUBE POSY,79,76.91,20,3136,2783,0.0007,False
3098,84531A,PINK KNITTED EGG COSY,147,76.69,29,3137,2512,0.0007,False
2594,35916B,BLUE FELT HANGING HEART WITH FLOWER,91,76.68,32,3138,2732,0.0007,False
2688,46000P,POLYESTER FILLER PAD 65CMx65CM,18,76.5,6,3139,3326,0.0007,False
3278,84840,SWEETHEART CARRY-ALL BASKET,6,76.44,6,3140,3601,0.0007,False
3822,90099,NECKLACE+BRACELET SET BLUE HIBISCUS,27,76.38,16,3141,3193,0.0007,False
3784,90063B,BLACK VINT ART DEC CRYSTAL NECKLACE,9,76.32,6,3142,3523,0.0007,False
3941,90177C,DROP DIAMANTE EARRINGS CRYSTAL,26,76.23,14,3143,3210,0.0007,False
77,16207B,PINK HEART RED HANDBAG,29,76.14,18,3144,3168,0.0007,False
235,20798,CLEAR MILKSHAKE GLASS,36,75.6,5,3145,3091,0.0007,False
964,21946,PARTY TIME DESIGN FLANNEL,86,75.35,25,3146,2750,0.0007,False
601,21413,PERIWINKLE T-LIGHT HOLDER,48,75.02,17,3147,2994,0.0007,False
4069,gift_0001_10,Dotcomgiftshop Gift Voucher £10.00,9,74.97,8,3148,3523,0.0007,True
3375,84968d,SET OF 16 VINTAGE RED CUTLERY,3,74.88,3,3149,3722,0.0007,False
3033,84251G,"GREETING CARD, OVERCROWDED POOL.",270,74.7,53,3150,2161,0.0007,False
3833,90118,PINK DAISY BAG CHARM,30,74.64,19,3151,3154,0.0007,False
100,17012E,ORIGAMI OPIUM INCENSE/CANDLE SET,68,74.64,10,3151,2858,0.0007,False
3565,85132b,CHARLIE AND LOLA TABLE TINS,9,74.61,9,3153,3523,0.0007,False
3628,85198,ASSORTED FARMYARD ANIMALS IN BUCKET,90,74.58,9,3154,2736,0.0007,False
379,21087,SET/6 POSIES PAPER CUPS,141,74.57,16,3155,2537,0.0007,False
3773,90059A,DIAMANTE HAIR GRIP PACK/2 CRYSTAL,45,74.53,27,3156,3011,0.0007,False
3803,90081A,LILY BROOCH AMETHYST COLOUR,15,74.25,8,3157,3374,0.0007,False
3821,90098,NECKLACE+BRACELET PINK BUTTERFLY,29,73.95,10,3158,3168,0.0007,False
3942,90177D,DROP DIAMANTE EARRINGS PURPLE,25,73.53,14,3159,3222,0.0007,False
3627,85197,SET OF 12 MINI BUNNIES IN A BUCKET,35,73.5,19,3160,3105,0.0007,False
4024,90214C,"LETTER ""C"" BLING KEY RING",91,72.77,33,3161,2732,0.0007,False
3826,90103,PURPLE FRANGIPANI NECKLACE,29,72.66,16,3162,3168,0.0007,False
3022,84231,EASTER BUNNY WITH BASKET ON BACK,108,72.63,20,3163,2642,0.0007,False
303,20960,WATERMELON BATH SPONGE,29,72.49,10,3164,3168,0.0007,False
2864,72801G,4 BURGUNDY WINE DINNER CANDLES,57,72.46,13,3165,2920,0.0007,False
3726,90030A,SPOTTED WHITE NATURAL SEED NECKLACE,72,72.0,7,3166,2833,0.0007,False
3737,90036C,"FLOWER GLASS GARLAND NECKL.36""BLUE",9,71.4,5,3167,3523,0.0007,False
103,17014A,ORIGAMI VANILLA INCENSE CONES,155,71.19,8,3168,2490,0.0007,False
294,20933,YELLOW POT PLANT CANDLE,23,71.05,9,3169,3256,0.0007,False
4039,90214S,"LETTER ""S"" BLING KEY RING",94,71.0,41,3170,2715,0.0007,False
4018,90211A,DIAMOND LAS VEGAS NECKLACE 45CM,12,70.97,8,3171,3441,0.0007,False
2755,47589,CONGRATULATIONS BUNTING,13,70.85,3,3172,3418,0.0007,False
3030,84251B,"GREETING CARD, STICKY GORDON",245,70.78,53,3173,2225,0.0007,False
2789,51020B,STRIPY DESIGN SHOWER CAP,197,70.57,15,3174,2345,0.0007,False
3346,84927A,WAKE UP COCKEREL TILE HOOK,50,70.45,18,3175,2978,0.0007,False
3440,85026B,EAU DE NILE JEWELLED T-LIGHT HOLDER,79,70.27,11,3176,2783,0.0007,False
3764,90051,CRACKED GLAZE NECKLACE RED,10,70.16,7,3177,3492,0.0007,False
60,16161G,WRAP BAD HAIR DAY,700,70.0,22,3178,1528,0.0007,False
47,16020C,CLEAR STATIONERY BOX SET,84,69.9,17,3179,2759,0.0007,False
3851,90125C,TURQUOISE BERTIE GLASS BEAD CHARM,77,69.85,7,3180,2803,0.0007,False
2695,46126A,ELVIS WALLHANGING / CURTAIN,52,69.84,8,3181,2956,0.0007,False
2952,81952V,ROUND PURPLE CLOCK WITH SUCKER,367,69.73,24,3182,1967,0.0007,False
3988,90199A,5 STRAND GLASS NECKLACE BLACK,11,69.63,6,3183,3471,0.0007,False
3111,84549,CROCHET WHITE RABBIT KEYRING,38,69.38,7,3184,3072,0.0007,False
3701,90019C,SILVER BLACK ORBIT BRACELET,13,68.73,11,3185,3418,0.0006,False
3622,85188B,PINK METAL SWINGING BUNNY,78,68.7,10,3186,2790,0.0006,False
3895,90151,SILVER/NATURAL SHELL NECKLACE,8,68.0,4,3187,3553,0.0006,False
3980,90194,SILVER LARIAT BLACK STONE EARRINGS,16,67.87,10,3188,3356,0.0006,False
3026,84247K,"FOLK ART GREETING CARD,pack/12",23,67.85,9,3189,3256,0.0006,False
3663,90000B,MIDNIGHT BLUE COPPER FLOWER NECKLAC,11,67.83,7,3190,3471,0.0006,False
3900,90155,RESIN NECKLACE W PASTEL BEADS,9,67.62,7,3191,3523,0.0006,False
3304,84874B,BLUE TRAVEL FIRST AID KIT,41,67.51,14,3192,3042,0.0006,False
2957,82011A,"BATHROOM SCALES, TROPICAL BEACH",18,67.5,12,3193,3326,0.0006,False
3484,85049B,LUSH GREENS RIBBONS,54,67.5,13,3193,2941,0.0006,False
2593,35916A,YELLOW FELT HANGING HEART W FLOWER,87,67.39,29,3195,2746,0.0006,False
3889,90144,SILVER DROP EARRINGS WITH FLOWER,18,67.36,14,3196,3326,0.0006,False
3706,90024B,NEW BAROQUE B'FLY NECKLACE RED,8,67.28,6,3197,3553,0.0006,False
2630,37444A,YELLOW BREAKFAST CUP AND SAUCER,55,67.13,18,3198,2934,0.0006,False
3295,84859B,BLUE DISCO HANDBAG,32,66.76,11,3199,3135,0.0006,False
3753,90040B,MURANO STYLE GLASS BRACELET BLACK,18,66.7,11,3200,3326,0.0006,False
2576,35819P,"ACRYLIC HANGING JEWEL,PINK",95,66.55,7,3201,2708,0.0006,False
3194,84686,BEACH HUT MIRROR,49,66.39,8,3202,2990,0.0006,False
95,17011F,ORIGAMI SANDLEWOOD INCENSE+FLOWER,81,66.36,7,3203,2769,0.0006,False
2873,72807a,SET/3 ROSE CANDLE IN JEWELLED BOX,8,66.32,5,3204,3553,0.0006,False
146,20663,QUEEN OF THE SKIES HOLIDAY PURSE,25,66.26,20,3205,3222,0.0006,False
3417,85008,SET OF 3 CONEY ISLAND OVAL BOXES,13,66.12,8,3206,3418,0.0006,False
253,20835,FRENCH LATTICE CUSHION COVER,67,65.8,8,3207,2866,0.0006,False
345,21031,SPACE CADET BLACK,53,65.49,19,3208,2949,0.0006,False
4033,90214L,"LETTER ""L"" BLING KEY RING",94,65.04,37,3209,2715,0.0006,False
3028,84247N,PACK/12 BLUE FOLKART CARDS,22,64.9,18,3210,3266,0.0006,False
3970,90186B,CRYSTAL HOOP EARRING FLORAL LEAF,22,64.58,15,3211,3266,0.0006,False
4004,90202D,PINK ENAMEL FLOWER HAIR TIE,22,64.46,11,3212,3266,0.0006,False
3808,90082D,DIAMANTE BOW BROOCH BLACK COLOUR,10,64.38,5,3213,3492,0.0006,False
4001,90202A,PURPLE ENAMEL FLOWER HAIR TIE,22,64.28,15,3214,3266,0.0006,False
3740,90036F,"FLOWER GLASS GARLD NECKL36""TURQUOIS",8,64.08,5,3215,3553,0.0006,False
3951,90181A,AMBER GLASS/SHELL/PEARL NECKLACE,7,64.04,7,3216,3584,0.0006,False
779,21692,SILVER LATTICE VANILLA CANDLE POT,17,63.75,7,3217,3340,0.0006,False
3307,84875D,BLUE SQUARE COMPACT MIRROR,51,63.75,8,3217,2969,0.0006,False
3186,84673A,PINK FLY SWAT,92,63.72,43,3219,2727,0.0006,False
2827,72133,COLUMBIAN CANDLE RECTANGLE,45,63.51,16,3220,3011,0.0006,False
3984,90196B,BLACK GEMSTONE NECKLACE 45CM,5,63.48,5,3221,3632,0.0006,False
2570,35815P,"ACRYLIC JEWEL SNOWFLAKE, PINK",162,63.28,5,3222,2464,0.0006,False
2794,62094B,TURQ ICE CREAM BUM BAG,19,63.21,8,3223,3311,0.0006,False
3881,90141A,GREEN PENDANT TRIPLE SHELL NECKLACE,12,63.11,10,3224,3441,0.0006,False
4078,S,SAMPLES,2,63.05,2,3225,3771,0.0006,True
1108,22145,CHRISTMAS CRAFT HEART STOCKING,30,63.0,1,3226,3154,0.0006,False
3059,84452,METAL RABBIT LADDER EASTER,74,62.9,16,3227,2822,0.0006,False
2673,40046A,RED DAISY PAPER LAMPSHADE,50,62.5,6,3228,2978,0.0006,False
3229,84760S,SMALL HANGING GLASS+ZINC LANTERN,43,62.35,8,3229,3027,0.0006,False
2835,72351a,SET/6 TURQUOISE BUTTERFLY T-LIGHTS,15,62.27,12,3230,3374,0.0006,False
3585,85160B,BLACK BIRD GARDEN DESIGN MUG,106,62.24,16,3231,2653,0.0006,False
3027,84247L,FAWN AND MUSHROOM GREETING CARD,128,62.06,19,3232,2581,0.0006,False
262,20848,ZINC HEART LATTICE CHARGER SMALL,21,61.95,8,3233,3280,0.0006,False
4015,90210B,CLEAR ACRYLIC FACETED BANGLE,41,61.56,7,3234,3042,0.0006,False
3813,90087,CRYSTAL SEA HORSE PHONE CHARM,107,61.46,25,3235,2648,0.0006,False
57,16151A,FLOWERS HANDBAG blue and orange,49,61.25,3,3236,2990,0.0006,False
3958,90183B,AMETHYST DROP EARRINGS W LONG BEADS,21,61.08,17,3237,3280,0.0006,False
2814,71495B,CD WALL TIDY RED FLOWERS,163,61.05,8,3238,2460,0.0006,False
3397,84985A,SET OF 72 GREEN PAPER DOILIES,42,60.9,18,3239,3036,0.0006,False
750,21655,HANGING RIDGE GLASS T-LIGHT HOLDER,36,60.84,2,3240,3091,0.0006,False
3787,90065A,WHITE VINTAGE CRYSTAL BRACELET,9,60.75,4,3241,3523,0.0006,False
4032,90214K,"LETTER ""K"" BLING KEY RING",78,60.7,38,3242,2790,0.0006,False
3396,84984D,ORIENTAL RED CUSHION COVER,13,60.45,4,3243,3418,0.0006,False
3257,84805A,CREAM CLIMBING HYDRANGA ART FLOWER,32,60.0,4,3244,3135,0.0006,False
3729,90031,BILI NUT AND WOOD NECKLACE,50,59.89,7,3245,2978,0.0006,False
4008,90206A,GOLD DIAMANTE STAR BROOCH,12,59.8,9,3246,3441,0.0006,False
2486,23629,SET 10 CARDS DRESSING UP 17077,24,59.76,10,3247,3239,0.0006,False
936,21910,WAY OUT METAL SIGN,36,59.4,8,3248,3091,0.0006,False
2912,79071B,ENGLISH ROSE METAL WASTE BIN,20,59.0,11,3249,3294,0.0006,False
4003,90202C,GREEN ENAMEL FLOWER HAIR TIE,20,58.71,14,3250,3294,0.0006,False
3243,84798A,PINK FOXGLOVE ARTIIFCIAL FLOWER,23,58.65,4,3251,3256,0.0006,False
209,20760,GARDEN PATH POCKET BOOK,69,58.65,21,3251,2852,0.0006,False
2828,72134,COLUMBIAN  CUBE CANDLE,105,58.62,11,3253,2662,0.0006,False
3977,90190C,SILVER/AMETHYST DROP EARRINGS LEAF,20,58.43,19,3254,3294,0.0005,False
3311,84877A,PINK ROUND COMPACT MIRROR,40,58.16,4,3255,3054,0.0005,False
2865,72802a,ROSE SCENT CANDLE IN JEWELLED BOX,7,58.03,2,3256,3584,0.0005,False
2810,71406C,BLACK ORANGE SQUEEZER,138,57.96,21,3257,2546,0.0005,False
51,16046,TEATIME PEN CASE & PENS,68,57.8,14,3258,2858,0.0005,False
4014,90210A,GREY ACRYLIC FACETED BANGLE,34,57.55,10,3259,3116,0.0005,False
3149,84597C,RETRO PINK BALL ASHTRAY,46,57.5,13,3260,3002,0.0005,False
3067,84466,TOP SECRET PEN SET,46,57.5,10,3260,3002,0.0005,False
3416,85006,SET 4 NURSERY DES ROUND BOXES,55,57.25,9,3262,2934,0.0005,False
4031,90214J,"LETTER ""J"" BLING KEY RING",71,57.21,41,3263,2842,0.0005,False
633,21460,GREEN EASTER EGG HUNT START POST,28,56.78,11,3264,3184,0.0005,False
3989,90199B,5 STRAND GLASS NECKLACE AMETHYST,9,56.59,8,3265,3523,0.0005,False
2682,44236,PINK/PURPLE CIRCLE CURTAIN,52,56.52,6,3266,2956,0.0005,False
3671,90003B,ROSE COLOUR PAIR HEART HAIR SLIDES,15,56.31,10,3267,3374,0.0005,False
2714,47341B,BLUE TABLE RUN FLOWER,45,56.25,11,3268,3011,0.0005,False
3745,90038A,GLASS AND PAINTED BEADS BRACELET TO,15,56.15,10,3269,3374,0.0005,False
3763,90050,CRACKED GLAZE NECKLACE IVORY,8,55.72,4,3270,3553,0.0005,False
3191,84679,CLASSICAL ROSE TABLE LAMP,6,55.7,2,3271,3601,0.0005,False
3705,90023,FILIGREE DIAMANTE EARRINGS,13,55.02,9,3272,3418,0.0005,False
3225,84750B,BLACK SMALL GLASS CAKE STAND,61,54.99,12,3273,2898,0.0005,False
3794,90071,RUBY GLASS CLUSTER EARRINGS,44,54.62,33,3274,3019,0.0005,False
2826,72132,COLUMBIAN CUBE CANDLE,28,54.6,12,3275,3184,0.0005,False
543,21336,GOLD WASHBAG,27,54.57,10,3276,3193,0.0005,False
3754,90040C,MURANO STYLE GLASS BRACELET GOLD,15,54.42,10,3277,3374,0.0005,False
208,20759,CHRYSANTHEMUM POCKET BOOK,64,54.4,20,3278,2882,0.0005,False
3752,90040A,MURANO STYLE GLASS BRACELET RED,14,54.29,5,3279,3392,0.0005,False
2934,79323B,BLACK CHERRY LIGHTS,8,54.0,1,3280,3553,0.0005,False
231,20793,BLUE TILED TRAY,8,54.0,4,3280,3553,0.0005,False
3031,84251C,"GREETING CARD, TWO SISTERS.",127,53.88,40,3282,2582,0.0005,False
3684,90012A,MIDNIGHT BLUE DROP CRYSTAL NECKLACE,11,53.76,5,3283,3471,0.0005,False
3733,90035A,"PEARL & SHELL 42""NECKL. GREEN",5,53.62,3,3284,3632,0.0005,False
265,20851,ZINC HEART LATTICE TRAY OVAL,9,53.55,7,3285,3523,0.0005,False
205,20756,GREEN FERN POCKET BOOK,63,53.55,22,3285,2890,0.0005,False
2754,47586A,PINK FAIRY CAKE CUSHION COVER,21,53.55,8,3285,3280,0.0005,False
170,20697,LITTLE GREEN MONSTER SOFT TOY,21,53.55,11,3285,3280,0.0005,False
3843,90123B,TURQUOISE HEART OF GLASS BRACELET,9,53.42,5,3289,3523,0.0005,False
4019,90211B,JET BLACK LAS VEGAS NECKLACE 45CM,9,53.26,6,3290,3523,0.0005,False
4026,90214E,"LETTER ""E"" BLING KEY RING",72,53.2,30,3291,2833,0.0005,False
268,20857,BLUE ROSE PATCH PURSE PINK BUTTERFL,32,52.8,8,3292,3135,0.0005,False
3918,90163B,WHITE ROSEBUD & PEARL NECKLACE,7,52.72,5,3293,3584,0.0005,False
3925,90168,2 DAISIES HAIR COMB,18,52.56,12,3294,3326,0.0005,False
3258,84805B,BLUE CLIMBING HYDRANGA ART FLOWER,38,52.5,3,3295,3072,0.0005,False
3937,90176D,DIAMANTE NECKLACE PURPLE,7,52.5,4,3295,3584,0.0005,False
3279,84842,HELLO SAILOR BATHROOM SET,14,52.5,9,3295,3392,0.0005,False
3879,90138,WHITE/PINK MINI CRYSTALS NECKLACE,10,52.42,7,3298,3492,0.0005,False
3883,90141C,TURQ PENDANT TRIPLE SHELL NECKLACE,10,52.31,8,3299,3492,0.0005,False
3347,84927D,LA PALMIERA TILE HOOK,48,52.25,14,3300,2994,0.0005,False
2526,35265,COLOURFUL FLOWER FRUIT BOWL,17,52.2,12,3301,3340,0.0005,False
3443,85028S,FRENCH CHATEAU SMALL FRUITBOWL,24,51.6,8,3302,3239,0.0005,False
4006,90205A,LARGE MINT DIAMANTE HAIRSLIDE,31,51.51,16,3303,3148,0.0005,False
3148,84597B,RETRO BROWN BALL ASHTRAY,41,51.25,5,3304,3042,0.0005,False
290,20910,VINTAGE PHOTO ALBUM PARIS DAYS,8,50.8,3,3305,3553,0.0005,False
3101,84534B,FAIRY CAKE NOTEBOOK A5 SIZE,53,50.72,10,3306,2949,0.0005,False
3698,90018C,SILVER BLACK ORBIT DROP EARRINGS,12,50.4,9,3307,3441,0.0005,False
93,17007B,S/3 POT POURI CUSHIONS BLUE COLOURS,24,50.4,2,3307,3239,0.0005,False
2717,47348A,FUSCHIA VOILE POINTY SHOE DEC,97,50.31,15,3309,2698,0.0005,False
2684,44242B,PINK FEATHERS CURTAIN,52,50.28,3,3310,2956,0.0005,False
4025,90214D,"LETTER ""D"" BLING KEY RING",68,49.9,32,3311,2858,0.0005,False
4034,90214M,"LETTER ""M"" BLING KEY RING",60,49.82,28,3312,2904,0.0005,False
3950,90180B,PURPLE AMETHYST NECKLACE W TASSEL,5,49.81,5,3313,3632,0.0005,False
2463,23603,SET 10 CARD KRAFT REINDEER 17084,20,49.8,14,3314,3294,0.0005,False
3802,90079,VINTAGE ENAMEL & CRYSTAL NECKLACE,10,49.76,4,3315,3492,0.0005,False
150,20667,CHERRY BLOSSOM PURSE,20,49.69,16,3316,3294,0.0005,False
4002,90202B,WHITE ENAMEL FLOWER HAIR TIE,17,49.65,10,3317,3340,0.0005,False
3887,90142D,MOP PENDANT SHELL NECKLACE,10,49.64,4,3318,3492,0.0005,False
3902,90157,RIVIERA NECKLACE,10,49.59,5,3319,3492,0.0005,False
866,21816,CHRISTMAS TREE T-LIGHT HOLDER,34,49.3,7,3320,3116,0.0005,False
381,21089,SET/6 GREEN SPRING PAPER CUPS,233,48.99,25,3321,2248,0.0005,False
3746,90038B,GLASS AND PAINTED BEADS BRACELET OL,13,48.77,8,3322,3418,0.0005,False
3069,84497,BUTTONS AND STRIPES NOTEBOOK,13,48.75,7,3323,3418,0.0005,False
3670,90002D,FLOWER BURST SILVER RING CRYSTAL,13,48.71,9,3324,3418,0.0005,False
802,21720,CAKE SHOP  STICKER SHEET,57,48.45,8,3325,2920,0.0005,False
4065,DCGS0076,SUNJAR LED NIGHT NIGHT LIGHT,3,48.39,2,3326,3722,0.0005,True
3116,84559a,3D SHEET OF DOG STICKERS,29,48.38,22,3327,3168,0.0005,False
3091,84510E,SET OF 4 GREEN CAROUSEL COASTERS,34,48.29,16,3328,3116,0.0005,False
4007,90205C,LARGE CRYSTAL DIAMANTE HAIRSLIDE,29,48.21,15,3329,3168,0.0005,False
3052,84402B,PURPLE DRESS JEWELLERY STAND,61,48.19,3,3330,2898,0.0005,False
3850,90125B,AQUA BERTIE GLASS BEAD BAG CHARM,30,48.06,12,3331,3154,0.0005,False
3926,90169,DAISY HAIR COMB,19,47.84,11,3332,3311,0.0004,False
3735,90036A,FLOWER GARLAND NECKLACE RED,6,47.7,4,3333,3601,0.0004,False
3922,90165B,WHITE ROSEBUD  PEARL EARRINGS,19,47.43,18,3334,3311,0.0004,False
108,17084J,LOVE POTION MASALA INCENSE,225,47.25,8,3335,2266,0.0004,False
3210,84715,SET OF 6 ICE CREAM SKITTLES,16,47.2,3,3336,3356,0.0004,False
3008,84086B,YELLOW/BLUE RETRO RADIO,16,47.2,7,3336,3356,0.0004,False
3202,84706F,RED PEONY TABLE CLOCK,16,47.2,10,3336,3356,0.0004,False
3224,84750A,PINK SMALL GLASS CAKE STAND,24,46.8,1,3339,3239,0.0004,False
3291,84857B,BLUE MONTE CARLO HANDBAG,24,46.8,1,3339,3239,0.0004,False
3975,90190A,SILVER/CRYSTAL DROP EARRINGS W LEAF,16,46.76,10,3341,3356,0.0004,False
585,21392,RED POLKADOT PUDDING BOWL,34,46.39,7,3342,3116,0.0004,False
3250,84801B,WHITE HYDRANGEA ART FLOWER,22,46.2,3,3343,3266,0.0004,False
3445,85031A,ROMANTIC IMAGES SCRAP BOOK SET,16,45.9,7,3344,3356,0.0004,False
3685,90012B,BLACK DROP CRYSTAL NECKLACE,13,45.35,3,3345,3418,0.0004,False
3786,90064B,BLACK VINTAGE  CRYSTAL EARRINGS,12,45.0,7,3346,3441,0.0004,False
2482,23625,SET 6 CARDS SPARKLY REINDEER 17262,9,44.91,4,3347,3523,0.0004,False
3882,90141B,IVORY PENDANT TRIPLE SHELL NECKLACE,9,44.86,5,3348,3523,0.0004,False
3617,85185D,FROG SOCK PUPPET,15,44.25,8,3349,3374,0.0004,False
153,20670,VIP HOLIDAY PURSE,14,44.04,11,3350,3392,0.0004,False
2716,47344B,BLUE FLOWER DES PURSE,44,43.66,6,3351,3019,0.0004,False
2907,79063C,"RETRO PILL BOX KEY CHAIN,THE KING",235,43.65,14,3352,2247,0.0004,False
3769,90056,CHUNKY CRACKED GLAZE NECKLACE IVORY,4,43.51,4,3353,3681,0.0004,False
171,20698,LITTLE PINK MONSTER SOFT TOY,17,43.35,8,3354,3340,0.0004,False
3692,90014C,SILVER AND BLACK ORBIT NECKLACE,5,43.2,4,3355,3632,0.0004,False
2696,46138B,BLUE CHENILLE SHAGGY CUSHION COVER,43,43.15,12,3356,3027,0.0004,False
2632,37444C,PINK BREAKFAST CUP AND SAUCER,23,43.05,9,3357,3256,0.0004,False
1947,23038,T-LIGHT HOLDER SILVER SAUCER,44,42.92,8,3358,3019,0.0004,False
3108,84539,KNITTED RABBIT DOLL,26,42.9,2,3359,3210,0.0004,False
1898,22987,WRAP SUMMER ROSE DESIGN,102,42.84,5,3360,2678,0.0004,False
240,20818,GOLD TEDDY BEAR,15,42.7,5,3361,3374,0.0004,False
88,16254,TRANSPARENT ACRYLIC TAPE DISPENSER,40,42.58,17,3362,3054,0.0004,False
3336,84922,PINK BUTTERFLY WASHBAG,9,42.29,6,3363,3523,0.0004,False
3725,90029,NEW BAROQUE SMALL NECKLACE BLACK,5,42.14,4,3364,3632,0.0004,False
3710,90024F,NEW BAROQUE B'FLY NECKLACE CRYSTAL,5,42.13,4,3365,3632,0.0004,False
2746,47570b,TEA TIME TABLE CLOTH,2,42.02,2,3366,3771,0.0004,False
107,17084A,TRANQUILITY MASALA INCENSE,200,42.0,7,3367,2335,0.0004,False
3838,90120D,WHITE MURANO TWIST BRACELET,10,41.79,5,3368,3492,0.0004,False
149,20666,ECONOMY HOLIDAY PURSE,30,41.53,17,3369,3154,0.0004,False
21,15030,FAN BLACK FRAME,143,41.47,12,3370,2529,0.0004,False
2877,72807c,SET/3 VANILLA SCENTED CANDLE IN BOX,5,41.45,5,3371,3632,0.0004,False
3776,90059D,DIAMANTE HAIR GRIP PACK/2 PERIDOT,25,41.45,19,3371,3222,0.0004,False
3777,90059E,DIAMANTE HAIR GRIP PACK/2 RUBY,25,41.37,15,3373,3222,0.0004,False
3749,90039B,FIRE POLISHED GLASS BRACELET MONTAN,11,41.31,6,3374,3471,0.0004,False
3517,85089,CANDY SPOT BUNNY,14,41.3,5,3375,3392,0.0004,False
3915,90162C,ANT SILVER FUSCHIA BOUDICCA RING,14,41.3,7,3375,3392,0.0004,False
3335,84921,CREAM AND PINK FLOWERS PONY,11,41.25,5,3377,3471,0.0004,False
2889,75013B,"STRING OF 8 BUTTERFLIES,PINK",25,41.25,6,3377,3222,0.0004,False
2328,23448,CREAM BUNNY EASTER EGG BASKET,25,41.25,3,3377,3222,0.0004,False
3789,90067A,PINK VINTAGE VICTORIAN EARRINGS,14,41.15,7,3380,3392,0.0004,False
3943,90177E,DROP DIAMANTE EARRINGS GREEN,14,41.08,9,3381,3392,0.0004,False
3940,90177B,DROP DIAMANTE EARRINGS BLACK DIAMON,14,41.01,7,3382,3392,0.0004,False
3956,90182C,BLACK 3 BEAD DROP EARRINGS,14,40.96,9,3383,3392,0.0004,False
3869,90130C,GREEN STONE/CRYSTAL EARRINGS,14,40.95,13,3384,3392,0.0004,False
3939,90177A,CLASSIC DIAMANTE EARRINGS JET,14,40.9,9,3385,3392,0.0004,False
11,10120,DOGGY RUBBER,193,40.53,29,3386,2362,0.0004,False
2813,71495A,CD WALL TIDY BLUE OFFICE,103,40.38,8,3387,2671,0.0004,False
4028,90214G,"LETTER ""G"" BLING KEY RING",60,40.2,30,3388,2904,0.0004,False
3518,85092,CANDY SPOT TEA COSY,27,40.05,2,3389,3193,0.0004,False
3972,90187B,GREEN DROP EARRINGS W BEAD CLUSTER,12,40.03,8,3390,3441,0.0004,False
3921,90165A,PINK ROSEBUD PEARL EARRINGS,16,39.98,15,3391,3356,0.0004,False
2838,72369A,PINK CLEAR GLASS CANDLE PLATE,30,39.92,5,3392,3154,0.0004,False
3875,90135,ORANGE/WHT/FUSCHIA STONES NECKLACE,8,39.66,2,3393,3553,0.0004,False
3212,84725,FREESTYLE CANVAS ART PICTURE,41,39.65,18,3394,3042,0.0004,False
3141,84596f,SMALL MARSHMALLOWS PINK BOWL,16,39.36,12,3395,3356,0.0004,False
3129,84575A,PINK DOG CANNISTER,14,39.3,4,3396,3392,0.0004,False
524,21307,SET/4 BUTTERFLY MIRROR MAGNETS,79,39.2,13,3397,2783,0.0004,False
2584,35910A,MULTICOLOUR EASTER RABBIT,20,39.0,4,3398,3294,0.0004,False
2713,47341A,FUSCHIA TABLE RUN FLOWER,27,38.75,5,3399,3193,0.0004,False
3785,90064A,WHITE VINTAGE CRYSTAL EARRINGS,10,38.7,6,3400,3492,0.0004,False
3226,84751B,BLACK MEDIUM GLASS CAKE STAND,19,38.69,8,3401,3311,0.0004,False
586,21393,BLUE POLKADOT PUDDING BOWL,29,38.67,7,3402,3168,0.0004,False
2722,47420,ASSORTED COLOUR SUCTION CUP HOOK,202,38.38,13,3403,2328,0.0004,False
3118,84559b,3D SHEET OF CAT STICKERS,23,38.33,20,3404,3256,0.0004,False
3222,84746,PINK EASTER HENS+FLOWER,14,38.31,9,3405,3392,0.0004,False
3159,84617,NEW BAROQUE BLACK BOXES,3,38.25,3,3406,3722,0.0004,False
3340,84925D,LA PALMIERA WALL THERMOMETER,15,38.25,10,3406,3374,0.0004,False
3976,90190B,GOLD/AMBER DROP EARRINGS W LEAF,13,38.18,7,3408,3418,0.0004,False
2951,81952B,ROUND BLUE CLOCK WITH SUCKER,200,38.0,9,3409,2335,0.0004,False
3003,84033,FLAG OF ST GEORGE,23,37.95,7,3410,3256,0.0004,False
3262,84809B,damaged,18,37.8,1,3411,3326,0.0004,False
3798,90075,MONTANA DIAMOND CLUSTER NECKLACE,4,37.66,3,3412,3681,0.0004,False
4020,90212B,JET BLACK LAS VEGAS BRACELET ROUND,10,37.62,8,3413,3492,0.0004,False
3991,90199D,5 STRAND GLASS NECKLACE AMBER,6,37.62,6,3413,3601,0.0004,False
2929,79191D,RETRO PLASTIC DAISY TRAY,35,37.61,16,3415,3105,0.0004,False
2841,72709,IVORY SCULPTED RND CANDLE,44,37.4,7,3416,3019,0.0004,False
2565,35809a,ENAMEL PINK TEA CONTAINER,9,37.33,9,3417,3523,0.0004,False
3078,84509b,SET OF 4 FAIRY CAKE PLACEMATS,5,37.3,4,3418,3632,0.0004,False
3797,90074,BLACK DIAMOND CLUSTER NECKLACE,4,37.24,3,3419,3681,0.0003,False
4029,90214H,"LETTER ""H"" BLING KEY RING",48,36.76,30,3420,2994,0.0003,False
3811,90085,CRYSTAL STILETTO PHONE CHARM,34,36.76,10,3420,3116,0.0003,False
3095,84522,PINK PARTY SUNGLASSES,20,36.76,12,3420,3294,0.0003,False
2817,71510,SQUARE METAL CANDLEHOLDER BASE,52,36.52,8,3423,2956,0.0003,False
2589,35913B,WHITE/PINK CHICK EASTER DECORATION,37,36.33,10,3424,3087,0.0003,False
3110,84548,CROCHET BEAR RED/BLUE  KEYRING,22,36.3,4,3425,3266,0.0003,False
113,17090D,VANILLA INCENSE 40 CONES IN TIN,29,36.25,12,3426,3168,0.0003,False
3019,84226,HEN HOUSE W FAMILY IN BARN & NEST,51,36.21,10,3427,2969,0.0003,False
3644,85216,ASSORTED CAKES FRIDGE MAGNETS,55,35.75,8,3428,2934,0.0003,False
3818,90094,NECKLACE+BRACELET SET FRUIT SALAD,14,35.7,13,3429,3392,0.0003,False
3948,90179C,BLACK FINE BEAD NECKLACE W TASSEL,6,35.44,6,3430,3601,0.0003,False
2908,79063D,"RETRO PILL BOX , REVOLUTIONARY",190,35.33,11,3431,2373,0.0003,False
3845,90123D,WHITE HEART OF GLASS BRACELET,6,35.31,5,3432,3601,0.0003,False
3946,90179A,AMBER FINE BEAD NECKLACE W TASSEL,6,35.31,5,3432,3601,0.0003,False
3680,90011B,BLACK CRYSTAL DROP EARRINGS,12,35.27,7,3434,3441,0.0003,False
3781,90060F,FIRE POLISHED GLASS NECKL GREEN,6,35.16,6,3435,3601,0.0003,False
3969,90186A,AMETHYST HOOP EARRING FLORAL LEAF,12,35.11,9,3436,3441,0.0003,False
3871,90131,PINK/AMETHYST/GOLD NECKLACE,5,34.87,2,3437,3632,0.0003,False
3762,90049,IVORY GOLD METAL BAG CHARM,5,34.77,3,3438,3632,0.0003,False
3778,90059F,DIAMANTE HAIR GRIP PACK/2 LT ROSE,21,34.69,14,3439,3280,0.0003,False
247,20827,GOLD APERITIF GLASS,88,34.32,2,3440,2740,0.0003,False
2948,79406,FROSTED WHITE BASE,144,34.12,8,3441,2521,0.0003,False
2949,81950B,FLOWER BLUE CLOCK WITH SUCKER,117,33.93,8,3442,2617,0.0003,False
3303,84873A,FUNKY FLOWER PICNIC BAG FOR 4,2,33.9,2,3443,3771,0.0003,False
3718,90026C,GLASS BEAD HOOP NECKLACE GREEN,4,33.82,3,3444,3681,0.0003,False
3707,90024C,NEW BAROQUE B'FLY NECKLACE GREEN,4,33.81,3,3445,3681,0.0003,False
120,17136A,BLUE STONES ON WIRE FOR CANDLE,404,33.75,17,3446,1916,0.0003,False
3747,90038C,GLASS AND BEADS BRACELET IVORY,9,33.69,4,3447,3523,0.0003,False
2848,72783,BLACK SIL'T SQU CANDLE PLATE,16,33.6,2,3448,3356,0.0003,False
3864,90129D,AMBER GLASS TASSLE BAG CHARM,14,33.44,7,3449,3392,0.0003,False
2628,37423,WHITE WITH BLACK CATS PLATE,78,33.18,3,3450,2790,0.0003,False
2875,72807b,SET/3 OCEAN SCENT CANDLE JEWEL BOX,4,33.16,4,3451,3681,0.0003,False
2550,35610C,WHITE CHRISTMAS FLOCK DROPLET,25,32.51,2,3452,3222,0.0003,False
2642,37468,HARDMAN MUG 3 ASSORTED,65,32.42,13,3453,2876,0.0003,False
118,17109D,FLOWER FAIRY INCENSE BOUQUET,61,32.35,5,3454,2898,0.0003,False
3271,84824,DANISH ROSE UMBRELLA STAND,2,31.9,2,3455,3771,0.0003,False
3736,90036B,"FLOWER GLASS GARLAND NECKL.36""GREEN",4,31.8,2,3456,3681,0.0003,False
278,20878,SET/9 CHRISTMAS T-LIGHTS SCENTED,25,31.25,7,3457,3222,0.0003,False
2488,23632,SET 10 CARDS CHEERFUL ROBIN 17065,15,31.2,10,3458,3374,0.0003,False
2679,44228,CANNABIS LEAF BEAD CURTAIN,36,30.6,2,3459,3091,0.0003,False
3429,85018D,YULETIDE IMAGES S/6 PAPER BOXES,12,30.6,7,3459,3441,0.0003,False
2643,37471,MULTICOLOUR POLKADOT PLATE,29,30.43,3,3461,3168,0.0003,False
3935,90176B,DIAMANTE NECKLACE BLACK,4,30.12,3,3462,3681,0.0003,False
2549,35610B,BLACK CHRISTMAS FLOCK DROPLET,24,30.0,1,3463,3239,0.0003,False
3938,90176E,DIAMANTE NECKLACE GREEN,4,29.98,3,3464,3681,0.0003,False
3982,90195B,BLACK GEMSTONE BRACELET,4,29.98,4,3464,3681,0.0003,False
3748,90039A,FIRE POLISHED GLASS BRACELET RED,8,29.96,3,3466,3553,0.0003,False
525,21310,CAPIZ CHANDELIER,1,29.95,1,3467,3839,0.0003,False
3840,90122B,JADE CRYSTAL+GLASS BRACELET,6,29.93,6,3468,3601,0.0003,False
758,21667,GLASS CAKE COVER AND PLATE,2,29.9,1,3469,3771,0.0003,False
3877,90136,PALE PINK/AMETHYST STONE NECKLACE,3,29.85,2,3470,3722,0.0003,False
3170,84660a,WHITE STITCHED WALL CLOCK,4,29.84,2,3471,3681,0.0003,False
3904,90159,COTE D'AZURE NECKLACE,6,29.79,5,3472,3601,0.0003,False
3835,90120A,PINK MURANO TWIST BRACELET,7,29.73,3,3473,3584,0.0003,False
3669,90001D,ANTIQUE OLIVE GREEN FLOWER EARRINGS,7,29.73,5,3473,3584,0.0003,False
828,21757,LIGHTHOUSE PRINTED METAL SIGN,6,29.7,3,3475,3601,0.0003,False
352,21040,MODERN VINTAGE COTTON SHOPPING BAG,22,29.7,8,3475,3266,0.0003,False
2571,35816P,"ACRYLIC JEWEL ANGEL,PINK",78,29.64,2,3477,2790,0.0003,False
4030,90214I,"LETTER ""I"" BLING KEY RING",38,29.62,13,3478,3072,0.0003,False
3201,84706D,CHERRY BLOSSOM TABLE CLOCK,8,29.6,4,3479,3553,0.0003,False
3916,90162D,ANT SILVER PURPLE BOUDICCA RING,10,29.5,5,3480,3492,0.0003,False
3066,84465,15 PINK FLUFFY CHICKS IN BOX,10,29.5,7,3480,3492,0.0003,False
2978,82605,OLD DOC RUSSEL METAL SIGN,14,29.4,3,3482,3392,0.0003,False
3114,84558a,3D DOG PICTURE PLAYING CARDS,5,29.31,5,3483,3632,0.0003,False
3444,85030,FRENCH CHATEAU OVAL PLATTER,15,29.25,6,3484,3374,0.0003,False
4035,90214N,"LETTER ""N"" BLING KEY RING",41,29.23,24,3485,3042,0.0003,False
3011,84199,GLOW IN DARK DOLPHINS,139,29.19,31,3486,2544,0.0003,False
335,21011,GLITTER SNOW PEAR TREE DECORATION,20,29.0,3,3487,3294,0.0003,False
2706,46776f,WOVEN ROSE GARDEN CUSHION COVER,7,28.91,1,3488,3584,0.0003,False
3896,90152A,SILVER/NAT SHELL NECKLACE W PENDANT,5,28.76,5,3489,3632,0.0003,False
3254,84803B,WHITE ALLIUM  ARTIFICIAL FLOWER,17,28.73,4,3490,3340,0.0003,False
3817,90093,CLEAR CRYSTAL STAR PHONE CHARM,52,28.57,10,3491,2956,0.0003,False
3723,90027D,GLASS BEAD HOOP EARRINGS AMETHYST,9,28.4,6,3492,3523,0.0003,False
122,17165D,ASS COL LARGE SAND FROG P'WEIGHT,27,28.35,7,3493,3193,0.0003,False
3244,84798B,PURPLE FOXGLOVE ARTIIFCIAL FLOWER,11,28.05,3,3494,3471,0.0003,False
3675,90005A,JADE GREEN ENAMEL HAIR COMB,14,28.02,10,3495,3392,0.0003,False
4038,90214R,"LETTER ""R"" BLING KEY RING",41,28.01,25,3496,3042,0.0003,False
3155,84613A,PINK NEW BAROQUE FLOCK CANDLESTICK,6,27.9,3,3497,3601,0.0003,False
2909,79066k,RETRO MOD TRAY,17,27.77,10,3498,3340,0.0003,False
2493,23637,SET 10 CARDS OUT OF ORDER 17216,11,27.39,9,3499,3471,0.0003,False
2472,23613,SET 10 XMAS CARDS & BADGES 17070,11,27.39,6,3499,3471,0.0003,False
3550,85126,LARGE ROUND CUTGLASS CANDLESTICK,2,27.14,1,3501,3771,0.0003,False
3426,85017C,ENVELOPE 50 CURIOUS IMAGES,50,27.02,10,3502,2978,0.0003,False
2514,23702,High Resolution Image,4,27.0,3,3503,3681,0.0003,False
2938,79323P,PINK CHERRY LIGHTS,4,27.0,1,3503,3681,0.0003,False
3405,84993a,75 GREEN PETIT FOUR CASES,32,26.56,19,3505,3135,0.0002,False
3189,84675,FROG KING WATERING CAN,9,26.55,2,3506,3523,0.0002,False
2537,35598A,DUSTY PINK CHRISTMAS TREE 60CM,9,26.55,2,3506,3523,0.0002,False
3774,90059B,DIAMANTE HAIR GRIP PACK/2 BLACK DIA,16,26.52,10,3508,3356,0.0002,False
883,21836,GINGHAM OVEN GLOVE RED HEART,5,26.49,3,3509,3632,0.0002,False
2829,72140E,BEST DAD CANDLE LETTERS,31,26.35,8,3510,3148,0.0002,False
4021,90212C,PURPLE LAS VEGAS BRACELET ROUND,7,26.25,3,3511,3584,0.0002,False
2492,23636,SET 10 CARDS WISHING TREE 17116,9,26.19,7,3512,3523,0.0002,False
3960,90183C,BLACK DROP EARRINGS W LONG BEADS,9,26.15,9,3513,3523,0.0002,False
634,21461,BLUE EASTER EGG HUNT START POST,11,25.81,6,3514,3471,0.0002,False
3719,90026D,GLASS BEAD HOOP NECKLACE AMETHYST,3,25.5,3,3515,3722,0.0002,False
3373,84968B,SET OF 16 VINTAGE IVORY CUTLERY,2,25.5,2,3515,3771,0.0002,False
3379,84968f,SET OF 16 VINTAGE SKY BLUE CUTLERY,1,25.49,1,3517,3839,0.0002,False
2585,35910B,PINK FLOWERS RABBIT EASTER,13,25.35,3,3518,3418,0.0002,False
3717,90026B,GLASS BEAD HOOP NECKLACE MONTANA,3,25.32,3,3519,3722,0.0002,False
3742,90037B,TINY CRYSTAL BRACELET GREEN,10,25.28,5,3520,3492,0.0002,False
3689,90013D,PURPLE VINTAGE EARRINGS,6,25.17,3,3521,3601,0.0002,False
3973,90188,DROP EARRINGS W FLOWER & LEAF,10,25.13,7,3522,3492,0.0002,False
3139,84596e,SMALL LICORICE DES PINK BOWL,10,25.1,6,3523,3492,0.0002,False
3731,90033,IVORY SHELL HEART EARRINGS,10,25.07,9,3524,3492,0.0002,False
3695,90016C,SILVER/BLACK PENDANT ORBIT NECKLACE,3,24.96,3,3525,3722,0.0002,False
2478,23620,SET 10 CARDS PERFECT POST 17090,10,24.9,7,3526,3492,0.0002,False
3567,85132c,CHARLIE AND LOLA FIGURES TINS,3,24.87,3,3527,3722,0.0002,False
3541,85115B,S/4 BLACK DISCO PARTITION PANEL,3,24.87,1,3527,3722,0.0002,False
3452,85034a,3 GARDENIA MORRIS BOXED CANDLES,3,24.87,3,3527,3722,0.0002,False
38,15060b,FAIRY CAKE DESIGN UMBRELLA,3,24.87,3,3527,3722,0.0002,False
3759,90043,COPPER AND BRASS BAG CHARM,4,24.81,2,3531,3681,0.0002,False
3775,90059C,DIAMANTE HAIR GRIP PACK/2 MONTANA,15,24.79,10,3532,3374,0.0002,False
4023,90214B,"LETTER ""B"" BLING KEY RING",37,24.77,22,3533,3087,0.0002,False
242,20820,SILVER LOOKING MIRROR,5,24.75,2,3534,3632,0.0002,False
226,20778,GARDEN PATH NOTEBOOK,15,24.75,8,3534,3374,0.0002,False
3287,84854,GIRLY PINK TOOL SET,5,24.75,1,3534,3632,0.0002,False
3885,90141E,ORANGE PENDANT TRIPLE SHELL NECKLAC,5,24.75,2,3534,3632,0.0002,False
3407,84993B,75 BLACK PETIT FOUR CASES,58,24.36,18,3538,2916,0.0002,False
3799,90076,MONTANA DIAMOND CLUSTER EARRINGS,9,24.12,4,3539,3523,0.0002,False
2732,47503J,SET/3 FLORAL GARDEN TOOLS IN BAG,3,23.85,2,3540,3722,0.0002,False
3121,84562A,PINK/WHITE RIBBED MELAMINE JUG,3,23.85,3,3540,3722,0.0002,False
554,21357,TOAST ITS - DINOSAUR,19,23.75,10,3542,3311,0.0002,False
2583,35909B,PINK FLOWERS RABBIT EASTER,8,23.6,2,3543,3553,0.0002,False
2582,35909A,RABBIT EASTER DECORATION,8,23.6,3,3543,3553,0.0002,False
3809,90083,CRYSTAL CZECH CROSS PHONE CHARM,25,23.47,9,3545,3222,0.0002,False
3936,90176C,DIAMANTE NECKLACE,3,23.32,2,3546,3722,0.0002,False
2480,23623,SET 10 CARD CHRISTMAS WELCOME 17112,8,23.28,6,3547,3553,0.0002,False
3954,90182A,AMBER 3 BEAD DROP EARRINGS,8,23.2,8,3548,3553,0.0002,False
3827,90104,PURPLE FRANGIPANI HAIRCLIP,28,23.16,12,3549,3184,0.0002,False
3626,85195,HANGING HEART BASKET,11,23.1,3,3550,3471,0.0002,False
3637,85206B,PINK FELT EASTER EGG BASKET,14,23.1,4,3550,3392,0.0002,False
1295,22351,DOTCOMGIFTSHOP TEA TOWEL,13,23.09,2,3552,3418,0.0002,False
4044,90214Y,"LETTER ""Y"" BLING KEY RING",66,22.84,8,3553,2870,0.0002,False
3767,90054,CRACKED GLAZE EARRINGS RED,9,22.58,9,3554,3523,0.0002,False
3934,90176A,CLASSIC DIAMANTE NECKLACE JET,3,22.48,2,3555,3722,0.0002,False
3750,90039C,FIRE POLISHED GLASS BRACELET BLACK,6,22.48,6,3555,3601,0.0002,False
2496,23640,SET 10 CARDS SCOTTIE DOG 17211,9,22.41,8,3557,3523,0.0002,False
2499,23645,SET 10 CHRISTMAS CARDS HOHOHO 16956,9,22.41,4,3557,3523,0.0002,False
339,21018,BIRD BOX CHRISTMAS TREE DECORATION,24,22.06,6,3559,3239,0.0002,False
3734,90035C,"PEARL & SHELL 42""NECKL. IVORY",2,21.5,1,3560,3771,0.0002,False
3113,84551,CROCHET DOG KEYRING,13,21.45,2,3561,3418,0.0002,False
3050,84387A,BIRD ON BRANCH CANVAS SCREEN,11,21.45,1,3561,3471,0.0002,False
168,20695,FLORAL BLUE MONSTER,5,21.25,4,3563,3632,0.0002,False
3667,90001B,ANTIQUE MID BLUE FLOWER EARRINGS,5,21.15,3,3564,3632,0.0002,False
3668,90001C,ANTIQUE OPAL WHITE FLOWER EARRINGS,5,21.13,5,3565,3632,0.0002,False
3853,90125E,AMBER BERTIE GLASS BEAD BAG CHARM,11,21.05,10,3566,3471,0.0002,False
71,16169P,WRAP GREEN RUSSIAN FOLKART,50,21.0,2,3567,2978,0.0002,False
2510,23692,WRAP A PRETTY THANK YOU,50,21.0,2,3567,2978,0.0002,False
3666,90001A,ANTIQUE RASPBERRY FLOWER EARRINGS,5,20.95,4,3569,3632,0.0002,False
91,17001,HEAVENS SCENT FRAGRANCE OILS ASSTD,72,20.88,1,3570,2833,0.0002,False
2735,47518f,ICON PLACEMAT POP ART ELVIS,5,20.73,5,3571,3632,0.0002,False
2698,46776a,WOVEN BUBBLE GUM CUSHION COVER,5,20.65,1,3572,3632,0.0002,False
3884,90141D,ROSE PENDANT TRIPLE SHELL NECKLACE,4,20.36,2,3573,3681,0.0002,False
4037,90214P,"LETTER ""P"" BLING KEY RING",39,20.23,16,3574,3064,0.0002,False
3732,90034,WHITE SILVER NECKLACE SHELL GLASS,2,20.17,2,3575,3771,0.0002,False
3055,84415B,BLUE FLOCK CUSHION COVER,8,20.0,3,3576,3553,0.0002,False
2500,23646,SET 10 CARDS JINGLE BELLS 16957,8,19.92,5,3577,3553,0.0002,False
2461,23601,SET 10 CARDS SNOWY SNOWDROPS  17100,8,19.92,4,3577,3553,0.0002,False
2475,23616,SET 10 CARDS JINGLE BELLS 17217,8,19.92,7,3577,3553,0.0002,False
771,21681,GIANT MEDINA STAMPED METAL BOWL,2,19.9,2,3580,3771,0.0002,False
2572,35817P,"ACRYLIC JEWEL SNOWFLAKE,PINK",18,19.86,2,3581,3326,0.0002,False
2659,37491A,YELLOW/PINK CERAMIC CANDLE HOLDER,6,19.81,4,3582,3601,0.0002,False
3901,90156,RESIN BRACELET W PASTEL BEADS,4,19.8,3,3583,3681,0.0002,False
3437,85024C,PINK SMALL JEWELLED PHOTOFRAME,12,19.8,9,3583,3441,0.0002,False
2653,37487B,YELLOW/ORANGE FLOWER DESIGN PLATE,68,19.72,2,3585,2858,0.0002,False
3442,85028L,FRENCH CHATEAU LARGE FRUIT BOWL,10,19.5,4,3586,3492,0.0002,False
2906,79062D,"RETRO TIN ASHTRAY,REVOLUTIONARY",52,19.4,4,3587,2956,0.0002,False
3479,85047,WHITE BEADED GARLAND STRING 20LIGHT,3,19.05,2,3588,3722,0.0002,False
682,21538,DAIRY MAID  PUDDING BOWL,5,18.75,2,3589,3632,0.0002,False
604,21416,CLAM SHELL LARGE,5,18.75,4,3589,3632,0.0002,False
2678,44092C,PURPLE/COPPER HANGING LAMPSHADE,22,18.7,8,3591,3266,0.0002,False
3289,84856S,SMALL TAHITI BEACH BAG,4,18.6,1,3592,3681,0.0002,False
3755,90041,PEARL AND CHERRY QUARTZ BRACLET,5,18.27,4,3593,3632,0.0002,False
2546,35607B,BLACK FEATHER CHRISTMAS DECORATION,96,18.24,7,3594,2702,0.0002,False
2887,72821,CUPID SCENTED CANDLE IN GLASS,11,18.15,4,3595,3471,0.0002,False
754,21661,VINTAGE GLASS TEA CADDY,3,17.85,3,3596,3722,0.0002,False
3780,90060D,FIRE POLISHED GLASS NECKL BRONZE,3,17.85,3,3596,3722,0.0002,False
3288,84856L,LARGE TAHITI BEACH BAG,2,17.82,2,3598,3771,0.0002,False
296,20935,ROUND CACTUS CANDLE,6,17.7,4,3599,3601,0.0002,False
3913,90162A,ANT SILVER TURQUOISE BOUDICCA RING,6,17.7,1,3599,3601,0.0002,False
3720,90027A,GLASS BEAD HOOP EARRINGS BLACK,6,17.66,3,3601,3601,0.0002,False
3947,90179B,PURPLE FINE BEAD NECKLACE W TASSEL,3,17.59,3,3602,3722,0.0002,False
3137,84596b,SMALL DOLLY MIX DESIGN ORANGE BOWL,7,17.57,5,3603,3584,0.0002,False
3679,90011A,MIDNIGHT BLUE CRYSTAL DROP EARRINGS,6,17.51,6,3604,3601,0.0002,False
3867,90130A,WHITE STONE/CRYSTAL EARRINGS,6,17.5,6,3605,3601,0.0002,False
2942,79331,PINK FLOCK GLASS CANDLEHOLDER,26,17.5,3,3605,3210,0.0002,False
2536,35597D,PINK/WHITE CHRISTMAS TREE 30CM,46,17.48,2,3607,3002,0.0002,False
2484,23627,SET 10 CARDS XMAS GRAPHIC  17218,7,17.43,2,3608,3584,0.0002,False
2658,37489D,PINK/GREEN FLOWER DESIGN BIG MUG,40,17.16,16,3609,3054,0.0002,False
3513,85084,HOLLY TOP CHRISTMAS STOCKING,20,17.0,7,3610,3294,0.0002,False
2557,35645,VINTAGE BEAD PINK JEWEL BOX,4,17.0,3,3610,3681,0.0002,False
2749,47574B,ENGLISH ROSE SCENTED HANGING HEART,4,17.0,2,3610,3681,0.0002,False
3716,90026A,GLASS BEAD HOOP NECKLACE BLACK,2,17.0,1,3610,3771,0.0002,False
399,21120,*Boombox Ipod Classic,1,16.98,1,3614,3839,0.0002,False
300,20954,*USB Office Mirror Ball,2,16.94,2,3615,3771,0.0002,False
3457,85035a,GARDENIA 3 WICK MORRIS BOXED CANDLE,2,16.94,2,3615,3771,0.0002,False
709,21595,Dad's Cab Electronic Meter,2,16.94,2,3615,3771,0.0002,False
3708,90024D,NEW BAROQUE B'FLY NECKLACE PINK,2,16.82,2,3618,3771,0.0002,False
3709,90024E,NEW BAROQUE B'FLY NECKLACE MONTANA,2,16.81,2,3619,3771,0.0002,False
415,21144,PINK POODLE HANGING DECORATION,5,16.8,2,3620,3632,0.0002,False
2656,37489B,BLUE/YELLOW FLOWER DESIGN BIG MUG,31,16.77,12,3621,3148,0.0002,False
2498,23644,SET 10 CARDS CHRISTMAS TREE 16955,5,16.65,5,3622,3632,0.0002,False
4053,DCGS0004,HAYNES CAMPER SHOULDER BAG,1,16.63,1,3623,3839,0.0002,True
2999,84031b,CHARLIE LOLA BLUE HOT WATER BOTTLE,1,16.63,1,3623,3839,0.0002,False
2997,84031a,CHARLIE+LOLA RED HOT WATER BOTTLE,1,16.63,1,3623,3839,0.0002,False
3463,85036a,GARDENIA 1 WICK MORRIS BOXED CANDLE,2,16.58,1,3626,3771,0.0002,False
3878,90137,PINK COMBO MINI CRYSTALS NECKLACE,3,16.31,3,3627,3722,0.0002,False
2559,35647,VINTAGE BEAD PINK SHADE,13,16.25,2,3628,3418,0.0002,False
87,16248B,BLUE HOLE PUNCH,13,16.25,7,3628,3418,0.0002,False
3814,90089,PINK CRYSTAL SKULL PHONE CHARM,32,16.22,9,3630,3135,0.0002,False
3583,85160a,WHITE BIRD GARDEN DESIGN MUG,1,16.13,1,3631,3839,0.0002,False
4042,90214V,"LETTER ""V"" BLING KEY RING",26,15.98,14,3632,3210,0.0001,False
2882,72815,3 WICK CHRISTMAS BRIAR CANDLE,3,15.97,2,3633,3722,0.0001,False
3238,84795C,OCEAN STRIPE HAMMOCK,2,15.9,1,3634,3771,0.0001,False
3573,85136B,BLUE SHARK HELICOPTER,2,15.9,2,3634,3771,0.0001,False
4059,DCGS0069,ebay,1,15.79,1,3636,3839,0.0001,True
2899,78034B,BLUE NETTING STORAGE HANGER,8,15.6,6,3637,3553,0.0001,False
239,20816,GOLD FLOWER CUSHION COVER,8,15.6,2,3637,3553,0.0001,False
4027,90214F,"LETTER ""F"" BLING KEY RING",27,15.43,15,3639,3193,0.0001,False
3401,84989A,75 GREEN FAIRY CAKE CASES,28,15.4,17,3640,3184,0.0001,False
3872,90132,LIGHT TOPAZ TEAL/AQUA COL NECKLACE,3,15.16,3,3641,3722,0.0001,False
2818,72024U,LILAC VOTIVE CANDLE,72,15.12,3,3642,2833,0.0001,False
3880,90140,PINK SWEETIE NECKLACE,2,15.12,2,3642,3771,0.0001,False
3172,84660b,BLACK STITCHED WALL CLOCK,2,15.08,2,3644,3771,0.0001,False
2548,35610A,PINK CHRISTMAS FLOCK DROPLET,10,15.02,3,3645,3492,0.0001,False
3801,90078,PINK/WHITE GLASS DEMI CHOKER,2,15.0,1,3646,3771,0.0001,False
3792,90069,RUBY GLASS CLUSTER NECKLACE,2,15.0,1,3646,3771,0.0001,False
124,17191A,ROSE FLOWER CANDLE+INCENSE 16X16CM,4,15.0,2,3646,3681,0.0001,False
2329,23449,SET OF 6 EASTER RAINBOW CHICKS,12,15.0,1,3646,3441,0.0001,False
3200,84705C,PINK FLOCK PHOTO FRAME,12,15.0,1,3646,3441,0.0001,False
3974,90189A,SILVER 2 STRAND NECKLACE-LEAF CHARM,2,15.0,2,3646,3771,0.0001,False
3065,84462,3 PINK HEN+CHICKS IN BASKET,12,15.0,6,3646,3441,0.0001,False
3054,84415A,PINK FLOCK SUEDE CUSHION COVER,12,15.0,2,3646,3441,0.0001,False
3715,90025F,BAROQUE BUTTERFLY EARRINGS CRYSTAL,4,14.96,4,3654,3681,0.0001,False
2479,23621,SET 10 CARDS DAVID'S MADONNA 17074,6,14.94,4,3655,3601,0.0001,False
3084,84509g,SET OF 4 FAIRY CAKE PLACEMATS,2,14.92,2,3656,3771,0.0001,False
3447,85031C,CURIOUS IMAGES SCRAP BOOK SET,3,14.85,1,3657,3722,0.0001,False
3760,90046,WHITE WITH METAL BAG CHARM,3,14.85,1,3657,3722,0.0001,False
3761,90048,GREEN WITH METAL BAG CHARM,3,14.85,1,3657,3722,0.0001,False
3135,84593,CROCHET ROSE DES CLOTHES HANGER,5,14.75,1,3660,3632,0.0001,False
2490,23634,SET 10 CARDS XMAS CHOIR 17068,5,14.55,5,3661,3632,0.0001,False
3722,90027C,GLASS BEAD HOOP EARRINGS GREEN,5,14.5,5,3662,3632,0.0001,False
73,16202B,PASTEL BLUE PHOTO ALBUM,29,14.5,2,3662,3168,0.0001,False
3955,90182B,AMETHYST 3 BEAD DROP EARRINGS,5,14.5,5,3662,3632,0.0001,False
2655,37489A,YELLOW/PINK FLOWER DESIGN BIG MUG,33,14.43,14,3665,3125,0.0001,False
2764,47593A,CAROUSEL PONIES BABY BIB,33,14.37,12,3666,3125,0.0001,False
3765,90052,CRACKED GLAZE NECKLACE BROWN,2,14.14,2,3667,3771,0.0001,False
2791,62043B,BLUE CHECK BAG W HANDLE 34X20CM,17,14.11,5,3668,3340,0.0001,False
2943,79336,LIGHT PINK FLOCK GLASS CANDLEHOLDER,36,13.68,3,3669,3091,0.0001,False
2657,37489C,GREEN/BLUE FLOWER DESIGN BIG MUG,23,13.65,8,3670,3256,0.0001,False
3424,85017A,ENVELOPE 50 ROMANTIC IMAGES,16,13.58,8,3671,3356,0.0001,False
3788,90065B,BLACK VINT ART DEC CRYSTAL BRACELET,2,13.5,2,3672,3771,0.0001,False
4040,90214T,"LETTER ""T"" BLING KEY RING",24,13.46,11,3673,3239,0.0001,False
3221,84745B,BLUE HANGING GINGHAM EASTER HEN,32,13.44,5,3674,3135,0.0001,False
3220,84745A,PINK HANGING GINGHAM EASTER HEN,32,13.44,5,3674,3135,0.0001,False
2495,23639,SET 10 CARDS MAGICAL TREE 17086,4,13.32,4,3676,3681,0.0001,False
2466,23607,SET 10 CARDS HATS & STOCKINGS 17081,8,13.28,7,3677,3553,0.0001,False
2661,37491C,GREEN/BLUE CERAMIC CANDLE HOLDER,8,13.2,1,3678,3553,0.0001,False
3051,84388,WISE MAN STAR SHAPE EGG PAN,24,13.14,6,3679,3239,0.0001,False
2639,37462E,"PET MUG, GOLDFISH",36,13.1,12,3680,3091,0.0001,False
64,16162L,THE KING GIFT BAG,20,13.0,8,3681,3294,0.0001,False
2709,47013C,WINE BOTTLE DRESSING DARK BLUE,52,12.97,12,3682,2956,0.0001,False
127,18097A,PINK TALL PORCELAIN T-LIGHT HOLDER,5,12.75,4,3683,3632,0.0001,False
922,21895,POTTING SHED SOW 'N' GROW SET,2,12.72,2,3684,3771,0.0001,False
4060,DCGS0070,CAMOUFLAGE DOG COLLAR,1,12.72,1,3684,3839,0.0001,True
3758,90042C,FRESHWATER PEARL BRACELET IVORY,5,12.7,5,3686,3632,0.0001,False
3768,90055,CRACKED GLAZE EARRINGS BROWN,5,12.53,5,3687,3632,0.0001,False
3743,90037C,TINY CRYSTAL BRACELET BLUE,5,12.52,5,3688,3632,0.0001,False
154,20671,BLUE TEATIME PRINT BOWL,10,12.5,2,3689,3492,0.0001,False
3702,90020,FILIGREE DIAMANTE CHAIN,1,12.48,1,3690,3839,0.0001,False
2491,23635,SET 10 CARDS CHRISTMAS HOLLY  17259,3,12.48,3,3690,3722,0.0001,False
2504,23654,SET 10 CARD SNOWMAN 16965,5,12.45,4,3692,3632,0.0001,False
2983,82613c,"METAL SIGN,CUPCAKE SINGLE HOOK",5,12.4,4,3693,3632,0.0001,False
2941,79329,PINK FLOCK GLASS CANDLEHOLDER,12,12.18,2,3694,3441,0.0001,False
121,17164B,ASS COL SMALL SAND GECKO P'WEIGHT,29,12.18,9,3694,3168,0.0001,False
2992,84016,FLAG OF ST GEORGE CAR FLAG,27,12.16,2,3696,3193,0.0001,False
3945,90178B,PURPLE CHUNKY GLASS+BEAD NECKLACE,1,11.95,1,3697,3839,0.0001,False
3703,90021,LASER CUT MULTI STRAND NECKLACE,1,11.95,1,3697,3839,0.0001,False
2677,44092B,BLUE WHITE PLASTIC RINGS LAMPSHADE,14,11.9,5,3699,3392,0.0001,False
3160,84620,BLUE GINGHAM ROSE CUSHION COVER,2,11.9,1,3699,3771,0.0001,False
3157,84614A,PINK BAROQUE FLOCK CANDLE HOLDER,2,11.9,1,3699,3771,0.0001,False
4045,90214Z,"LETTER ""Z"" BLING KEY RING",22,11.84,10,3702,3266,0.0001,False
2631,37444B,BLUE BREAKFAST CUP AND SAUCER,4,11.8,3,3703,3681,0.0001,False
2573,35818B,"ACRYLIC JEWEL ICICLE, BLUE",31,11.78,3,3704,3148,0.0001,False
65,16162M,THE KING GIFT BAG 25x24x12cm,28,11.76,8,3705,3184,0.0001,False
49,16043,POP ART PUSH DOWN RUBBER,98,11.76,2,3705,2693,0.0001,False
2467,23608,SET 10 CARDS RUDOLPHS NOSE 17097,4,11.64,3,3707,3681,0.0001,False
2465,23605,SET 10 CARDS 12 DAYS OF XMAS 17059,4,11.64,1,3707,3681,0.0001,False
3614,85184c,SET 4 VALENTINE DECOUPAGE HEART BOX,2,11.58,2,3709,3771,0.0001,False
2851,72798C,SET/4 GARDEN ROSE DINNER CANDLE,7,11.55,3,3710,3584,0.0001,False
2802,71050,SMALL SINGLE FLAME CANDLE HOLDER,33,11.55,6,3710,3125,0.0001,False
3897,90152B,BLUE/GREEN SHELL NECKLACE W PENDANT,2,11.46,2,3712,3771,0.0001,False
3713,90025D,BAROQUE BUTTERFLY EARRINGS PINK,3,11.19,3,3713,3722,0.0001,False
3104,84536a,ENGLISH ROSE NOTEBOOK A7 SIZE,14,11.06,4,3714,3392,0.0001,False
2654,37488A,YELLOW PINK FLOWER DESIGN BIG BOWL,28,10.92,3,3715,3184,0.0001,False
2902,79026B,"S/4 ICON COASTER,ELVIS LIVES",25,10.61,9,3716,3222,0.0001,False
70,16169N,WRAP BLUE RUSSIAN FOLKART,25,10.5,1,3717,3222,0.0001,False
61,16161M,WRAP  PINK FLOCK,25,10.5,1,3717,3222,0.0001,False
2610,35966,FOLKART CHRISTMAS TREE T-LIGHT HOLD,27,10.26,2,3719,3193,0.0001,False
2606,35958,FOLKART ZINC STAR CHRISTMAS DEC,12,10.2,3,3720,3441,0.0001,False
3532,85109,PINK BOUDOIR T-LIGHT HOLDER,12,10.2,1,3720,3441,0.0001,False
2670,40005B,BLUE ORGANDY ROUND LAMPSHADE W BEA,12,10.2,4,3720,3441,0.0001,False
2675,44089C,LILAC GAUZE BUTTERFLY LAMPSHADE,24,10.08,6,3723,3239,0.0001,False
3766,90053,CRACKED GLAZE EARRINGS IVORY,4,9.99,4,3724,3681,0.0001,False
2474,23615,SET 10 CARDS PRINTED GRAPHIC 17219,4,9.96,4,3725,3681,0.0001,False
2502,23650,SET 10 CARDS FILIGREE BAUBLE 16961,4,9.96,4,3725,3681,0.0001,False
2481,23624,SET 10 CARD PERFECT NATIVITY 17089,4,9.96,4,3725,3681,0.0001,False
2477,23619,SET 10 CARDS POINSETTIA 17093,4,9.96,2,3725,3681,0.0001,False
2644,37474,SET/4 2 TONE EGG SHAPE MIXING BOWLS,1,9.95,1,3729,3839,0.0001,False
3197,84689,S/2 BEACH HUT TREASURE CHESTS,3,9.95,2,3729,3722,0.0001,False
4052,DCGS0003,BOXED GLASS ASHTRAY,4,9.94,4,3731,3681,0.0001,True
2981,82613b,"METAL SIGN,CUPCAKE SINGLE HOOK",4,9.94,4,3731,3681,0.0001,False
2662,37491D,PURPLE/BLUE CERAMIC CANDLE HOLDER,4,9.88,2,3733,3681,0.0001,False
3657,85231g,ORANGE SCENTED SET/9 T-LIGHTS,6,9.78,6,3734,3601,0.0001,False
2683,44242A,LILAC FEATHERS CURTAIN,12,9.48,1,3735,3441,0.0001,False
2322,23441,HAND PAINTED HANGING EASTER EGG,22,9.24,3,3736,3266,0.0001,False
2567,35809B,ENAMEL BLUE RIM TEA CONTAINER,8,9.18,3,3737,3553,0.0001,False
3963,90184c,BLACK CHUNKY BEAD BRACELET W STRAP,1,9.15,1,3738,3839,0.0001,False
3953,90181C,BLACK GLASS/SHELL/PEARL NECKLACE,1,9.15,1,3738,3839,0.0001,False
2624,37351,ORANGE FLOWER MUG,10,9.06,2,3740,3492,0.0001,False
2950,81950V,FLOWER PURPLE CLOCK WITH SUCKER,21,8.89,6,3741,3280,0.0001,False
3233,84773,RED ROSE AND LACE C/COVER,3,8.85,1,3742,3722,0.0001,False
2686,45013,FOLDING SHOE TIDY,3,8.85,2,3742,3722,0.0001,False
289,20906,VINTAGE NOTEBOOK BEAUTY GIRL,3,8.85,2,3742,3722,0.0001,False
3800,90077,BLACK DIAMOND CLUSTER EARRINGS,3,8.82,3,3745,3722,0.0001,False
3683,90011E,AMBER CRYSTAL DROP EARRINGS,3,8.76,3,3746,3722,0.0001,False
3682,90011D,PURPLE CRYSTAL DROP EARRINGS,3,8.76,3,3746,3722,0.0001,False
3721,90027B,GLASS BEAD HOOP EARRINGS MONTANA,3,8.76,3,3746,3722,0.0001,False
75,16206B,RED PURSE WITH PINK HEART,7,8.75,2,3749,3584,0.0001,False
3870,90130D,RED STONE/CRYSTAL EARRINGS,3,8.7,3,3750,3722,0.0001,False
3215,84732B,CUTE BIRD CEATURE SCREEN,22,8.58,2,3751,3266,0.0001,False
3924,90167,BEADED LOVE HEART JEWELLERY SET,10,8.5,1,3752,3492,0.0001,False
2685,44265,M/COLOUR POM-POM CURTAIN,2,8.5,1,3752,3771,0.0001,False
3825,90102,WHITE FRANGIPANI HAIR CLIP,10,8.5,1,3752,3492,0.0001,False
3459,85035b,CHOCOLATE 3 WICK MORRIS BOX CANDLE,1,8.47,1,3755,3839,0.0001,False
2871,72803b,OCEAN SCENT CANDLE JEWELLED DRAWER,1,8.47,1,3755,3839,0.0001,False
598,21410,COUNTRY COTTAGE  DOORSTOP GREEN,1,8.47,1,3755,3839,0.0001,False
3465,85036b,CHOCOLATE 1 WICK MORRIS BOX CANDLE,1,8.47,1,3755,3839,0.0001,False
3461,85035c,ROSE 3 WICK MORRIS BOX CANDLE,1,8.47,1,3755,3839,0.0001,False
3390,84975,HEART SHAPED MIRROR,5,8.45,2,3760,3632,0.0001,False
277,20871,OPULENT VELVET SET/3 CANDLES,2,8.42,1,3761,3771,0.0001,False
708,21594,Dr. Jam's Arouzer Stress Ball,2,8.34,2,3762,3771,0.0001,False
2471,23612,SET 10 MINICARDS CUTE SNOWMAN 17071,5,8.3,2,3763,3632,0.0001,False
3454,85034b,3 WHITE CHOC MORRIS BOXED CANDLES,1,8.29,1,3764,3839,0.0001,False
2868,72802c,VANILLA SCENT CANDLE JEWELLED BOX,1,8.29,1,3764,3839,0.0001,False
3339,84924F,PSYCHEDELIC METAL SIGN CALENDAR,10,7.9,3,3766,3492,0.0001,False
86,16244B,MAXWELL 2 TONE BLUE 60 PAGE PHOTO A,7,7.85,2,3767,3584,0.0001,False
2545,35607A,PINK FLUFFY CHRISTMAS DECORATION,26,7.82,2,3768,3210,0.0001,False
3623,85189,HANGING BUTTERFLY  EGG,9,7.65,3,3769,3523,0.0001,False
3756,90042A,FRESHWATER PEARL BRACELET GOLD,3,7.65,2,3769,3722,0.0001,False
2915,79149B,SILICON STAR BULB  BLUE,18,7.56,8,3771,3326,0.0001,False
3791,90068,"RUBY GLASS NECKLACE 42""",1,7.5,1,3772,3839,0.0001,False
3711,90025A,BAROQUE BUTTERFLY EARRINGS BLACK,2,7.5,2,3772,3771,0.0001,False
877,21827,EIGHT PIECE CREEPY CRAWLIE SET,6,7.5,3,3772,3601,0.0001,False
3584,85160A,WHITE BIRD GARDEN DESIGN MUG,6,7.5,1,3772,3601,0.0001,False
74,16202E,BLACK PHOTO ALBUM,15,7.5,3,3772,3374,0.0001,False
2626,37379A,PINK CHERRY BLOSSOM CUP & SAUCER,6,7.5,1,3772,3601,0.0001,False
2798,62097B,BLUE STRIPES SHOULDER BAG,9,7.47,3,3778,3523,0.0001,False
2489,23633,SET 10 CARDS WORLD CHILDREN 17067,3,7.47,3,3778,3722,0.0001,False
3857,90128A,PINK LEAVES AND BEADS PHONE CHARM,3,7.43,2,3780,3722,0.0001,False
3143,84596g,SMALL CHOCOLATES PINK BOWL,3,7.38,1,3781,3722,0.0001,False
2816,71496B,A4 WALL TIDY RED FLOWERS,13,7.37,4,3782,3418,0.0001,False
15,10124G,ARMY CAMO BOOKCOVER TAPE,17,7.14,4,3783,3340,0.0001,False
4036,90214O,"LETTER ""O"" BLING KEY RING",16,6.82,5,3784,3356,0.0001,False
4043,90214W,"LETTER ""W"" BLING KEY RING",16,6.82,5,3784,3356,0.0001,False
2529,35443,RASTA IN BATH W SPLIFF ASHTRAY,8,6.8,6,3786,3553,0.0001,False
3252,84802B,PURPLE ANEMONE ARTIFICIAL FLOWER,4,6.76,1,3787,3681,0.0001,False
14,10124A,SPOTS ON RED BOOKCOVER TAPE,16,6.72,5,3788,3356,0.0001,False
2792,62074B,ELEPHANT CLIP W SUCTION CUP,16,6.72,4,3788,3356,0.0001,False
2580,35833G,4 GOLD FLOCK CHRISTMAS BALLS,2,6.72,1,3788,3771,0.0001,False
439,21186,WHITE DOVE HONEYCOMB PAPER GARLAND,2,6.72,1,3788,3771,0.0001,False
2464,23604,SET 10 MINI SANTA & SNOWMAN  17087,4,6.64,2,3792,3681,0.0001,False
2660,37491B,BLUE/YELLOW CERAMIC CANDLE HOLDER,4,6.6,1,3793,3681,0.0001,False
159,20678,LARGE BLACK DIAMANTE HAIRSLIDE,4,6.6,1,3793,3681,0.0001,False
3855,90126C,AMBER BERTIE MOBILE PHONE CHARM,2,6.58,1,3795,3771,0.0001,False
3645,85224,ASSORTED COLOUR SILK GLASSES CASE,3,6.3,1,3796,3722,0.0001,False
2674,44089A,PINK GAUZE BUTTERFLY LAMPSHADE,15,6.3,4,3796,3374,0.0001,False
3646,85225,BLING KEY RING STAND,6,6.25,3,3798,3601,0.0001,False
2531,35591T,TURQUOISE CHRISTMAS TREE,5,6.25,4,3798,3632,0.0001,False
475,21228,"POCKET MIRROR ""GLAMOROUS""",5,6.25,2,3798,3632,0.0001,False
2469,23610,SET 10 CARDS CHRISTMAS ROBIN 17095,3,6.24,3,3801,3722,0.0001,False
3898,90152C,BLUE/NAT SHELL NECKLACE W PENDANT,1,5.95,1,3802,3839,0.0001,False
3779,90060B,FIRE POLISHED GLASS NECKL GOLD,1,5.95,1,3802,3839,0.0001,False
3070,84499,BLACK FLOWER CANDLE PLATE,7,5.95,2,3802,3584,0.0001,False
2920,79161A,ST GEORGE SET OF 10 PARTY LIGHTS,2,5.9,2,3805,3771,0.0001,False
2539,35598C,WHITE CHRISTMAS TREE 60CM,2,5.9,2,3805,3771,0.0001,False
2503,23652,SET 10 CARD CHRISTMAS STAMPS 16963,2,5.82,1,3807,3771,0.0001,False
2476,23617,SET 10 CARDS SWIRLY XMAS TREE 17104,2,5.82,1,3807,3771,0.0001,False
2494,23638,SET 10 CARDS ROBIN WATERPUMP  17096,2,5.82,2,3807,3771,0.0001,False
3681,90011C,GREEN CRYSTAL DROP EARRINGS,2,5.8,2,3810,3771,0.0001,False
3790,90067B,BROWN VINTAGE VICTORIAN EARRINGS,2,5.8,2,3810,3771,0.0001,False
2487,23630,SET 10 CARDS HANGING BAUBLES 17080,2,5.48,2,3812,3771,0.0001,False
884,21839,MUMMY MOUSE RED GINGHAM RIBBON,1,5.45,1,3813,3839,0.0001,False
2521,35004P,SET OF 3 PINK FLYING DUCKS,1,5.45,1,3813,3839,0.0001,False
2954,81953P,ROUND ARTICULATED PINK CLOCK W/SUCK,28,5.32,3,3815,3184,0.0,False
306,20964,POLYESTER FILLER PAD 60x40cm,2,5.1,1,3816,3771,0.0,False
2667,37509,NEW ENGLAND MUG W GIFT BOX,2,5.1,2,3816,3771,0.0,False
3886,90142A,GREEN PENDANT SHELL NECKLACE,1,5.09,1,3818,3839,0.0,False
3253,84803A,PINK ALLIUM  ARTIFICIAL FLOWER,3,5.07,1,3819,3722,0.0,False
1003,22034,ROBIN CHRISTMAS CARD,10,5.02,4,3820,3492,0.0,False
3876,90135A,ORANGE/FUSCHIA STONES NECKLACE,1,4.98,1,3821,3839,0.0,False
2501,23649,SET 10 CARDS DECK THE HALLS 16960,2,4.98,2,3821,3771,0.0,False
2765,47593b,SCOTTIE DOGS BABY BIB,6,4.98,1,3821,3601,0.0,False
3860,90128D,PURPLE LEAVES AND BEADS PHONE CHAR,2,4.97,2,3824,3771,0.0,False
3859,90128C,GREEN LEAVES AND BEADS PHONE CHARM,2,4.97,2,3824,3771,0.0,False
3178,84661b,BLACK SQUARE TABLE CLOCK,1,4.96,1,3826,3839,0.0,False
3176,84661a,WHITE SQUARE TABLE CLOCK,1,4.96,1,3826,3839,0.0,False
3804,90081B,LILY BROOCH WHITE/SILVER COLOUR,1,4.95,1,3828,3839,0.0,False
3446,85031B,BLOSSOM IMAGES SCRAP BOOK SET,1,4.95,1,3828,3839,0.0,False
2562,35650,VINTAGE BEAD PINK JEWEL STAND,1,4.95,1,3828,3839,0.0,False
3487,85049d,BRIGHT BLUES RIBBONS,2,4.92,2,3831,3771,0.0,False
3655,85231b,CINAMMON SET OF 9 T-LIGHTS,3,4.92,3,3831,3722,0.0,False
3483,85049b,LUSH GREENS RIBBONS,2,4.92,2,3831,3771,0.0,False
3386,84971l,LARGE HEART FLOWERS HOOK,2,4.92,1,3831,3771,0.0,False
3856,90127A,PINK BEADS+HAND PHONE CHARM,2,4.92,1,3831,3771,0.0,False
3156,84613C,BLUE NEW BAROQUE FLOCK CANDLESTICK,1,4.65,1,3836,3839,0.0,False
2916,79151B,"SILICON CUBE 25W, BLUE",11,4.62,2,3837,3471,0.0,False
2806,71215,METAL BASE FOR CANDLES,11,4.62,2,3837,3471,0.0,False
3014,84206A,3 BLACK CATS W HEARTS BLANK CARD,24,4.56,3,3839,3239,0.0,False
3216,84732D,CUTE RABBIT CEATURE SCREEN,11,4.29,2,3840,3471,0.0,False
1175,22218,CAKE STAND LACE WHITE,1,4.25,1,3841,3839,0.0,False
176,20703,BLUE PADDED SOFT MOBILE,1,4.25,1,3841,3839,0.0,False
2918,79157V,UBO-LIGHT TRIOBASE PURPLE,5,4.25,3,3841,3632,0.0,False
270,20861,GOLD COSMETIC BAG PINK STAR,2,4.2,2,3844,3771,0.0,False
2710,47016,LIGHT DECORATION BATTERY OPERATED,2,4.2,1,3844,3771,0.0,False
1164,22206,"MUG , DOTCOMGIFTSHOP.COM",5,4.17,5,3846,3632,0.0,False
2700,46776b,WOVEN BERRIES CUSHION COVER,1,4.13,1,3847,3839,0.0,False
2704,46776e,WOVEN CANDY CUSHION COVER,1,4.13,1,3847,3839,0.0,False
2760,47591b,SCOTTIES CHILDRENS APRON,1,4.13,1,3847,3839,0.0,False
3106,84536b,FAIRY CAKES NOTEBOOK A7 SIZE,5,4.05,1,3850,3632,0.0,False
2676,44091A,BLUE CRUSOE CHECK LAMPSHADE,9,3.78,3,3851,3523,0.0,False
123,17174,ASSTD RASTA KEY-CHAINS,9,3.78,3,3851,3523,0.0,False
3858,90128B,BLUE LEAVES AND BEADS PHONE CHARM,2,3.76,2,3853,3771,0.0,False
2640,37464,ROBOT MUG IN DISPLAY BOX,3,3.75,2,3854,3722,0.0,False
2930,79192A,RETRO PLASTIC 70'S TRAY,3,3.75,2,3854,3722,0.0,False
3712,90025B,BAROQUE BUTTERFLY EARRINGS RED,1,3.73,1,3856,3839,0.0,False
3714,90025E,BAROQUE BUTTERFLY EARRINGS MONTANA,1,3.73,1,3856,3839,0.0,False
2527,35271S,GOLD PRINT PAPER BAG,19,3.61,2,3858,3311,0.0,False
41,16010,FOLDING CAMPING SCISSOR W/KNIF & S,30,3.6,3,3859,3154,0.0,False
3035,84270,ASSTD DESIGN BUBBLE GUM RING,17,3.57,4,3860,3340,0.0,False
72,16202A,PASTEL PINK PHOTO ALBUM,7,3.5,2,3861,3584,0.0,False
4041,90214U,"LETTER ""U"" BLING KEY RING",12,3.48,1,3862,3441,0.0,False
2917,79157B,UBO-LIGHT TRIOBASE BLUE,4,3.4,2,3863,3681,0.0,False
3251,84802A,WHITE ANEMONE ARTIFICIAL FLOWER,2,3.38,1,3864,3771,0.0,False
3544,85119,WATERING CAN SINGLE HOOK PISTACHIO,1,3.36,1,3865,3839,0.0,False
424,21160,KEEP OUT GIRLS DOOR HANGER,1,3.36,1,3865,3839,0.0,False
3854,90126A,PINK BERTIE MOBILE PHONE CHARM,1,3.36,1,3865,3839,0.0,False
1455,22528,GARDENERS KNEELING PAD,1,3.36,1,3865,3839,0.0,False
2497,23643,SET 10 CARDS CHRISTMAS BAUBLE 16954,1,3.33,1,3869,3839,0.0,False
3100,84534b,FAIRY CAKE NOTEBOOK A5 SIZE,2,3.32,2,3870,3771,0.0,False
3971,90187A,BLUE DROP EARRINGS W BEAD CLUSTER,1,3.32,1,3870,3839,0.0,False
12,10123C,HEARTS WRAPPING TAPE,5,3.25,3,3872,3632,0.0,False
2708,47013A,WINE BOTTLE DRESSING LT.BLUE,14,3.04,4,3873,3392,0.0,False
2462,23602,SET 10 CARDS 3 WISE MEN 17107,1,2.91,1,3874,3839,0.0,False
2485,23628,SET 10 CARDS TRIANGLE ICONS  17220,1,2.91,1,3874,3839,0.0,False
2468,23609,SET 10 CARDS SNOWY ROBIN 17099,1,2.91,1,3874,3839,0.0,False
3959,90183c,BLACK DROP EARRINGS W LONG BEADS,1,2.9,1,3877,3839,0.0,False
3823,90100,NECKLACE+BRACELET SET PINK DAISY,1,2.55,1,3878,3839,0.0,False
4074,m,Manual,1,2.55,1,3878,3839,0.0,True
105,17028J,INCENSE BAZAAR PEACH,6,2.52,1,3880,3601,0.0,False
2547,35609A,PINK FEATHER CHRISTMAS DECORATION,1,2.51,1,3881,3839,0.0,False
2797,62096B,PURPLE/TURQ FLOWERS HANDBAG,2,2.5,1,3882,3771,0.0,False
3741,90037A,TINY CRYSTAL BRACELET RED,1,2.48,1,3883,3839,0.0,False
3012,84201B,HAPPY BIRTHDAY CARD STRIPEY TEDDY,13,2.47,2,3884,3418,0.0,False
3606,85179a,GREEN BITTY LIGHT CHAIN,1,2.46,1,3885,3839,0.0,False
3090,84510e,SET OF 4 GREEN CAROUSEL COASTERS,1,2.46,1,3885,3839,0.0,False
3146,84596l,BISCUITS SMALL BOWL LIGHT BLUE,1,2.46,1,3885,3839,0.0,False
2979,82613a,"METAL SIGN,CUPCAKE SINGLE HOOK",1,2.46,1,3885,3839,0.0,False
3485,85049c,ROMANTIC PINKS RIBBONS,1,2.46,1,3885,3839,0.0,False
2619,37330,BIG POLKADOT MUG,6,2.34,1,3890,3601,0.0,False
2693,46115B,GREEN POP ART MAO CUSHION COVER,12,2.28,2,3891,3441,0.0,False
2894,77079,DOLPHIN WINDMILL,1,2.12,1,3892,3839,0.0,False
3829,90112,PINK DOLLY HAIR CLIPS,2,2.1,1,3893,3771,0.0,False
602,21414,SCALLOP SHELL SOAP DISH,1,2.1,1,3893,3839,0.0,False
2751,47579,TEA TIME BREAKFAST BASKET,1,2.1,1,3893,3839,0.0,False
3595,85170A,SET/6 IVORY BIRD T-LIGHT CANDLES,1,2.1,1,3893,3839,0.0,False
269,20860,GOLD COSMETICS BAG WITH BUTTERFLY,1,2.1,1,3893,3839,0.0,False
2953,81953B,ROUND BLUE CLOCK WITH SUCKER,11,2.09,3,3898,3471,0.0,False
3214,84731,3 BIRDS CANVAS SCREEN,2,2.04,2,3899,3771,0.0,False
655,21491,SET OF THREE VINTAGE GIFT WRAPS,1,1.95,1,3900,3839,0.0,False
1109,22146,EASTER CRAFT IVY WREATH WITH CHICK,1,1.95,1,3900,3839,0.0,False
1269,22323,PINK POLKADOT KIDS BAG,1,1.95,1,3900,3839,0.0,False
3816,90092,BLUE CRYSTAL BOOT PHONE CHARM,1,1.66,1,3903,3839,0.0,False
3112,84550,CROCHET LILAC/RED BEAR KEYRING,1,1.65,1,3904,3839,0.0,False
2507,23664,FLOWER SHOP DESIGN MUG,1,1.65,1,3904,3839,0.0,False
3016,84206C,CHAMPAGNE TRAY BLANK CARD,8,1.52,2,3906,3553,0.0,False
334,21009,ETCHED GLASS STAR TREE DECORATION,1,1.25,1,3907,3839,0.0,False
2638,37461,FUNKY MONKEY MUG,1,1.25,1,3907,3839,0.0,False
3218,84743C,damages,1,1.25,1,3907,3839,0.0,False
3392,84977,WIRE FLOWER T-LIGHT HOLDER,1,1.25,1,3907,3839,0.0,False
2534,35597A,DUSTY PINK CHRISTMAS TREE 30CM,1,1.25,1,3907,3839,0.0,False
2535,35597B,BLACKCHRISTMAS TREE 30CM,1,1.25,1,3907,3839,0.0,False
3127,84569C,PACK 4 FLOWER/BUTTERFLY PATCHES,1,1.25,1,3907,3839,0.0,False
3402,84990,60 GOLD AND SILVER FAIRY CAKE CASES,2,1.1,2,3914,3771,0.0,False
3015,84206B,CAT WITH SUNGLASSES BLANK CARD,5,0.95,1,3915,3632,0.0,False
3013,84201C,HAPPY BIRTHDAY CARD TEDDY/CAKE,5,0.95,1,3915,3632,0.0,False
3810,90084,PINK CRYSTAL GUITAR PHONE CHARM,1,0.85,1,3917,3839,0.0,False
500,21268,VINTAGE BLUE TINSEL REEL,2,0.84,1,3918,3771,0.0,False
2785,51014c,"FEATHER PEN,COAL BLACK",1,0.83,1,3919,3839,0.0,False
3020,84227,HEN HOUSE W CHICK IN NEST,1,0.42,1,3920,3839,0.0,False
4076,PADS,PADS TO MATCH ALL CUSHIONS,3,0.0,3,3921,3722,0.0,True
